time,x,y,yaw,velocity,target_velocity,roll,roll_rate,steering_delta,lateral_error,heading_error,wheel_speed_l,wheel_speed_r
0.0,5.0,-9.6,3.4481971694773254e-38,1202.6719224653164,0.005,-1.54433201363391e-36,-3.91459429081298e-37,4.7164298205716884e-36,0.0,-3.4481971694773254e-38,3.334498981660366e-28,3.3344986971491022e-28
0.01,4.999996114374322,-9.6,-7.607085195304028e-24,0.0003920986504671479,0.01,-9.324407100506102e-24,-9.812155361780062e-21,1.0334229064812048e-20,0.0,7.607085195304028e-24,0.21041661743571455,0.21041661743571455
0.020000000000000004,4.999996889850867,-9.6,-4.1491946426655505e-24,6.984842385522109e-05,0.015,-1.1836331189126085e-22,-1.9836920408550882e-20,2.426380376498391e-20,0.0,4.1491946426655505e-24,0.10548204320310292,0.10548204320310292
0.03,4.999965542296314,-9.6,1.5197177565600513e-22,0.0032051412771700845,0.02,-3.2839693691671714e-22,-2.122990241223738e-20,3.038526613904771e-20,0.0,-1.5197177565600513e-22,1.335206373238363,1.335206373238363
0.04,4.999969905405017,-9.6,3.239073775846946e-22,0.0003041472694831912,0.025,-5.424864759991057e-22,-2.1566540425340196e-20,3.305616925577141e-20,0.0,-3.239073775846946e-22,0.5681152832363395,0.5681152832363395
0.05,4.9998052010769625,-9.6,4.967929843184655e-22,0.017109877885314113,0.030000000000000002,-7.607326762771511e-22,-2.2019370850275402e-20,3.482564413740234e-20,0.0,-4.967929843184655e-22,6.94414350083585,6.94414350083585
0.060000000000000005,4.999828921561943,-9.6,6.682352567775312e-22,0.00128870252231786,0.035,-9.8423783455986e-22,-2.258654897285331e-20,3.646127331548962e-20,0.0,-6.682352567775312e-22,3.2732614305467944,3.2732614305467944
0.07,4.999675733168335,-9.6,8.4120020996336005e-22,0.01711370028020627,0.04,-1.2142064247509799e-21,-2.3278099158214355e-20,3.820517607133659e-20,0.0,-8.4120020996336005e-22,8.087097142399932,8.087097142399932
0.08000000000000002,4.999706518809813,-9.6,1.0117494589505686e-21,0.0006811184895974564,0.045,-1.4518618627164389e-21,-2.409592785729509e-20,4.013819930065719e-20,0.0,-1.0117494589505686e-21,3.19565866995823,3.19565866995823
0.09000000000000001,4.999557679082362,-9.6,-1.8050684990805807e-21,0.018201796417843082,0.049999999999999996,-1.2650061885880155e-20,-2.5606575258299254e-18,2.7374787919927957e-18,0.0,1.8050684990805807e-21,8.054649850128813,8.054649850128813
0.1,4.999591144966304,-9.6,-3.833474410303096e-21,0.0007399284570843396,0.05499999999999999,-4.01727762760841e-20,-2.5595609932900216e-18,3.6241536997809316e-18,0.0,3.833474410303096e-21,3.352219334035511,3.352219334035511
0.11000000000000001,4.999443967809772,-9.6,-2.6779274555997654e-21,0.019940951372942196,0.05999999999999999,-6.308898056914386e-20,-1.8478000114086735e-18,3.206384441726224e-18,0.0,2.6779274555997654e-21,8.67348020930156,8.67348020930156
0.12000000000000001,4.999478462211454,-9.6,3.0382726701953908e-21,0.002715081226634431,0.06499999999999999,-8.200142741441212e-20,-1.9232462261833614e-18,3.209512705897879e-18,0.0,-3.0382726701953908e-21,3.8906344540889406,3.8906344540889406
0.13,4.999331931596791,-9.6,7.656164425752421e-21,0.022175771428000226,0.06999999999999999,-1.016325393878865e-19,-1.999649232879588e-18,3.342764645365109e-18,0.0,-7.656164425752421e-21,8.263895688850871,8.263895688850871
0.14,4.999366826613135,-9.6,1.1957751768733481e-20,0.00515095984814716,0.075,-1.221941031513204e-19,-2.0996190906272412e-18,3.542697524598872e-18,0.0,-1.1957751768733481e-20,3.533409895242677,3.533409895242677
0.15,4.999220554822388,-9.6,1.533183703538734e-20,0.02485014823058716,0.08,-1.437381074663039e-19,-2.2035445524552274e-18,3.770263559059815e-18,0.0,-1.533183703538734e-20,8.195870505665491,8.195870505665491
0.16,4.99925560964777,-9.6,1.8343381526357405e-20,0.008013724709998995,0.085,-1.6649350532420125e-19,-2.3331991215115984e-18,4.036860427034356e-18,0.0,-1.8343381526357405e-20,3.770465319666113,3.770465319666113
0.17,4.999109447523575,-9.6,2.0513065877682973e-20,0.02794369434157039,0.09000000000000001,-1.9306690297266472e-19,-3.3288434205228176e-18,5.235828469918672e-18,0.0,-2.0513065877682973e-20,8.405354648610766,8.405354648610766
0.18,4.999144569032729,-9.6,2.237428726294488e-20,0.01129103638973773,0.09500000000000001,-2.2748261188093355e-19,-3.5348311678299035e-18,5.90766333657146e-18,0.0,-2.237428726294488e-20,4.056500442877777,4.056500442877777
0.19,4.998998458797217,-9.6,2.4593252146449565e-20,0.03144895634098931,0.10000000000000002,-2.641065516389955e-19,-3.767521677809738e-18,6.455456960880979e-18,0.0,-2.4593252146449565e-20,8.593856035743462,8.593856035743462
0.2,4.9990336106903115,-9.6,2.6349774147445843e-20,0.01497836745853745,0.10500000000000002,-3.0322017288569467e-19,-4.031137788454713e-18,7.005941809046219e-18,0.0,-2.6349774147445843e-20,3.664474869551857,3.664474869551857
0.21,4.998887529860231,-9.6,2.741866083914106e-20,0.03536319170019696,0.11000000000000003,-3.450475416219007e-19,-4.31669756587976e-18,7.588501107964955e-18,0.0,-2.741866083914106e-20,8.438137864816616,8.438137864816616
0.22,4.999162077302796,-9.599981282535405,8.682177910094596e-09,0.006307942864090059,0.11500000000000003,-4.5852184191649814e-05,-0.005853470350280177,0.006248562326467778,-1.8717464595141564e-05,-8.682177910094596e-09,3.9918242463524325,3.9918242463619444
0.23,4.999608817484394,-9.599947198730575,5.191811905151396e-06,0.02187399171742685,0.12000000000000004,-0.00014049821535355294,-0.011737808392609376,0.01451655482271139,-5.2803874076801094e-05,-5.191811905151396e-06,8.488885235559987,8.48888523556457
0.24,5.000329423642263,-9.599897832057156,1.036529308761354e-05,0.04368976021066968,0.12500000000000003,-0.00028305974717551075,-0.014910864544427192,0.0206562174656882,-0.00010372548641512935,-1.036529308761354e-05,3.5078866077018045,3.507886607724589
0.25,5.000981843215299,-9.599841384590043,1.4409673566481367e-05,0.03674628872451671,0.13000000000000003,-0.0004469942349395335,-0.017783308502084774,0.025891713581921463,-0.00016172499788247308,-1.4409673566481369e-05,8.37593876392939,8.375938763945431
0.26,5.001848982736921,-9.599779233409365,2.2592667995406873e-05,0.05624810405158479,0.13500000000000004,-0.0006441105861583782,-0.019332161501875045,0.02955293512342657,-0.0002250894927051661,-2.259266799540687e-05,4.044201064071792,4.04420106409812
0.27,5.002628360855729,-9.599717085801936,2.299670159723396e-05,0.048540444310904506,0.14000000000000004,-0.0008368635018915021,-0.019824782364990304,0.031621454211274824,-0.00028969199846073934,-2.299670159723396e-05,8.220465978479547,8.220465978500695
0.28,5.006299882447396,-9.600007164549572,0.0006210303094214938,0.3572811570658822,0.14500000000000005,-6.244180339313507e-05,-0.03471419789355319,0.0456853846652248,2.655390929362511e-07,-0.0006210303094214937,3.8960210433174476,3.8960210434132256
0.29000000000000004,5.010520262842437,-9.59996373133815,0.0010851256746326607,0.41832269608459605,0.15000000000000005,-0.0005797414709337284,-0.025280859732539282,0.04086713815945413,-0.00022257774270073583,-0.0010851256746326607,8.155247999895789,8.155247999964947
0.3,5.014650906552862,-9.600182862760654,0.0009241533051552699,0.41285497027312085,0.15500000000000005,0.00020821396954893415,0.03998490726295875,-0.03110957509317315,-0.00014267487784813682,-0.0009241533051552699,3.1499537636434494,3.1499537642687483
0.31,5.01804836663836,-9.599952460937464,0.0006249930311863489,0.3405482512097157,0.16000000000000006,-0.00016381459310402144,0.046868864260538025,-0.05890205176261784,-0.00032478501461774556,-0.0006249930311863489,8.035539698780225,8.03553969915085
0.32,5.021815297236467,-9.59990843245918,0.00011431865948093225,0.37670671508179826,0.16500000000000006,0.00016910816409167832,0.008826358401246898,-0.02781069376334952,-0.0002790654379687396,-0.00011431865948093225,3.901873292184614,3.9018732924588755
0.33,5.025725739897192,-9.59989845901268,-0.00032124463390292515,0.39108642084954715,0.17000000000000007,0.0005315706992372419,0.029080660182610872,-0.040292464128484334,-0.00013583658508942165,0.00032124463390292515,8.632194823758807,8.63219482392373
0.34,5.029977076457222,-9.599789950875483,-0.0005543593817449355,0.4252586515921963,0.17500000000000007,0.0004186249736678629,-0.1049283296815631,0.05970753587151567,-0.00011367573600296055,0.0005543593817449355,3.8733721950063473,3.8733721950810156
0.35000000000000003,5.034399584157331,-9.599833527433852,-0.0008588109155168315,0.4422869419080187,0.18000000000000008,0.000996579225334472,0.01515722946492959,0.011052013541706776,-1.647601433063528e-07,0.0008588109155168315,8.145279637623421,8.14527963786754
0.36,5.039124209913653,-9.599651144253272,-0.0007655651941906021,0.47280966084253545,0.18500000000000008,0.0003644052258498572,-0.13940390270961708,0.11105201354170678,-9.12125037437761e-05,0.0007655651941906021,3.7503699039872753,3.7503699027206103
0.37,5.0438431963246355,-9.599739235184273,-0.0006427453766229634,0.4719804167736008,0.19000000000000009,0.0006189518880427451,0.060515070162720126,0.011052013541706776,-3.1095279902970674e-05,0.0006427453766229634,8.008611158562225,8.008611158417965
0.38,5.048666521606403,-9.59971289184587,-0.00024151156083599784,0.48233781249078883,0.1950000000000001,0.0001819254533929379,-0.0011891559230170926,-0.005237595869984055,-9.42845544198434e-05,0.0002415115608359978,3.802778088408796,3.802778088219426
0.39,5.053584135725793,-9.599850310705847,0.00017410725888921473,0.4919854323124445,0.2000000000000001,0.00021894941199247607,-0.03870435349016279,0.03824480930000072,-7.723582660723594e-05,-0.00017410725888921476,8.030524086269692,8.030524086092509
0.4,5.058835228356726,-9.599944704224074,0.0005620172264852901,0.525180481744753,0.2050000000000001,0.00018126846272266823,0.025137021747623212,-0.01594302596819526,-0.00010752795332891196,-0.0005620172264852901,3.343570587440572,3.343570587526362
0.41000000000000003,5.064246807323294,-9.599913197007632,0.000892573137590315,0.5412002718933837,0.2100000000000001,-0.0003355302226986659,-0.014421889659160032,0.010392113067070607,-0.00025540815143720863,-0.000892573137590315,8.116494830049797,8.116494830070904
0.42000000000000004,5.069981602637652,-9.600029154541154,0.0009297149692857135,0.5735842179564958,0.2150000000000001,1.6666816813735277e-05,0.11762131816284205,-0.0896078869329294,-0.00023861736456787241,-0.0009297149692857135,3.935722278846081,3.935722278851602
0.43,5.075880761251209,-9.599969799299664,0.0010662568734059945,0.5899536215838082,0.2200000000000001,-0.00045782940466918215,-0.0008448220942363375,-0.03531419621499031,-0.00030911515094089737,-0.0010662568734059945,8.545881219096655,8.545881218926572
0.44,5.082061995029025,-9.60008188599375,0.0009206684947050452,0.6182216792984966,0.22500000000000012,4.489836736197514e-05,-0.006614138903384285,-0.004673951159118787,-0.0002379910076584224,-0.0009206684947050451,4.115257459756411,4.115257459966878
0.45,5.088987911934211,-9.599799571786178,0.0011072211985904009,0.6933717410415464,0.23000000000000012,-0.0005574972468100867,0.062248670274971205,-0.06647073889705239,-0.00047662872321296845,-0.0011072211985904009,8.61719516331075,8.617195163563693
0.46,5.096464051204013,-9.59975533258332,0.0008692030320887365,0.7477358333969301,0.23500000000000013,-0.0003461257876865056,0.01744625041496352,-0.038483557750301337,-0.0005768337083882358,-0.0008692030320887365,3.6737455052004293,3.673745505300899
0.47000000000000003,5.1037589239975665,-9.599719235526994,0.0006168035967685114,0.7294830709814906,0.24000000000000013,-0.00016064875925349297,0.01924469901437988,-0.032285578510357314,-0.000541525349797567,-0.0006168035967685114,8.17774429283704,8.17774429287695
0.48000000000000004,5.111098096112446,-9.599648375569458,8.71838904923621e-05,0.7340200977697905,0.24500000000000013,0.0001221410997026518,0.005531292325143618,-0.016442714026173876,-0.0005366654978384844,-8.71838904923621e-05,3.8772180923312387,3.8772180913941865
0.49,5.1183540081728705,-9.599803526963216,-0.000438388450611904,0.7257991188320153,0.2500000000000001,0.00076962920849648,0.003492299171152355,-0.010675743457708248,-0.0002226282038986227,0.000438388450611904,8.061648965552253,8.061648965137946
0.5,5.126165129116794,-9.599822431446857,-0.0006330279993958923,0.7811190726918087,0.2550000000000001,0.0009204677883285159,-0.06426864222986539,0.0620963380530246,-4.6052022172560214e-05,0.0006330279993958924,3.5312930721236464,3.5312930719896083
0.51,5.134135293233652,-9.599800128306908,-0.0006475619137117504,0.7970263362097956,0.2600000000000001,0.0009176301018568591,-0.0013077116911585748,0.01787028376671629,-9.963305956262047e-06,0.0006475619137117504,8.194985418241874,8.19498541824637
0.52,5.142418362835777,-9.599647444019089,-0.0004441117932571,0.8284527171501035,0.2650000000000001,0.00025703171865854913,-0.14359601140095501,0.1178702837667163,-0.00015828742037449217,0.0004441117932571,3.6905660518159595,3.690566051813802
0.53,5.1508543779727916,-9.599784218869901,-0.0004936958296110469,0.8437133964943437,0.27000000000000013,0.0008454261207221924,-0.01587281091333832,0.06122348455542791,-8.254759650050403e-05,0.0004936958296110469,8.448501655382367,8.448501654610222
0.54,5.159563380927938,-9.59965223350908,-0.00014440366028240878,0.8710055933732177,0.27500000000000013,0.00012858190656363932,-0.03638386726493587,0.05610646068293587,-0.00019965774805363878,0.00014440366028240878,3.996385627310282,3.9963856267632982
0.55,5.168415367945477,-9.599744269717013,4.051691892585657e-07,0.8852529463697747,0.28000000000000014,0.0004586790834192816,-0.017420624978543055,0.03362129233372755,-0.000212409185053275,-4.051691892585657e-07,8.66607616545386,8.666076165209688
0.56,5.177569786431075,-9.599730170944072,0.0002518300135922233,0.9154479537980743,0.28500000000000014,0.00025841322214445445,0.01920748734311863,-0.01125306148598524,-0.0002699506066843327,-0.0002518300135922233,4.092145971528226,4.092145971403525
0.5700000000000001,5.186848423211085,-9.59976332575109,0.0003800244596017418,0.927877474440826,0.29000000000000015,0.0002894762600220691,-0.007562174590136798,0.003175725889266892,-0.00031222325218926983,-0.0003800244596017418,8.241567811230684,8.24156781112186
0.5800000000000001,5.196414002252813,-9.59977849856398,0.0004641345849202941,0.9565651078752124,0.29500000000000015,0.0003226312981706251,0.00040101163290644774,-0.001028979070939096,-0.0003355087711565119,-0.0004641345849202941,4.110851077625814,4.110851077576909
0.5900000000000001,5.2060807077516165,-9.599744175964123,0.0005541240709306185,0.9666865386524011,0.30000000000000016,0.00021237820612584116,0.0011141926477864787,-0.0028493833153556574,-0.0003950644063532849,-0.0005541240709306185,8.707110417977294,8.707110417952821
0.6,5.2160607739912175,-9.59977798636219,0.0005503557245310766,0.9980188344171033,0.30500000000000016,0.00042855876414295497,0.005366090182606785,-0.008453904321550756,-0.00038825085058213915,-0.0005503557245310766,3.904695928342735,3.904695928443255
0.61,5.226136189461943,-9.59971355304112,0.0005768477442678302,1.007573263758025,0.31000000000000016,0.000265733884428953,0.005941261126148629,-0.010360536844731765,-0.0004515536679043919,-0.0005768477442678302,8.351112745670351,8.351112745745207
0.62,5.236537477679068,-9.599747435547078,0.0005061685493393646,1.0401411222135157,0.31500000000000017,0.0005262627691228803,0.013052383599109534,-0.01905266280448471,-0.0004256187666040745,-0.0005061685493393646,3.953522170770528,3.9535221709544524
0.63,5.247030126307086,-9.599696599988343,0.0004665196809441508,1.0492909832497448,0.3200000000000002,0.00041625066659666833,0.009629152392422057,-0.017757609638436717,-0.0004552505699741971,-0.0004665196809441508,8.3715279905112,8.371527990627612
0.64,5.257866853993326,-9.599697915668832,0.00038732835674000135,1.0836797725833511,0.3250000000000002,0.000570232663872341,-0.00013579895936885193,-0.0074769493469077596,-0.0004420402303733084,-0.00038732835674000135,3.397354837384068,3.397354837621662
0.65,5.26877187854318,-9.59965885386666,0.0003825954795446835,1.0905195172111761,0.3300000000000002,0.0005225764618765148,0.0036923147880783018,-0.008290326769221458,-0.00045734463745539244,-0.0003825954795446835,8.515432264491817,8.515432264602202
0.66,5.279986421616592,-9.599670599736818,0.0003667269224390201,1.1214603581772626,0.3350000000000002,0.0006540316293539177,-0.008624218152444957,0.0040546810569106195,-0.0004441789042441968,-0.0003667269224390201,4.025843573226189,4.025843573293306
0.67,5.291283638644514,-9.599629440174724,0.00041398760886812556,1.1297383251554847,0.3400000000000002,0.0005677161332334458,0.0009056249091615362,-0.0020730481828428555,-0.0004805778995411458,-0.00041398760886812556,7.919781370047307,7.919781370092103
0.68,5.302876646118803,-9.599661799642583,0.00040383289274834115,1.1593098025673731,0.3450000000000002,0.0007513459129611701,-0.006367070818905718,0.003235416598598672,-0.00046239663653047103,-0.0004038328927483412,3.3967227607912673,3.3967227608321995
0.6900000000000001,5.314575474927459,-9.599609266669273,0.00045120629942461857,1.1699061310219414,0.3500000000000002,0.0005986752015983607,0.002738253447435119,-0.0043827551040885445,-0.0005118831952586334,-0.00045120629942461857,8.138718834567916,8.13871883461197
0.7000000000000001,5.3265862849573855,-9.599648212813209,0.00042113793658282885,1.201092219717814,0.3550000000000002,0.0008455518754313841,0.004284965414955823,-0.008939380488910261,-0.0004871490720255167,-0.0004211379365828288,3.945014587033636,3.945014587148711
0.7100000000000001,5.338671763233514,-9.599578413527215,0.00041251566278815505,1.2085795070895209,0.3600000000000002,0.0006846230512832272,0.010682338672404838,-0.016621414775248918,-0.0005479278500253315,-0.00041251566278815505,8.089996058670172,8.0899960587718
0.7200000000000001,5.35106715187044,-9.599594163049941,0.00030956905465909923,1.2395447173470717,0.3650000000000002,0.0009287028048673635,-0.0011036443314380582,-0.00714493528386091,-0.0005295916453853522,-0.00030956905465909923,3.8385977532228974,3.838597753326109
0.73,5.3635379446716716,-9.5995411869477,0.0002588293410651919,1.2471020016589625,0.3700000000000002,0.0008750056577252643,0.010465275674212396,-0.016284535010142716,-0.0005516837672132624,-0.0002588293410651919,8.045501016441829,8.045501016536775
0.74,5.376315413021415,-9.599532005655279,0.0001908365292743516,1.2777517475328022,0.3750000000000002,0.0010015581719230694,-0.001751301896643379,-0.006499657450599125,-0.0005456431461734468,-0.0001908365292743516,3.7107364056377814,3.7107364056760863
0.75,5.38915347586401,-9.599520347467298,0.0001508236070735561,1.2838171247342736,0.3800000000000002,0.0009965818169183076,0.0003372516147837631,-0.005710407628016859,-0.0005369034911364423,-0.0001508236070735561,8.27001432504178,8.270014325067722
0.76,5.402284688465027,-9.599528765922386,0.00013576034403964865,1.3131252530103923,0.38500000000000023,0.0010298575890454974,-0.00187498441033183,-0.0032157081257605975,-0.0005164811595630425,-0.00013576034403964865,3.721937163481013,3.7219371634924756
0.77,5.415479173496637,-9.599519835759725,0.00013772226020018562,1.3194592898418673,0.39000000000000024,0.001006518950149316,0.00029655158064599514,-0.004689847024221286,-0.000520892343361723,-0.00013772226020018562,8.078629041813679,8.078629041820442
0.78,5.428963436433275,-9.599528651542101,0.000133197825254732,1.3484301259904787,0.39500000000000024,0.0010559653250473988,-0.0021841422799840004,-0.0026556575419469583,-0.0005126651358278167,-0.00013319782525473197,4.035362974700598,4.035362974705018
0.79,5.442507144646907,-9.599507584498193,0.00016002528869126122,1.3543828948378467,0.40000000000000024,0.0010190680305961263,0.00034618274153980666,-0.004636966990933781,-0.0005323748492642721,-0.00016002528869126122,8.127772556841215,8.127772556844194
0.8,5.456338367319451,-9.599522371217079,0.00016643744414727594,1.3831263449226814,0.40500000000000025,0.0011129087717016573,-0.0024568574622863167,-0.002549952786293346,-0.0005256363693231236,-0.00016643744414727594,3.855224197537549,3.855224197540583
0.81,5.47023503438777,-9.599490687098852,0.00019151515438249283,1.3896814688490677,0.41000000000000025,0.0010265293557455968,0.0009309994749023359,-0.005287303124524758,-0.0005592441341608634,-0.00019151515438249283,8.13729222007246,8.137292220095354
0.8200000000000001,5.484423899998438,-9.599511223009726,0.00018958538875572171,1.4188913181114122,0.41500000000000026,0.001171754446030359,-0.0026409268420253228,-0.0027527623178198817,-0.0005462315362372294,-0.00018958538875572171,3.9444180905362534,3.9444180905490716
0.8300000000000001,5.498674537396306,-9.599472143015666,0.00020669545464856336,1.425080182544282,0.42000000000000026,0.0010678876414978312,0.002955416333652615,-0.0076241142509762706,-0.0005847326006200859,-0.00020669545464856336,8.36772138945506,8.367721389486073
0.8400000000000001,5.513215344362575,-9.599492530712535,0.00018787468521692916,1.4540853346148135,0.42500000000000027,0.0012276314840460577,-0.0028469584459250657,-0.0034150512000388966,-0.0005694779234168834,-0.00018787468521692916,3.5746509503222743,3.574650950337274
0.8500000000000001,5.527813494680459,-9.599449789996862,0.00019026982826290668,1.4598321623548505,0.43000000000000027,0.0011302360263494172,0.004892634455005348,-0.01004108328894902,-0.0006065724083708091,-0.00019026982826290668,8.213114228836039,8.21311422886936
0.8600000000000001,5.542699781913086,-9.599465909240815,0.00015033038749999428,1.4886326774846657,0.4350000000000003,0.001274460189435021,-0.0033071968738326977,-0.0037829874096142703,-0.0005911717073203704,-0.00015033038749999428,3.5132387723884753,3.5132387724036387
0.87,5.557638985031305,-9.59943362407229,0.0001457381005783204,1.4939343910403449,0.4400000000000003,0.0011977313051981754,0.0025765011451092837,-0.007885129032404853,-0.0006114750437902217,-0.0001457381005783204,8.30828928372283,8.308289283751352
0.88,5.5728618998020645,-9.599450490697597,0.00012425146600178596,1.5222953163981752,0.4450000000000003,0.0013013868531906304,-0.0033350033022697804,-0.0031699929063900576,-0.000593230732421901,-0.00012425146600178596,3.7379407020340554,3.737940702047524
0.89,5.588135191958322,-9.599423660123492,0.00013800877684602277,1.5273419953548477,0.4500000000000003,0.0012257785436469936,0.0002974725430905378,-0.0053872753286343675,-0.0006136153162117353,-0.00013800877684602277,8.08567262591513,8.085672625940086
0.9,5.603688887163772,-9.599443253185827,0.00013019616630568354,1.5553735358468022,0.4550000000000003,0.0013298366730740293,-0.0035017963936437007,-0.0023377557185805284,-0.0005981494470947979,-0.00013019616630568354,3.644860150445972,3.6448601504581144
0.91,5.619291280978112,-9.599414560662126,0.0001507287941094919,1.5602523436587907,0.4600000000000003,0.0012378222941917306,0.00032424467647768567,-0.005221384637487255,-0.000624498187654865,-0.00015072879410949193,8.430346616927961,8.430346616950228
0.92,5.635171981034898,-9.599437253816337,0.00014008470280737323,1.5880743258364973,0.4650000000000003,0.0013567406566367237,-0.0036585508338827636,-0.0022180968191266434,-0.0006079648217252043,-0.00014008470280737323,3.9883951106231823,3.988395110635003
0.93,5.651099233846857,-9.599400426247437,0.00014301648578194742,1.5927397609509584,0.4700000000000003,0.001275432573910742,0.0042006468135312525,-0.009373718443169215,-0.000641599163268225,-0.00014301648578194742,8.108134337758317,8.108134337785403
0.9400000000000001,5.667302770366874,-9.599414120421415,0.00011322520205831092,1.620356863772674,0.4750000000000003,0.001396478270271775,-0.003919705383299978,-0.0033032715873580936,-0.0006287845241725876,-0.00011322520205831092,3.846580893594052,3.8465808936070083
0.9500000000000001,5.683548339460079,-9.599388213229052,0.00011568754619535998,1.6245689213440724,0.4800000000000003,0.0013221178145262327,0.0005661464943471803,-0.006002967917779078,-0.0006457543314937197,-0.00011568754619535997,7.929987443749675,7.929987443776126
0.9600000000000001,5.700066259267261,-9.599405552583864,0.00010306251062516824,1.651795380701539,0.4850000000000003,0.001413381361406773,-0.0041121101693503675,-0.0021359068478349298,-0.000629153679916783,-0.00010306251062516824,4.060778682053128,4.060778682067042
0.9700000000000001,5.716595923750606,-9.599384087723514,7.608218073705826e-05,1.652975453524802,0.4900000000000003,0.001358723246970141,0.0031313826441900306,-0.008427676378651827,-0.0006468310296181556,-7.608218073705826e-05,8.51490544119592,8.514905441268684
0.9800000000000001,5.733365317407965,-9.599391951320447,3.840212117508913e-05,1.6769411004931107,0.49500000000000033,0.0014036055995155685,-0.004284675075357615,-0.002617170475567287,-0.0006308733337512251,-3.840212117508914e-05,4.102305857138248,4.102305857173337
0.99,5.750045198742196,-9.599391368434294,1.9630355510753673e-06,1.6679900812645274,0.5000000000000003,0.0013929201069556717,0.00014072308629202473,-0.0054631235183325065,-0.0006201522020550243,-1.9630355510753673e-06,8.53057587041466,8.530575870455237
1.0,5.7668833340146115,-9.599384664096046,1.909495243993326e-05,1.6838130105605287,0.5050000000000003,0.001409877659022641,0.004041462103220869,-0.010471846924588211,-0.0006159248146193619,-1.909495243993326e-05,3.708244329022209,3.708244329042801
1.01,5.7836365346740966,-9.599384837425232,1.8033054769532982e-06,1.675320971674648,0.5100000000000003,0.0014079662681324699,1.0292439392101997e-05,-0.007734072802843203,-0.0006208910604996731,-1.8033054769532982e-06,8.455523720371989,8.455523720418432
1.02,5.800503912946267,-9.599382327828241,8.442891335601605e-06,1.686736811993179,0.5150000000000003,0.0014119202714950438,0.0019154234267133375,-0.008930290253931801,-0.000618213163400938,-8.442891335601603e-06,3.1550740934867427,3.1550740935026322
1.03,5.817280335393704,-9.599366536883114,-1.2168140669757704e-05,1.6776434582691724,0.5200000000000004,0.0014110888320350537,0.002537073478771589,-0.009944771109134356,-0.0006359959842860974,1.2168140669757704e-05,7.829137487374662,7.8291374874623765
1.04,5.834157801788487,-9.599368055918834,-3.576613059339833e-05,1.6877454986173714,0.5250000000000004,0.001414456723974965,-0.0022051099528439424,-0.005260510247563717,-0.0006282936389645499,3.576613059339833e-05,3.443554028227916,3.4435540282646673
1.05,5.8509489967134884,-9.59937934211491,-6.508035979875468e-05,1.6791202960983183,0.5300000000000004,0.0014269058111755042,-1.0682222542845805e-05,-0.006165853972597595,-0.0006099280459146428,6.508035979875468e-05,8.350384942973484,8.350384942992262
1.06,5.867832443552726,-9.599352185893952,1.060533409853625e-05,1.6883457430569915,0.5350000000000004,0.0014841952010247032,0.011395783396232458,-0.018645609339028212,-0.0006282899981222556,-1.060533409853625e-05,3.5677646655537445,3.5677646655636073
1.07,5.884627510065471,-9.599325548254228,6.400176870928255e-08,1.6795091138639218,0.5400000000000004,0.0015214641725569795,0.005027586010755934,-0.0158439223163062,-0.0006776333460010164,-6.400176870928255e-08,7.800814330626313,7.800814330717327
1.08,5.901511608282312,-9.599319917176764,-2.3915442845966275e-05,1.6884087375068706,0.5450000000000004,0.0015356419435077848,-0.0013972815075960637,-0.00828622205345566,-0.000680102023766338,2.391544284596628e-05,3.6135433505015473,3.613543350541739
1.09,5.918308626494977,-9.599331064380634,-5.4515523963338445e-05,1.6797025553759746,0.5500000000000004,0.0015505759586378392,-4.3027111339575675e-05,-0.007453966574895236,-0.0006617609865138263,5.451552396333844e-05,8.597011778931341,8.59701177895649
1.1,5.935193847954678,-9.599301358568402,2.1243670313232163e-05,1.6885235892093573,0.5550000000000004,0.0016101889173385688,0.012025400765751733,-0.020116099693101325,-0.0006822867744169514,-2.124367031323216e-05,3.7333141584418184,3.733314158454021
1.11,5.951990590484693,-9.59926934555851,5.402130053885465e-06,1.6796776346870703,0.5600000000000004,0.001654221289008552,0.006363312582718393,-0.018130437690185904,-0.000737027542584201,-5.402130053885465e-06,8.279454542758371,8.27945454285289
1.1199999999999999,5.968875418560462,-9.599258571423942,-2.208084931902597e-05,1.6884819556554607,0.5650000000000004,0.001679252297050928,-0.0005042355170498902,-0.010383772183302928,-0.0007430492150746204,2.208084931902597e-05,3.92198348469887,3.9219834847425106
1.1300000000000001,5.985672926297233,-9.599269303473578,-5.4398810189762145e-05,1.6797514763917656,0.5700000000000004,0.0016982358200699622,-8.230251873705666e-05,-0.008526175632816373,-0.0007240722716268522,5.439881018976215e-05,8.358341024735347,8.358341024769853
1.14,6.002558484104598,-9.599238751306185,2.130869186317289e-05,1.6885573654163777,0.5750000000000004,0.0017551279908621065,0.012026282678176639,-0.02091586452462668,-0.0007449290507661743,-2.130869186317289e-05,3.461088345067183,3.461088345082317
1.15,6.019355683671223,-9.599209059917536,9.852671191333477e-07,1.6797229062347814,0.5800000000000004,0.0018004646197013264,0.00571135347702395,-0.018162346257815456,-0.0007973326900216904,-9.852671191333477e-07,8.288610132246466,8.288610132344207
1.16,6.036241491475069,-9.599205454565768,-3.953866042099926e-05,1.6885796068111318,0.5850000000000004,0.0018111294910818098,-0.0033894231220281054,-0.0077849609801970525,-0.0007948410143683304,3.953866042099926e-05,3.8073028273891194,3.8073028274315877
1.17,6.053039083866207,-9.599219466105241,-7.850485357388916e-05,1.679760207698655,0.5900000000000004,0.0018331368622001858,-0.00014343625522961274,-0.008102325725878637,-0.0007686722966351311,7.850485357388916e-05,8.494871174325516,8.494871174346121
1.18,6.069924736153914,-9.599186188001648,4.5160440958280647e-07,1.6885672960417513,0.5950000000000004,0.0018793525042024905,0.011972143889478542,-0.021125136486941185,-0.0007902605423044662,-4.516044095828064e-07,4.016794089122815,4.016794089133846
1.19,6.086723008905104,-9.59916319115518,-1.6578457265172632e-05,1.6798292325649729,0.6000000000000004,0.0019210152860171866,0.004506317909343283,-0.01734126711124416,-0.0008369443261422305,1.6578457265172632e-05,8.008845724645438,8.00884572474784
1.2,6.103608305615736,-9.599160269560715,-5.7393253558448385e-05,1.688528473077643,0.6050000000000004,0.001896223452505964,-0.002897511921203497,-0.008337571824951578,-0.0008347569021065482,5.7393253558448385e-05,3.696176398895227,3.696176398939086
1.21,6.120403734003891,-9.599175235158114,-8.645014862610323e-05,1.679543836878495,0.6100000000000004,0.0019427026423511748,-0.00014195364819962437,-0.008627242239052039,-0.0008075468658272911,8.645014862610323e-05,7.985951752231823,7.985951752279998
1.22,6.1372888834452395,-9.599139318742932,-3.97137127453697e-06,1.6885175395518317,0.6150000000000004,0.0019786375035022877,0.012059244977899277,-0.021709832221986098,-0.0008347462125115612,3.97137127453697e-06,3.6031648253174335,3.603164825341367
1.23,6.154087816265514,-9.599128526148737,-2.097312407449341e-05,1.6798940256811574,0.6200000000000004,0.002005724338305754,0.0014582695568530382,-0.014603071100863306,-0.0008702824398802989,2.097312407449341e-05,8.149708635729972,8.149708635851134
1.24,6.170973403749134,-9.599118072515916,-6.701124426017953e-06,1.6885578600252509,0.6250000000000004,0.002023570344031914,0.003516070666400715,-0.014701283825735958,-0.0008756355468619859,6.701124426017952e-06,3.949609646420368,3.9496096464763997
1.25,6.187771570473553,-9.599125930190082,-3.6390594037066555e-05,1.6798172495276906,0.6300000000000004,0.0020231076885460857,-6.097999082304135e-05,-0.010958705053793085,-0.0008720594725897257,3.639059403706656e-05,8.091917346638988,8.091917346708355
1.26,6.204657143015774,-9.599097992749197,3.3416491208754295e-05,1.6885583687439272,0.6350000000000005,0.002095595372206198,0.012181696006170932,-0.022962779981243936,-0.0008910900725940252,-3.3416491208754295e-05,3.291842753677704,3.2918427537069963
1.27,6.221452992873175,-9.59905482002592,3.04104246332006e-06,1.6795908620079496,0.6400000000000005,0.002159538428705772,0.009798610229083987,-0.024277535456380304,-0.0009552049214409664,-3.04104246332006e-06,8.094866371005153,8.094866371113378
1.28,6.238337538154982,-9.599032260308938,-3.966867565076303e-05,1.6884548115235638,0.6450000000000005,0.002194678686826917,0.001007699761178486,-0.015526144638017663,-0.0009686520038005852,3.966867565076304e-05,3.9266789803102253,3.926678980359221
1.29,6.2551315565931835,-9.599039845953206,-6.759099476933511e-05,1.6794023187114133,0.6500000000000005,0.002242904012902991,-0.00012171739903671394,-0.011824460818727177,-0.0009482534441023205,6.759099476933512e-05,8.278213090326679,8.278213090420557
1.3,6.272014416363587,-9.59900591960996,1.223858081170072e-05,1.6882881609602778,0.6550000000000005,0.0022896341853758397,0.012218414170164596,-0.023883490454465826,-0.0009738030916253138,-1.223858081170072e-05,4.003339972049858,4.003339972098891
1.31,6.2888117055321295,-9.598984256501573,-1.2191131396232776e-05,1.6797307136914728,0.6600000000000005,0.0023326032195254876,0.004659431628557017,-0.01971207077434809,-0.0010194150726690054,1.2191131396232776e-05,8.114383088373511,8.11438308849683
1.32,6.305696593541697,-9.598971331187247,-3.1571382337964857e-05,1.6884880938052622,0.6650000000000005,0.00233791805069288,0.001256855081233413,-0.014899844189531955,-0.0010250114733345583,3.1571382337964857e-05,3.6568645786388543,3.6568645786923324
1.33,6.322492387825472,-9.59898321113588,-6.634875075230682e-05,1.6795802018806207,0.6700000000000005,0.0023725734409909263,-0.0001292565832807285,-0.01207017325650603,-0.0010073174494191761,6.634875075230682e-05,7.969514680767318,7.969514680828104
1.34,6.33937758288585,-9.59894870176921,1.0687677544636115e-05,1.6885218297267288,0.6750000000000005,0.0024180818120644884,0.012204525610917304,-0.024377973785903326,-0.001031393605579467,-1.0687677544636115e-05,4.078175673212011,4.078175673240424
1.35,6.356175979100451,-9.59893208631886,-1.56112336204587e-05,1.6798408316840705,0.6800000000000005,0.0024550977556756066,0.003472657511310838,-0.01902775556110932,-0.001071119984404234,1.56112336204587e-05,8.14567341682711,8.145673416948338
1.36,6.3730614551321105,-9.598913679641562,-7.95036555395057e-06,1.688547403885753,0.6850000000000005,0.0024849182488238548,0.004979738403503768,-0.019108741953974655,-0.0010816369883510646,7.95036555395057e-06,3.947922439340087,3.947922439395994
1.3699999999999999,6.389859371007082,-9.598920599007714,-4.6778732972374586e-05,1.6797921224358046,0.6900000000000005,0.0025030591972905352,-8.719559141977427e-05,-0.01384357000686045,-0.0010770158826201026,4.6778732972374586e-05,8.723190932697158,8.723190932768357
1.3800000000000001,6.40674511391872,-9.598889236065324,2.4435008355973407e-05,1.6885760152962235,0.6950000000000005,0.002562677097668125,0.012208656412837532,-0.025413425780220007,-0.0010967303147904062,-2.4435008355973407e-05,3.3535533098014314,3.3535533098299966
1.39,6.423542614928601,-9.598858492909056,-8.45033731856921e-06,1.6797532730625648,0.7000000000000005,0.0026191447513810515,0.007316832783751607,-0.023933869943597027,-0.0011488375934494144,8.45033731856921e-06,7.842694071337954,7.842694071444068
1.4000000000000001,6.440427773135221,-9.598841220009897,-4.9469735981668727e-05,1.6885154941486096,0.7050000000000005,0.002621492295322334,0.00046961608793110864,-0.016291006760713145,-0.0011562448889073096,4.9469735981668727e-05,3.7297535534141764,3.7297535534622335
1.41,6.457221423666411,-9.59885390822827,-8.19701656865079e-05,1.679365825157237,0.7100000000000005,0.002680307182899984,-0.00016343317836505584,-0.013467920754075012,-0.0011312508509409014,8.197016568650792e-05,8.082069243626265,8.082069243709457
1.4200000000000002,6.474103709124928,-9.598816469072734,8.242834412193735e-07,1.68823147739947,0.7150000000000005,0.002712404184639954,0.012200961268332486,-0.02577988158178939,-0.0011589398775875281,-8.242834412193735e-07,3.7252618290779087,3.7252618291203032
1.43,6.490901468535508,-9.598806806105369,-2.9582590322412845e-05,1.6797766399823355,0.7200000000000005,0.002752316564167007,0.002342830632784056,-0.019250809710189054,-0.0011934411796623579,2.958259032241285e-05,7.873781385246543,7.873781385384671
1.44,6.507786688615562,-9.598774000911455,2.5358851260941118e-05,1.6885240183297454,0.7250000000000005,0.002826242350469851,0.012215766847438869,-0.027929838747938286,-0.0012171243114504904,-2.5358851260941118e-05,4.036040896772777,4.03604089684034
1.45,6.524584653909102,-9.598755050315285,-1.4029012147998343e-05,1.679797984081664,0.7300000000000005,0.0028602484316856075,0.004369309038857264,-0.022401575447681937,-0.0012525573400914425,1.4029012147998343e-05,8.321653209431705,8.32165320956534
1.46,6.541470471543625,-9.598718642611628,2.7113315120328705e-05,1.6885844990882743,0.7350000000000005,0.0029408410112295347,0.012318660917624224,-0.02937106462658095,-0.0012771486847267255,-2.7113315120328705e-05,4.021503169215117,4.021503169277377
1.47,6.558268053519526,-9.59870073019069,-1.404913016699166e-05,1.6797595579471805,0.7400000000000005,0.0029847273920576294,0.004157797998506458,-0.023022866718385833,-0.0013074038038460856,1.404913016699166e-05,8.913409041807252,8.913409041937562
1.48,6.575153259113076,-9.598664875615567,2.7365366359853637e-05,1.6885231614104497,0.7450000000000006,0.0030663517926486066,0.012338905204765258,-0.029992320508846287,-0.0013309096453824054,-2.7365366359853634e-05,4.268928316215834,4.2689283162767815
1.49,6.591939781705415,-9.598660039239387,3.0664768052874965e-05,1.6786523907001045,0.7500000000000006,0.0031304090573259203,0.0002644979961090476,-0.01961350428699732,-0.0013481703705195969,-3.0664768052874965e-05,8.925589938587962,8.925589938740131
1.5,6.608814294967065,-9.598629440034241,0.00010221726667820418,1.687452927431349,0.7550000000000006,0.003200716399559018,0.01251443565392224,-0.029641981233162938,-0.0013797593961726307,-0.00010221726667820418,3.481217140438378,3.4812171405002377
1.51,6.625604911916112,-9.598583533691766,4.79299189671483e-05,1.6790683242461943,0.7600000000000006,0.003278644494425571,0.011645798492751063,-0.03198379000383999,-0.0014471314881845387,-4.79299189671483e-05,7.896072914990704,7.896072915121433
1.52,6.642486459897234,-9.598554335947213,-1.949452165128331e-05,1.6881561845044355,0.7650000000000006,0.003290580965161701,0.0012067037845851021,-0.021730113672865214,-0.0014600430284712473,1.949452165128331e-05,4.0458519934998725,4.045851993560602
1.53,6.659275709789952,-9.598579601046954,-6.6529123499893e-05,1.6789271391848266,0.7700000000000006,0.0033539277044178696,-0.0003036521394566324,-0.017192479298750157,-0.0014145505965519334,6.6529123499893e-05,8.022307996942384,8.02230799698506
1.54,6.676157708070515,-9.59853383770499,1.6754082086743526e-05,1.6882048748587253,0.7750000000000006,0.0033636340650101872,0.01259008537419818,-0.029488184085128277,-0.0014462035579754229,-1.6754082086743526e-05,3.2655754147972966,3.2655754148196388
1.55,6.69295441069156,-9.598525533306313,-2.6027406633703272e-05,1.679670835083131,0.7800000000000006,0.0034398262803337428,0.003392274852424797,-0.023742502432624657,-0.0014794929183121752,2.6027406633703272e-05,7.877772065792088,7.877772065923806
1.56,6.709839386482484,-9.598482065907653,2.601744571947756e-05,1.6885020339714816,0.7850000000000006,0.0034895308207799486,0.012488166679051794,-0.03177786027299299,-0.0015101258703573706,-2.601744571947756e-05,3.835907436639338,3.8359074367002153
1.57,6.726637173657983,-9.598467709801445,-2.568323803346053e-05,1.6797796989653797,0.7900000000000006,0.0035637362422264183,0.00460750663914259,-0.026123353849824758,-0.0015400954322686289,2.568323803346053e-05,8.128790398594603,8.128790398736992
1.58,6.743522643773944,-9.598422894904141,1.696647302501512e-05,1.6885518126874393,0.7950000000000006,0.00361961118733158,0.012442940990405238,-0.0328726396032474,-0.0015694001244490607,-1.696647302501512e-05,3.9408633060969596,3.940863306162172
1.59,6.760320709236156,-9.598407517013962,-3.82435289004621e-05,1.6798076155260442,0.8000000000000006,0.0037034355568183568,0.00517922203744685,-0.02750381150395894,-0.0015975729279453788,3.82435289004621e-05,8.283847307616071,8.283847307755162
1.5999999999999999,6.777206426782134,-9.598360209736592,2.424747580687365e-06,1.688577233787145,0.8050000000000006,0.0037538186432091174,0.01239330804674169,-0.03367107999398493,-0.0016283172047408812,-2.424747580687365e-06,3.5413349640731004,3.54133496413166
1.61,6.794003911025073,-9.598345420294551,-5.136013959447942e-05,1.6797494167026996,0.8100000000000006,0.0038491059728140275,0.005520588898530769,-0.02857103487583585,-0.0016553071297220612,5.136013959447942e-05,8.199184137641792,8.19918413777981
1.6199999999999999,6.810888407585807,-9.598296619497026,-8.456369869747741e-06,1.6884555205746463,0.8150000000000006,0.003892490810245428,0.012339789814741757,-0.03438814019344025,-0.001687972461102305,8.45636986974774e-06,3.5077055407151714,3.5077055407712976
1.6300000000000001,6.827683261711998,-9.59828249863814,-6.434918823626183e-05,1.6794863379788976,0.8200000000000006,0.0039876572779039745,0.005604539012308906,-0.029326220074614273,-0.001714964450899359,6.434918823626184e-05,8.557073500071677,8.557073500206057
1.64,6.844571047728886,-9.598281342511545,-0.0001440149914210073,1.6887774300096947,0.8250000000000006,0.003932815664545357,-0.007371918681303867,-0.013971668490934456,-0.0016993527319968393,0.0001440149914210073,3.1879288537050234,3.1879288537489625
1.6500000000000001,6.861356425828783,-9.598320434284467,-0.00018099677331280106,1.6785426716444627,0.8300000000000006,0.003979033099032911,-0.0013028174544536017,-0.01581094921746914,-0.0016363612182548337,0.00018099677331280106,8.319114412606265,8.319114412627206
1.66,6.878230069295986,-9.598277132988622,-8.357441408283703e-05,1.6873685199041368,0.8350000000000006,0.003982106988470469,0.01201311512530533,-0.030456677396844795,-0.001668567979679736,8.357441408283703e-05,4.146777737973242,4.146777737986889
1.6700000000000002,6.895023189387771,-9.598271505414182,-0.00013471223605593952,1.6793126702387273,0.8400000000000006,0.004057733644292962,0.003817691198019547,-0.026464659524607977,-0.0017034222616221228,0.00013471223605593952,8.174357335128642,8.174357335264503
1.68,6.91190551665487,-9.598221370812492,-7.886938099529721e-05,1.6882389415758638,0.8450000000000006,0.004083098041108829,0.012139041844817105,-0.034152150043335695,-0.0017382155168128577,7.886938099529721e-05,4.079713053475758,4.079713053542508
1.6900000000000002,6.928697350930054,-9.598209594961464,-0.00012180905177913516,1.6791842270136677,0.8500000000000006,0.004189366914309784,0.005070821533143168,-0.029343882703783603,-0.0017667442242625953,0.00012180905177913516,8.146316226759517,8.146316226922318
1.7,6.945577573138597,-9.598158950867322,-7.165424496477842e-05,1.6880285638220032,0.8550000000000006,0.004219279042782469,0.011972337856109311,-0.035307069485415975,-0.001804506417233398,7.16542449647784e-05,3.9481912112415154,3.9481912113184547
1.7100000000000002,6.962369228376768,-9.59814706201711,-0.0001166837285310437,1.6791663260540606,0.8600000000000007,0.004327995808713734,0.005204304911085677,-0.030301424031115937,-0.0018314417094185131,0.00011668372853104369,8.28675805644573,8.286758056611665
1.72,6.979248809638009,-9.598095472128366,-6.58078401053315e-05,1.6879647766183243,0.8650000000000007,0.004359074010851881,0.01228836400303637,-0.036401468090625194,-0.001869522753153774,6.58078401053315e-05,3.8065671563585646,3.806567156433179
1.73,6.996040037540002,-9.598082868400642,-0.00011311257191169656,1.67912364030118,0.8700000000000007,0.004471682279186527,0.005576750364871826,-0.031506746304625965,-0.0018973892473397314,0.00011311257191169656,8.115876958762165,8.11587695892881
1.74,7.012919479995533,-9.598029973183225,-6.487161394685959e-05,1.6879513187690027,0.8750000000000007,0.00450186421603397,0.012336244101860724,-0.0372957612899206,-0.0019360930452734237,6.487161394685959e-05,3.5517562007418335,3.551756200813272
1.75,7.029709766901726,-9.598021425570089,-0.00011118474439411453,1.6790292647029201,0.8800000000000007,0.004610352883680693,0.004364046098762666,-0.030970227627465305,-0.001959112945741026,0.00011118474439411453,8.12928839393921,8.129288394099605
1.76,7.046587582066202,-9.597970913434503,-5.4037709667693274e-05,1.687787862410516,0.8850000000000007,0.004638133060094654,0.012415637288181692,-0.0376850206627284,-0.001995731142246271,5.4037709667693274e-05,3.8558913578727125,3.8558913579485434
1.77,7.0633786867079555,-9.597959561508917,-0.00010893185149788937,1.6791112466714573,0.8900000000000007,0.004749889699110943,0.005942201287730306,-0.033218728524602524,-0.0020242271781896193,0.00010893185149788937,8.61571094776458,8.61571094793768
1.78,7.080259351937674,-9.597904457835558,-6.50592732607122e-05,1.6880743396981768,0.8950000000000007,0.004777491319347116,0.012461291065843254,-0.03887418977852233,-0.002062862609056637,6.50592732607122e-05,3.7403703571613605,3.7403703572354106
1.79,7.097048571984102,-9.59790553494166,-0.00011016586099570063,1.6789223248947642,0.9000000000000007,0.004873980082450315,0.001583868948330548,-0.029418281321996795,-0.0020749472763750276,0.00011016586099570063,8.282404882910269,8.282404883064947
1.8,7.113923894384067,-9.59786037468806,-3.3323856590185284e-05,1.687537064310348,0.9050000000000007,0.004896127519485856,0.012576341392176407,-0.03827686987270696,-0.0021065755537073017,3.3323856590185284e-05,3.9232820080790076,3.9232820081527824
1.81,7.130716912067198,-9.59785178489644,-0.00010305944671469126,1.6793024803738887,0.9100000000000007,0.004991790688453167,0.005863580197321624,-0.034150220494338114,-0.0021382179465838647,0.00010305944671469127,8.167246277636538,8.167246277800157
1.82,7.147600214805008,-9.597796270171354,-6.231962552952236e-05,1.6883382682770123,0.9150000000000007,0.005019456985724085,0.012568770933337138,-0.04009850310108126,-0.002172811994686441,6.231962552952236e-05,3.872597634774967,3.8725976348502464
1.83,7.164389488160378,-9.597800125617814,-0.00011003956011988721,1.6789276656328636,0.9200000000000007,0.00511456044120398,0.0009776012511347244,-0.029973633361613353,-0.0021811784945384716,0.00011003956011988721,8.05971705847386,8.059717058624663
1.84,7.181264409573243,-9.597755375269834,-2.8986025243709744e-05,1.687496858827336,0.9250000000000007,0.005133094947381034,0.012655711510349457,-0.039344039762666684,-0.002211612862195622,2.8986025243709748e-05,3.6340075998897436,3.6340075999585952
1.85,7.1980577033074855,-9.597747651999534,-0.00010271953621326378,1.6793300450355935,0.9300000000000007,0.005229426701063185,0.005997990150530347,-0.03542908224210305,-0.002243652192893464,0.00010271953621326379,8.161959827397418,8.161959827557126
1.86,7.21494262338612,-9.597686586182625,-5.802087337899212e-05,1.6885019489645972,0.9350000000000007,0.005237450192698624,0.01283767737988257,-0.04153367093468806,-0.0022825979565634924,5.802087337899212e-05,3.6767573807076253,3.6767573807773952
1.8699999999999999,7.2317297345836,-9.597699532564945,-0.00010016867400100614,1.6787119076370878,0.9250000000000007,0.005337650782643088,-0.00020277040665194816,-0.02994728120579839,-0.002283061173050882,0.00010016867400100614,8.058744214668877,8.058744214794347
1.8800000000000001,7.248601653574508,-9.597653909567473,-1.2430315044926693e-05,1.6871968028424305,0.9300000000000007,0.0053473174706250015,0.012847002650616925,-0.04030186973246801,-0.002316039830375871,1.2430315044926691e-05,3.1860027509600206,3.1860027510118103
1.89,7.265393322658407,-9.597647804205053,-8.749470766279995e-05,1.6791675505895507,0.9200000000000007,0.005447217374672449,0.0060505211796931255,-0.03654669693143962,-0.002348466700432539,8.749470766279995e-05,8.248081887840188,8.248081887993912
1.9000000000000001,7.282275737581488,-9.597590351558843,-4.874484163211987e-05,1.6882501326386838,0.9250000000000007,0.005470860872778795,0.012802268329631538,-0.04264407310892017,-0.0023834000288918133,4.874484163211987e-05,3.350772005888105,3.3507720059493846
1.91,7.29906274169069,-9.597601650725657,-9.875979096835054e-05,1.6787010893850876,0.9150000000000007,0.005560494219915513,-0.0001978087199668046,-0.03106357441491122,-0.0023837258218577517,9.875979096835054e-05,7.915269357612315,7.91526935774833
1.9200000000000002,7.3159353108469345,-9.597556572247111,-1.4721030553968305e-05,1.6872617033566166,0.9200000000000007,0.005574035574031997,0.012835633962182824,-0.04140941655238693,-0.00241379981564549,1.4721030553968305e-05,3.659006526035896,3.659006526099552
1.93,7.332727158948408,-9.597549924391544,-9.494974444911337e-05,1.6791854620128244,0.9250000000000007,0.005676199452764153,0.006454934166900458,-0.03809146953138212,-0.0024456592992905257,9.494974444911337e-05,8.363295270817963,8.363295270976039
1.9400000000000002,7.349609766920949,-9.597490681704258,-5.856262747893759e-05,1.6882700755714561,0.9300000000000007,0.005696808521221681,0.01277827461679302,-0.04386082637748504,-0.0024808333724504195,5.856262747893759e-05,4.038914561881636,4.038914561952985
1.95,7.3663962914642465,-9.597504365772538,-0.00010992415954963246,1.6786532844197173,0.9200000000000007,0.005790708356609254,-0.00022147842383976975,-0.032191943360335804,-0.0024780654392273505,0.00010992415954963246,8.586870671529468,8.58687067166655
1.9600000000000002,7.383268143920591,-9.597457602358363,-2.4602612657837893e-05,1.687190508193621,0.9250000000000007,0.005797716401434739,0.01280895871917241,-0.042492320235277256,-0.002509420393838724,2.4602612657837893e-05,4.0572855213420365,4.057285521408658
1.97,7.400058946838151,-9.59745181422817,-0.00010442928646829292,1.6790808851782615,0.9150000000000007,0.005907183818510737,0.006738857514212596,-0.03950821807243996,-0.002540804988031553,0.00010442928646829292,8.926236511290584,8.926236511457809
1.9800000000000002,7.416941204550528,-9.597390438822957,-6.90099201725412e-05,1.6882358238251494,0.9200000000000007,0.0059221539247086025,0.01275586688833693,-0.045041898418265204,-0.002578232391158508,6.900992017254121e-05,3.9963170039766474,3.9963170040502
1.99,7.433726641160062,-9.597404780218168,-0.00011966285238208651,1.6785445170424294,0.9100000000000007,0.006025280391819819,-0.00024296302982769718,-0.033329945082994555,-0.002574516805795568,0.00011966285238208651,8.199390927092876,8.199390927222932
1.9999999999999998,7.4505966358725315,-9.597358077024108,-3.309674661682819e-05,1.6870047192569937,0.9150000000000007,0.006031812854496521,0.012784288502172803,-0.04361440235802147,-0.0026060241202632284,3.309674661682819e-05,3.69240808465778,3.6924080847184273
2.0100000000000002,7.467386471817626,-9.597352770351861,-0.00011755372538235828,1.6789841990400842,0.9200000000000007,0.006142865539583584,0.006950081697828928,-0.04087526830973289,-0.0026373006241549035,0.00011755372538235827,7.984376143359438,7.984376143531032
2.02,7.484268052568344,-9.597288626800605,-8.164714417826946e-05,1.6881691739152136,0.9250000000000007,0.006148596809600225,0.012726270273510006,-0.04620569070203598,-0.0026761070818608346,8.164714417826946e-05,3.7921116117795743,3.792111611858246
2.0300000000000002,7.501051866752084,-9.597303764501824,-0.00013068744785160554,1.6783823172364378,0.9150000000000007,0.0062640567440458705,-0.0002675575845718405,-0.03447426425871675,-0.0026717413549501856,0.00013068744785160554,8.224761004743756,8.224761004870592
2.04,7.517919464362881,-9.59725694941297,-4.2526642485994954e-05,1.6867650390625206,0.9200000000000007,0.006269595186100281,0.012786055627086332,-0.04478005100262827,-0.0027038443527871436,4.2526642485994954e-05,3.5178650385455312,3.517865038602162
2.0500000000000003,7.53470837135899,-9.597249601013129,-0.00014161626712788801,1.6788914206277539,0.9100000000000007,0.006368739103185621,0.007219111374753347,-0.0422871436267567,-0.002737640994128654,0.00014161626712788801,7.988811457412772,7.988811457580438
2.06,7.551589455561931,-9.59718460044162,-0.0001061312691165685,1.6881198839939857,0.9150000000000007,0.006371311048881151,0.012690321680772266,-0.047359948510834415,-0.0027729146783830316,0.0001061312691165685,3.5038075760525853,3.503807576120373
2.0700000000000003,7.568371742952684,-9.5972007523756,-0.000154897035703941,1.6782296882037402,0.9050000000000007,0.006494566909115338,-0.00019635061407002663,-0.03568596422426462,-0.002767408243723679,0.000154897035703941,7.982624393307061,7.98262439342583
2.08,7.585237590683073,-9.597153827976301,-6.574024390859856e-05,1.686590104232914,0.9100000000000007,0.006498239359463615,0.012758696861831589,-0.04590175572452896,-0.0027997029131725526,6.574024390859856e-05,3.601773588886978,3.6017735889429154
2.0900000000000003,7.602024351813497,-9.597149731018972,-0.00015554724399982522,1.6786767111917773,0.9150000000000007,0.006615802980636864,0.0075055691350366886,-0.04376822825915899,-0.0028305469078695467,0.00015554724399982522,8.025741848129586,8.025741848317058
2.1,7.61890410782997,-9.59707994553148,-0.00011895333552843174,1.687988982082622,0.9200000000000007,0.006603029453692009,0.0127125157763993,-0.04863551176338585,-0.0028733902955089263,0.00011895333552843172,3.8103177616156283,3.810317761702147
2.1100000000000003,7.635683889535002,-9.5970945725982,-0.0001531060365912739,1.677978933427889,0.9100000000000007,0.006743675370272661,-0.00023665261876999036,-0.03689573396385605,-0.002869741401225312,0.0001531060365912739,8.496068749328487,8.496068749445675
2.12,7.652543474058304,-9.597049704455902,-5.908800149158608e-05,1.6859631954889243,0.9150000000000007,0.006752523562601348,0.012787247291956442,-0.0471846848407257,-0.0029043637333003858,5.908800149158608e-05,4.0173211738171055,4.017321173874114
2.1300000000000003,7.669328192241891,-9.59704563471698,-0.00015962360558612737,1.6784725323796534,0.9050000000000007,0.006862854944564778,0.007564987941238073,-0.04507963054288667,-0.002936638882582443,0.00015962360558612737,8.5782934685878,8.578293468754246
2.14,7.686206360039547,-9.596974566295023,-0.00013079014487208597,1.687830727252504,0.9100000000000007,0.006836785022460479,0.012706760701709096,-0.049843478802925896,-0.002977546623505134,0.00013079014487208597,4.053510465587526,4.05351046566277
2.1500000000000004,7.702978089971341,-9.596995877582833,-0.00015551388833825468,1.6771745946520515,0.9000000000000007,0.006983060397031674,-0.009106620482020244,-0.027474753711154803,-0.002962108666905383,0.0020202718552948754,8.328592372159719,8.328592372743959
2.16,7.719792672405993,-9.596714795897036,0.0004006480039216881,1.6816903301360182,0.9050000000000007,0.0056203263436388345,-0.08918355039531195,0.0725252462888452,-0.0031158845596286344,0.011994224859282933,3.9436103539754828,3.9436103541077574
2.1700000000000004,7.736414346767416,-9.596734821110926,0.0005105879464743263,1.662168347870945,0.8950000000000007,0.005706169167957539,-0.014489317497998134,0.0330351064604735,-0.002970172748573363,0.022292667257334777,8.284938474289945,8.28493847511528
2.18,7.753006069418846,-9.596490143227534,0.0009195431354074903,1.6593563880800537,0.9000000000000007,0.004459572943820612,-0.1939813921383014,0.1330351064604735,-0.0027832485907626214,0.032273049375710565,4.13094432583074,4.130944325849522
2.1900000000000004,7.769540171212807,-9.59645941142247,0.0012782859088948564,1.6534105732793194,0.8900000000000007,0.004247703066918711,-0.008679719240560414,0.08922433239476044,-0.00230236329259359,0.042260627892820625,7.966039014009019,7.966039014808953
2.2,7.786089595291291,-9.596202951646255,0.001886173026521127,1.6551417759050182,0.8800000000000007,0.0028493386196763275,-0.20969241652305265,0.18922433239476044,-0.0018600986739734093,0.05200838303317926,3.594838904962598,3.594838904857588
2.2100000000000004,7.8025778026226185,-9.596158930274232,0.00246481917759553,1.6488193694193911,0.8700000000000007,0.0025495953237722555,-0.020203033767253114,0.1363088435470965,-0.0011130843891644648,0.061734696896506486,7.81335758796966,7.81335758873349
2.22,7.819083540484083,-9.595899875597022,0.0032766327053263085,1.6507745375064622,0.8600000000000007,0.0010537246818068365,-0.21856277201173882,0.2363088435470965,-0.0004008402410744516,0.07123759691339925,3.618525712325783,3.6185257122327315
2.2300000000000004,7.83554143219678,-9.59585413208144,0.0040088927592807815,1.6457833748581272,0.8500000000000006,0.0006787926893436416,-0.020926990514729283,0.16986758107753747,0.0006201952167497193,0.08077220107871415,8.033114904110255,8.033114904935106
2.24,7.852055240298927,-9.595561786644145,0.004954280238006286,1.6516343787052816,0.8400000000000006,-0.0008983098960334627,-0.23656608376311897,0.2698675810775375,0.001593292012713965,0.0901273978015937,3.705816464917157,3.70581646480768
2.25,7.868503018374076,-9.595450933283468,0.006014296857796907,1.6448043111252628,0.8300000000000006,-0.0015223021805287364,-0.055232560392738626,0.24150010209598394,0.0028460153025962054,0.09930539348897167,7.778928904822446,7.7789289055577715
2.2600000000000002,7.884964620654892,-9.59511615038197,0.007390363430677851,1.6465017350852202,0.8200000000000006,-0.0034165579248743266,-0.26094094274915386,0.3415001020959839,0.00401141700431995,0.10817711299532189,3.99429379090201,3.9942937908926535
2.2700000000000005,7.901303821572195,-9.594861966444363,0.008691034020238273,1.6340104430415774,0.8100000000000006,-0.004766445554967046,-0.12572682289402648,0.3595433631349508,0.005315432052758862,0.11703310909374766,8.110600695660521,8.11060069668244
2.2800000000000002,7.917609422144981,-9.594297164049808,0.010246382475773426,1.631403288480611,0.8000000000000006,-0.007282215847100346,-0.31793539571044427,0.4595433631349508,0.0064948257016466115,0.12562022625092278,3.472518929632299,3.472518929526812
2.29,7.933831461429303,-9.59392719795522,0.011747136975303215,1.6224695677350804,0.7900000000000006,-0.008720646430255627,-0.11756452758320453,0.4122287453365292,0.007944068565746809,0.1341830977752399,7.676248437791003,7.676248438599373
2.3000000000000003,7.950036807145417,-9.593295166864214,0.013534142636188786,1.621628150131829,0.7800000000000006,-0.011113836457075539,-0.30460139321479585,0.5122287453365292,0.009310481665981918,0.1424537193311355,3.751646310141107,3.7516463100671724
2.31,7.966178357995921,-9.592851885478577,0.015249367245308459,1.6146018070807986,0.7700000000000006,-0.012373622799172758,-0.0930809122005122,0.41871154733547367,0.010930032615377838,0.1507273138283125,8.287119587781564,8.287119588710329
2.3200000000000003,7.9823445208725605,-9.592109721353491,0.017223149629096914,1.618179938178731,0.7600000000000006,-0.01458128502814658,-0.29500847500288685,0.5187115473354736,0.012441127621571901,0.15876604456609253,3.925357075864126,3.9253570757987384
2.33,7.998436536880395,-9.591534197094315,0.019298902351837004,1.6100672933870221,0.7500000000000006,-0.015887519606633767,-0.10460827200027704,0.4590834344237501,0.014187002900518886,0.16662636324485552,8.168159569928545,8.168159570832273
2.3400000000000003,8.014400467831598,-9.590576178522925,0.02188239121025925,1.5990566082675672,0.7400000000000005,-0.018696807107727472,-0.36152231564709164,0.5590834344237501,0.01566145696666088,0.17392741945025958,3.8729995995162936,3.872999599400498
2.35,8.030266430342115,-9.589794389557806,0.024495651816708968,1.5882627444437574,0.7300000000000005,-0.02050111211572236,-0.15326599325046883,0.5634928355709234,0.017295994100358314,0.18111461552331745,8.337859865837526,8.337859866649687
2.3600000000000003,8.046133504336709,-9.588749357846142,0.02745825153167403,1.5899225926682283,0.7200000000000005,-0.0233132809482974,-0.3472783094829052,0.6634928355709234,0.018819472707950924,0.1879670045985814,3.6355222508757135,3.635522250678491
2.37,8.061908869201078,-9.587882031231835,0.030513319509257997,1.5796630334572659,0.7100000000000005,-0.024962708291607946,-0.13701448083927442,0.5805294614064378,0.02054817307651713,0.19463935473697486,7.960591019164894,7.960591019903171
2.3800000000000003,8.077608823702187,-9.586650908987338,0.03411902534956385,1.574484541837654,0.7000000000000005,-0.02803547963576021,-0.4835404020264494,0.6805294614064378,0.02203081677284091,0.20074827964073355,3.781643144824775,3.781643144548846
2.39,8.093043087610758,-9.58539474899012,0.03812800792241242,1.5477767582932034,0.6900000000000005,-0.031059163890835777,-0.27049229723544965,0.750059657595401,0.02341550771844303,0.2062998123859288,8.021687136322525,8.02168713706181
2.4000000000000004,8.108430971855764,-9.583852220603696,0.04234552469417962,1.5457865759564757,0.6800000000000005,-0.034971238939488315,-0.45422968238058836,0.7747966116568341,0.024540468042786978,0.2116559222068527,3.8960812545854844,3.896081254395576
2.41,8.123676130999936,-9.5824535493784,0.04679505360867115,1.530197538816123,0.6700000000000005,-0.03762792395673295,-0.23855718920341668,0.7597111545975943,0.025853713708881454,0.2166636469471677,8.155274500247442,8.155274501076002
2.4200000000000004,8.138864791968153,-9.580762805085097,0.05152947259701365,1.527591952903035,0.6600000000000005,-0.04117147312628614,-0.41565741175739856,0.7776920607574921,0.026946591511382678,0.22139172040277047,3.5666230054066554,3.5666230051803627
2.43,8.153907318149937,-9.579220058032258,0.05654310057516917,1.5115225916277877,0.6500000000000005,-0.04352427742259341,-0.20082759082918175,0.7460916497622424,0.028201784407024366,0.22572398164946064,8.010271138595702,8.010271139386578
2.4400000000000004,8.168900993737994,-9.577396305957135,0.06181655768476229,1.509859957744469,0.6400000000000005,-0.04667446928315632,-0.37850271070399033,0.7736062093068865,0.029232726183362034,0.22981003956354626,3.8035086901605606,3.803508690115668
2.45,8.18376095619372,-9.575735005204846,0.06735783449539795,1.4947074939816722,0.6300000000000004,-0.0485942537900253,-0.16682173389377614,0.731045243789041,0.03044416704441022,0.23351460523928697,8.493364088269217,8.493364089208896
2.4600000000000004,8.19855300687344,-9.573782498114035,0.07317289348464648,1.4916280838775235,0.6200000000000004,-0.05137749424371735,-0.3416020283114562,0.7690922875149262,0.03141669586276552,0.2369525873593546,4.093298979803587,4.093298979786721
2.47,8.213213494441977,-9.57199722946173,0.07926476692119708,1.4764985199145078,0.6100000000000004,-0.05292417497936269,-0.1363533750165523,0.7165608554811687,0.03256426307826521,0.24000006909890628,8.52717709248929,8.527177093402
2.4800000000000004,8.227796497203085,-9.569924518685758,0.08561415589021892,1.4727579369098245,0.6000000000000004,-0.05539199869742609,-0.31325146586775393,0.7647469710225644,0.03346788571138726,0.2427948202747808,4.107436884750317,4.1074368844466225
2.49,8.242255804581527,-9.568024246499311,0.09223450456163076,1.4581996903102032,0.5900000000000004,-0.0566148802924373,-0.10370273827595274,0.697090258543491,0.03455202885501141,0.24520659765753647,8.050839736682455,8.050839737309289
2.5,8.25645252238929,-9.565588050965278,0.09958068277860672,1.4396288006690148,0.5800000000000004,-0.06015928584979499,-0.46841071743320795,0.7589057919412612,0.03509429715918433,0.24684544566354677,3.712857022277796,3.712857021944665
2.5100000000000002,8.27041543365445,-9.563275195032215,0.10730614158502044,1.4143135833626554,0.5700000000000004,-0.06298733781412524,-0.2679610773149324,0.7774504519605921,0.03558870002965042,0.24796404726006752,8.193279946669174,8.193279947425765
2.5200000000000005,8.284269462957809,-9.560682356888197,0.11517168869638994,1.4086709365952903,0.5600000000000004,-0.06669183354070696,-0.4352509332796749,0.7830138499663915,0.03579626934635716,0.24894340595803233,3.231820459900116,3.2318204588328143
2.5300000000000002,8.297979711226388,-9.558274116666693,0.12340186926453862,1.3913083728540874,0.5500000000000004,-0.06913645955573644,-0.23821848122302708,0.7846828693681313,0.0362059659560503,0.24942824406187786,7.791795091148917,7.791795091398377
2.54,8.311575496148182,-9.555587992244236,0.13183822803623718,1.3854330373118435,0.5400000000000004,-0.07249898244938079,-0.3992069500020776,0.7851835751886532,0.03632869855915377,0.24970632654913147,3.5219839775842257,3.5219839771520376
2.5500000000000003,8.325054029588705,-9.553087289363045,0.14055457624479023,1.3704746682189084,0.5300000000000004,-0.07446517994244889,-0.1955638284801522,0.7853337869348098,0.03663740032773011,0.2495907810328952,7.91311835835557,7.913118358981899
2.5600000000000005,8.33839737018697,-9.550296622986297,0.14946940952185078,1.3631792988523936,0.5200000000000004,-0.07735865898863348,-0.34728613317036705,0.7853788504586567,0.03666057268093259,0.2492660623541429,3.3940761171418274,3.3940761173686496
2.5700000000000003,8.351592246200497,-9.547660344719693,0.15871554686750114,1.3457275678350455,0.5100000000000003,-0.07888353186772819,-0.15530938936658686,0.7853923695158108,0.03682387643173435,0.24848436291148243,8.330731607925118,8.330731608914366
2.58,8.364676932059794,-9.544768066201431,0.16807010562926078,1.3405638695362436,0.5000000000000003,-0.08121866945270799,-0.2945893980908354,0.785396425232957,0.03672333302770103,0.24759490186567007,3.632832376470754,3.6328323772101476
2.5900000000000003,8.377513343148527,-9.541904810644823,0.17743735698637175,1.316375346548252,0.4900000000000003,-0.08249584703631148,-0.10865793950322629,0.7853976419481009,0.03662618941082929,0.2465375382600438,8.23744106605419,8.237441067379255
2.6,8.390237069429906,-9.538772524876016,0.18681982299928684,1.3115961982514364,0.4800000000000003,-0.08447762136190205,-0.2614670289703001,0.7853980069626441,0.03634003883655046,0.24545682253899367,3.7869777416088874,3.7869777421731228
2.6100000000000003,8.402797274219534,-9.535716635728607,0.1963056465649141,1.2936940171380886,0.4700000000000003,-0.0851638259366356,-0.15088695575778166,0.7853981164670071,0.03615481051620595,0.24414993503790097,8.107255134469343,8.107255135807987
2.62,8.415129738185056,-9.53218476036355,0.20600755525618947,1.2824149074458802,0.4600000000000003,-0.08759251584293559,-0.31992620898451746,0.785398149318316,0.03551453079870437,0.24261816819723797,3.931858974629868,3.931858974782864
2.6300000000000003,8.427249981762394,-9.528735675153243,0.2154198741230335,1.2595923600827117,0.4500000000000003,-0.08881350331622663,-0.13395463013839287,0.7853981591737086,0.03489446906111815,0.24123690134738965,8.084495429498581,8.084495430573137
2.64,8.43914676247771,-9.524962782183877,0.22477594736211431,1.2476791261582887,0.4400000000000003,-0.09074037177010179,0.0504716323969187,0.6853981591737086,0.03406728956679084,0.2398541953562651,3.5399142678336353,3.5399142679851097
2.6500000000000004,8.450460033821448,-9.521450059777159,0.23510341320227776,1.1843846385085903,0.43000000000000027,-0.08849898717155445,0.17574852908943928,0.5853981591737086,0.0333198615157515,0.23709879155624083,8.198590115967141,8.198590116448068
2.66,8.461462207295435,-9.518009652543698,0.24529356379112321,1.152130704995346,0.4350000000000003,-0.0859738765112002,0.24128227187853976,0.48539815917370865,0.03229741017704013,0.2343254456444025,3.886392893909498,3.8863928942254673
2.6700000000000004,8.472059598742197,-9.514631300987968,0.2552538195637497,1.1135058509046656,0.4400000000000003,-0.08341278815980309,0.22666826798131584,0.3853981591737087,0.03126233189021432,0.2315287528266523,8.15101039497914,8.151010395633634
2.68,8.482326980682338,-9.511310434838178,0.2651294969054462,1.0796152301410655,0.4450000000000003,-0.0803860207563671,0.299640032157641,0.2853981591737087,0.030264609685269672,0.22860190047962015,3.48857024035889,3.4885702407411148
2.6900000000000004,8.492205331324458,-9.508054948258817,0.2748780218269364,1.0420484382407884,0.4500000000000003,-0.07721546472545579,0.29085373579540913,0.1853981591737087,0.02923380132627096,0.22556028576016113,7.8991473958510365,7.899147396498754
2.7,8.501789452966962,-9.504850727890744,0.28464761157677215,1.0117904329917147,0.4550000000000003,-0.07352615839158488,0.3755809214050585,0.08539815917370869,0.028208420960515568,0.22230970413319834,3.2964738934792717,3.2964738938731797
2.7100000000000004,8.511060822715395,-9.501683970936975,0.2946098493704893,0.9820398408581337,0.4600000000000003,-0.06985078340753421,0.3685409828064884,0.00804696207924234,0.02711846234703752,0.21867953440062501,8.027886606580473,8.027886606667714
2.72,8.520255247466554,-9.498644667375753,0.3041548739343517,0.9701782920118849,0.4650000000000003,-0.06577032148069988,0.3800994619033206,-0.030259216754390354,0.026103255114414026,0.21538562848391363,3.7037397098287426,3.7037397100230702
2.7300000000000004,8.529391881277894,-9.495792894332412,0.31397870116114596,0.9584720864910844,0.4700000000000003,-0.060621425307292066,0.4767732553289066,-0.13025921675439037,0.02540016021373348,0.21169708276731516,7.989114125966884,7.989114126769205
2.74,8.538535022201946,-9.492797931822706,0.32362561665582945,0.9629348628268654,0.4750000000000003,-0.059367684449950275,0.20999745634199302,-0.03025921675439036,0.024550357307177473,0.20823341981993507,3.7941969245025073,3.7941969246219323
2.75,8.547207498074378,-9.489944638589948,0.3341221012758873,0.9135172700655906,0.4800000000000003,-0.057587133419608486,0.17681778481170335,0.06974078324560964,0.02368869217362568,0.20360845463887162,8.026936127446971,8.026936127599555
2.7600000000000002,8.555737200785467,-9.487147671903863,0.34381223966276975,0.8981440805513091,0.4850000000000003,-0.05589203332594109,0.11483731919873197,0.16974078324560965,0.022602058836175054,0.19971854552662252,3.810843395828404,3.8108433961209
2.7700000000000005,8.564294785897106,-9.48453739449374,0.353305781165357,0.8947866050922193,0.4900000000000003,-0.053293895323292595,0.2107779594890713,0.1711517211564414,0.021973647306981814,0.19593709003947662,8.033896355110047,8.033896355564659
2.7800000000000002,8.572904631950783,-9.481695195945694,0.3627013648762787,0.9067523286683198,0.49500000000000033,-0.05358614086211701,-0.12466652439787107,0.27115172115644137,0.021280505632254698,0.19233633193830402,3.901186177146758,3.9011861771342335
2.79,8.581472823364017,-9.478954982691413,0.3723708515338087,0.8994609392503753,0.5000000000000003,-0.05322352324920867,0.03687762512986432,0.37115172115644135,0.020729304520367586,0.18839130618802108,8.454682634419846,8.45468263475187
2.8000000000000003,8.589742620337473,-9.47608745882001,0.38175930089410076,0.8753195135169942,0.5050000000000003,-0.05143143343271462,0.19939338801834133,0.27115172115644137,0.019877711578690338,0.1846115524817684,4.0771254769031415,4.077125478176549
2.8100000000000005,8.597431190273047,-9.47267408255836,0.39016661754621035,0.8411038475978883,0.5100000000000003,-0.05097717293817311,0.07177130556896673,0.2865288784340803,0.01838078891655348,0.1816724203041909,8.521073963565325,8.521073963377784
2.8200000000000003,8.605267758946233,-9.469270796167933,0.3980725031909337,0.8542578992451112,0.5150000000000003,-0.048989977148878046,0.270926206013377,0.1865288784340803,0.017305664571062973,0.1792681412344833,3.453786549047743,3.4537865495379165
2.83,8.61295807041259,-9.465596387648338,0.4059981110162618,0.852145575573602,0.5200000000000004,-0.047833290253776854,0.13951166602586154,0.16301337782064432,0.016116511693090363,0.17683811508979375,7.8846036272235045,7.884603626826404
2.8400000000000003,8.62078680345945,-9.461946131510702,0.41347077394894527,0.8636553024217362,0.5250000000000004,-0.04515458132407734,0.33704756203963754,0.06301337782064431,0.015063789096268376,0.17492122130850085,3.646825658817341,3.646825659194644
2.8500000000000005,8.628477988596973,-9.458036392825308,0.42102068918716606,0.8626455978487811,0.5300000000000004,-0.04336843099466069,0.19994519611535283,0.04574710619318153,0.01389912315797348,0.1729269338175936,8.045570465914901,8.045570465476795
2.8600000000000003,8.636316037705033,-9.454158186525799,0.42815936814379235,0.8743887828040988,0.5350000000000004,-0.040080517518136745,0.39344968585509427,-0.05425289380681848,0.012867337742688445,0.1714082263190983,3.5252257923485275,3.525225792656445
2.87,8.644027145770393,-9.450026974049177,0.4353602971900604,0.8747175610968927,0.5400000000000004,-0.03787378847482892,0.2263570896475699,-0.03532744806041533,0.011724583290049884,0.16983492632734776,7.91447382754576,7.914473827120759
2.8800000000000003,8.65188833020342,-9.445931354367588,0.4423220709056584,0.8863437713215125,0.5450000000000004,-0.034346339799734144,0.41267338109459095,-0.13532744806041533,0.010727013806463237,0.16856493050731575,3.4757560035915196,3.4757560038863966
2.89,8.659631245318907,-9.441585428026894,0.44929622813169867,0.8879095242864593,0.5500000000000004,-0.03199942153489099,0.24628171877325097,-0.09569965513301786,0.009576943354958622,0.16730216781479446,8.294145026281436,8.29414502582955
2.9000000000000004,8.667524612853715,-9.437288390004506,0.4560051611218719,0.8987234742458678,0.5550000000000004,-0.028418372341918418,0.4170203708416483,-0.19569965513301785,0.008600615770799624,0.1663623948200777,4.221054145663103,4.221054145835439
2.91,8.67528988128764,-9.43276701614493,0.4627077360351644,0.8986269508185891,0.5600000000000004,-0.026124300807499366,0.2567600578430851,-0.13912183894792707,0.007496897712210959,0.16543592195702933,8.483388550121216,8.48338854951082
2.9200000000000004,8.683132186926521,-9.428322168997937,0.46893384820984885,0.901468147323752,0.5650000000000004,-0.02231761008862997,0.46626318352455176,-0.23912183894792707,0.006553661855553283,0.1649956021749598,3.6904380237308096,3.690438024193523
2.93,8.690673596993278,-9.423638346428211,0.47415094588376694,0.8877395435079615,0.5700000000000004,-0.019514782364415922,0.29638488737519914,-0.22640352507697015,0.005431418518869524,0.16548602484510533,8.448450801210935,8.448450800830482
2.9400000000000004,8.698295963445357,-9.418967277412758,0.4789843471323908,0.8939509863374386,0.5750000000000004,-0.015532685149328524,0.43073472183661904,-0.3264035250769701,0.004716691884433688,0.16636428773220233,3.796545082665224,3.7965450830481364
2.95,8.705756761119444,-9.414115045449906,0.4836467107651846,0.8900612353095854,0.5800000000000004,-0.013689831113635012,0.1893088608574197,-0.22640352507697012,0.0039243177831063125,0.16738952909216276,8.02791794014219,8.027917939779828
2.9600000000000004,8.713323276854199,-9.409323145872136,0.4882823089589518,0.8956832653979291,0.5850000000000004,-0.01012435537703306,0.405738356695574,-0.3061082749386116,0.003345512464928202,0.1684664099457453,3.4396761547678922,3.4396761551279176
2.97,8.720739563556652,-9.404416601814148,0.4928223920983684,0.8893630438663326,0.5900000000000004,-0.008527754396766401,0.11149938468235165,-0.20610827493861159,0.002643019245781586,0.16960796025786296,7.878703784364403,7.878703784047831
2.9800000000000004,8.728157356348033,-9.399564225486595,0.49768586256105235,0.886396497312756,0.5950000000000004,-0.007007237101050261,0.12268110351612259,-0.10610827493861158,0.0020628225669441225,0.1704036366925032,3.6444821568207875,3.6444821566273187
2.99,8.735450017783055,-9.39454407986821,0.503178134070462,0.8854414973425194,0.6000000000000004,-0.007438533193559802,-0.025554495228166586,-0.006108274938611574,0.0012281617979281734,0.17058555538367037,8.04453902806371,8.044539027430728
3.0,8.742912768258387,-9.38953976923401,0.5086884668218339,0.8985206611047039,0.6050000000000004,-0.0054040746923968526,0.2723934419535433,-0.08639431969247746,0.0003773204908625871,0.17084795402461073,3.8185909018174784,3.8185909019759103
3.0100000000000002,8.75028321580343,-9.384400036889408,0.5142708777828703,0.898578253750199,0.6100000000000004,-0.004490410037525867,0.11703724510529966,-0.006684311274346544,-0.0005903729041996097,0.17104816218271401,8.31511048349331,8.315110482982238
3.02,8.757836433388889,-9.379326356227768,0.5197168476562163,0.9099290098041893,0.6150000000000004,-0.002057624300519973,0.3052220366259333,-0.10668431127434655,-0.0013600647203682037,0.1714501548763171,3.5537531451778857,3.55375314543333
3.0300000000000002,8.765301809158391,-9.37412008908637,0.52514631691272,0.9101926695048379,0.6200000000000004,-0.0008957015358478707,0.13320274317713404,-0.06504507868385098,-0.0021944921136141105,0.17187492570291296,8.39415761028297,8.394157609797023
3.04,8.772950756213273,-9.368989566350896,0.5304124184830331,0.9210580427220072,0.6250000000000004,0.0017598833348402676,0.32588223120698406,-0.165045078683851,-0.0027943939056411793,0.1725199920041519,3.9724673636990375,3.9724673638917465
3.0500000000000003,8.78050377768328,-9.36371975011121,0.5356825741875634,0.9210394791101882,0.6300000000000004,0.0030662097156259446,0.144427722644263,-0.10339769169788793,-0.0034600112170477537,0.17316553145126,8.188894064579204,8.188894064118784
3.06,8.788238025522084,-9.358526901951075,0.5408083401188959,0.9316313499841957,0.6350000000000005,0.005903657198918451,0.3421799184532418,-0.20339769169788793,-0.0038955181323752086,0.1740093453323197,3.7676941775381545,3.767694177762013
3.0700000000000003,8.795874785664195,-9.353206075350776,0.5459095689449952,0.930846495511759,0.6400000000000005,0.007161745867945047,0.10888702535103507,-0.10339769169788793,-0.004393520380772786,0.17487778434114465,8.015854789980061,8.015854789571378
3.08,8.803654730587326,-9.34796579599369,0.550967225871226,0.9380933023730263,0.6450000000000005,0.010030239592001871,0.3451770769053385,-0.20339769169788793,-0.004673506444927034,0.17582115141416066,3.8059662035760153,3.805966203880893
3.0900000000000003,8.811245985466712,-9.342675297555502,0.5558188562881402,0.9254009721006311,0.6500000000000005,0.01063629241647267,0.010086129066913571,-0.10339769169788793,-0.005048164230836871,0.17689926997988548,8.41875103481889,8.418751034436934
3.1,8.81879007118112,-9.337416650292315,0.5609825327976488,0.9196360003012679,0.6550000000000005,0.011356575535641459,0.005446792515360642,-0.0033976916978879224,-0.005315574865493611,0.17762083162360132,3.983291585733633,3.9832915862018115
3.1100000000000003,8.82608174823684,-9.331904139877444,0.5661930037423152,0.9141134286910267,0.6600000000000005,0.009576655578552766,-0.14852489719821116,0.09660230830211208,-0.005978829108103767,0.17829520336972648,8.38397518860232,8.383975188331771
3.12,8.833507211562265,-9.326402425586144,0.5714092343171273,0.9241568330393976,0.6650000000000005,0.010920185842994411,0.20829942157908293,-0.0033976916978879224,-0.006503012353470616,0.17902198342779363,3.9679858083758757,3.967985808713459
3.1300000000000003,8.840819340907796,-9.320766266626267,0.5765506291318705,0.9232414502054018,0.6700000000000005,0.01106360119649934,0.02898976889842173,0.057467260799934985,-0.007149681819213827,0.17982865468022902,8.099600793806315,8.099600793438604
3.14,8.84830850452259,-9.315180689667395,0.5814851781589114,0.9342819490709298,0.6750000000000005,0.012846524504110925,0.24354094154215034,-0.04253273920006502,-0.007560590916036558,0.18089762212552296,3.9286585387796142,3.928658539009919
3.1500000000000004,8.855688621827351,-9.309450032470924,0.5863467310622227,0.9344089221582169,0.6800000000000005,0.013247358115574703,0.049218728927891,-0.002477390239676004,-0.008034716314156087,0.182044422215888,8.36113200074481,8.361132000297905
3.16,8.863235116512408,-9.303769139097415,0.5910354801927447,0.9445950475139702,0.6850000000000005,0.015039589030826203,-0.0060704156940276695,0.09400440512482736,-0.008279305166322581,0.18341317016089764,3.3934318732113216,3.3934318733513473
3.1700000000000004,8.870608563950634,-9.298135175356906,0.5950975892609978,0.9279867838929811,0.6900000000000005,0.013834362249954813,-0.1423899843066372,0.19400440512482736,-0.008504333212514315,0.18530168468179709,7.934045103017045,7.934045102555551
3.18,8.878057845467218,-9.292483372672379,0.5992726257503865,0.9350755118303209,0.6950000000000005,0.015106934302460443,-0.04476379980804472,0.21861711243687765,-0.008448624203746036,0.18709385515066435,3.232269093681,3.2322690937131977
3.1900000000000004,8.885396857512804,-9.286846409545497,0.6031025615496446,0.9253903354933024,0.7000000000000005,0.013921900118690511,0.04463793359970396,0.11861711243687764,-0.008438556244209305,0.18917624268014388,7.863113063352313,7.863113065692345
3.2,8.89315260566147,-9.281312208824968,0.6073690597151868,0.9527647321503127,0.7050000000000005,0.014431298340744326,-0.05899622102795198,0.19164184284240088,-0.007902157267210441,0.1909424556884156,3.9355163122496664,3.9355163129850768
3.2100000000000004,8.901024213855848,-9.27626207970099,0.6117285361801188,0.9351905199730571,0.7100000000000005,0.0153233958729645,0.09056475858140806,0.09164184284240087,-0.007017939333749057,0.1924563485188212,8.086024636704154,8.086024637551262
3.22,8.90882636470318,-9.271022826025057,0.6166166139742694,0.9398020994473377,0.7150000000000005,0.014879201902664084,-0.11056150410635561,0.19164184284240088,-0.006287978020004692,0.19349092067534257,3.6450073337523174,3.645007333651308
3.2300000000000004,8.91669676762749,-9.266013590125509,0.6218416410721723,0.9329019612136262,0.7200000000000005,0.015337675396250207,0.052644061344427166,0.11128227997226364,-0.0054514416406357125,0.19412338593481157,8.044770171989013,8.04477017246793
3.24,8.924436825411597,-9.260792940426342,0.6276365778415259,0.9336257550476978,0.7250000000000005,0.014350478787139442,-0.19560861266176627,0.21128227997226365,-0.004900192629155642,0.1942292278150719,3.81869263445821,3.8186926345939267
3.25,8.932084209396287,-9.255728790692897,0.6337361512236691,0.9171950142728317,0.7150000000000005,0.0138024769758929,-0.03935411768184839,0.24551865956890523,-0.0044250319013259265,0.1939309330743173,8.235319367226623,8.235319367850739
3.2600000000000002,8.939642458970651,-9.250480651990209,0.6402114797300931,0.9201772548846243,0.7050000000000005,0.012172018237659551,-0.22333260966779453,0.34551865956890526,-0.004177515179492053,0.19330622139462328,3.9025584173640726,3.902558417183279
3.2700000000000005,8.947299332416195,-9.245450882444818,0.6469000556371649,0.9160955402181605,0.6950000000000005,0.011589904869866463,-0.03361495266981746,0.26779483659119024,-0.0037689086830081653,0.19241284429571573,8.07224427068176,8.072244270999489
3.2800000000000002,8.954889755462922,-9.240198999851323,0.6539970692789951,0.9230245817075465,0.6850000000000005,0.009942417760005793,-0.2196610255966939,0.3677948365911903,-0.003569110895123684,0.19118450085679092,4.032404966722733,4.032404966422337
3.29,8.962553364404965,-9.234782966280708,0.6616653222611705,0.938460471862113,0.6750000000000005,0.008034236895058371,-0.26220162633789124,0.46779483659119026,-0.0034903842571172294,0.18949759168881597,8.678988591724663,8.67898859133913
3.3000000000000003,8.970369458364155,-9.229132023712316,0.6696083027836651,0.9644607736804474,0.6650000000000005,0.00656586195878143,-0.02902491303560902,0.3677948365911903,-0.0035641629044906864,0.1877205248345748,4.097829074654825,4.09782907634342
3.31,8.977840926183143,-9.223352811157243,0.6776755273811415,0.9446147295323909,0.6550000000000005,0.004456203513046629,-0.16506351722575058,0.38786706202260657,-0.004006950642527318,0.18573945885222676,8.346196358655302,8.346196358942962
3.3200000000000003,8.985439924096294,-9.217549482356995,0.6854897101423533,0.9561712807093358,0.6450000000000005,0.004861889736753393,0.12344976010800107,0.2878670620226066,-0.004349059823228085,0.18407053057252176,3.9513583377342165,3.9513583383821693
3.33,8.992873143531831,-9.211564314660118,0.6932796350415912,0.9543644500910194,0.6350000000000005,0.004254213775682696,-0.036171939646323634,0.19065702300744825,-0.004803958815409404,0.18242825879045835,8.552092085933428,8.552092085495879
3.3400000000000003,9.00046414118234,-9.205563426963716,0.7007843787263073,0.9676421298670419,0.6400000000000005,0.00520519205330646,0.17172290233593399,0.09065702300744824,-0.0050831605050809525,0.18113281987226726,4.041978538274129,4.041978538570758
3.35,9.007893357132227,-9.199396077025105,0.7082298670159166,0.9655649778832031,0.6450000000000005,0.005024729672947574,-0.0025456502928652078,0.11671572307057375,-0.0054508548500107334,0.17989437653140053,8.219487786333604,8.219487785491236
3.3600000000000003,9.015478911778652,-9.193217880834023,0.7154099459951532,0.9782992309020263,0.6500000000000005,0.006384449688720192,0.20729103745396266,0.016715723070573743,-0.005627744641219845,0.17897819612380184,3.590854119742861,3.590854119912695
3.37,9.022902609950599,-9.186889592448765,0.7226359942207035,0.9754905169233915,0.6550000000000005,0.006531570114089619,0.026438653586862614,0.0608422921831313,-0.0058870565418103205,0.178008486662815,8.588449916214184,8.588449915582565
3.3800000000000003,9.030484094465884,-9.180565681535581,0.7296244755501553,0.987245489662173,0.6600000000000005,0.008190821766248526,0.23511773642134076,-0.039157707816868705,-0.005973482194258084,0.17732902619579172,3.730083308656749,3.730083308952767
3.39,9.037907564204183,-9.17409217311204,0.7366607300423672,0.9849520647563998,0.6650000000000005,0.008595595696776426,0.051793156674585034,0.011403981574739257,-0.006145846997972049,0.17659811374522716,8.390116351092464,8.390116350564305
3.4000000000000004,9.04547825110774,-9.167630153866451,0.7435686890912736,0.9953281758141967,0.6700000000000005,0.010371867984473858,0.21890672755091825,-0.08859601842526074,-0.006147637976127163,0.17603947410260778,3.8476225508800987,3.8476225510359567
3.41,9.052880543326868,-9.161023509989208,0.7505918365934264,0.9921711092577694,0.6750000000000005,0.010744106087445493,0.05034120361284292,0.004358865156696035,-0.006271630020128427,0.1753608870165705,8.246810744985545,8.246810744308444
3.4200000000000004,9.060402649588507,-9.154410363199368,0.7573621395514479,1.0015618436661404,0.6800000000000005,0.012646370005795203,0.23158515568294677,-0.09564113484330397,-0.006275798125405352,0.17497905483520826,3.9076160786871093,3.90761607878339
3.43,9.067732042186714,-9.147390363873429,0.7644581988007665,1.0148225207343426,0.6850000000000005,0.011836356183503453,-0.10231093990287093,0.004358865156696035,-0.006538926146751001,0.17438808236791625,8.634253532320217,8.634253531579118
3.4400000000000004,9.075171685842346,-9.140343236555857,0.7712958376254575,1.0246866963504593,0.6900000000000005,0.012956945088536325,0.18121943161288961,-0.055850345834005485,-0.006759802442246388,0.17411428698413378,3.4964952670757614,3.4964952673829415
3.45,9.082428782497528,-9.133145247220275,0.7780173546301195,1.0221105346676478,0.6950000000000005,0.01276194374018526,-0.010624150844341325,0.04414965416599452,-0.007074775645012021,0.17395076353436933,7.6868010639022,7.6868010634926565
3.4600000000000004,9.08982659119373,-9.125935811150654,0.7845057022186643,1.0329343782165,0.7000000000000005,0.014215208533414517,0.20984120111697002,-0.055850345834005485,-0.007180981939232334,0.17406679714720363,3.756058577287719,3.7560585775581763
3.47,9.097048939006854,-9.118588726764152,0.79094335448686,1.030246133922709,0.7050000000000005,0.014302819314629948,0.008508497890002702,0.04159739458114502,-0.00737402788596575,0.17422621004143277,7.888049248857223,7.888049248422171
3.4800000000000004,9.104396929097344,-9.111226278008743,0.7973159772474895,1.0401672769825452,0.7100000000000005,0.014845537803720337,-0.0259687150627012,0.12227083674494099,-0.0073900318800328435,0.1744949054264502,3.8402045358886205,3.840204535653531
3.49,9.11157340310063,-9.103691179877949,0.8040430583318013,1.0406086126038765,0.7150000000000005,0.01286069000543944,-0.1721965112241104,0.222270836744941,-0.007557605425014602,0.17442891985156028,8.13068166675392,8.13068166609398
3.5,9.118880333596852,-9.096079086933504,0.8108017462977433,1.055125596081936,0.7050000000000005,0.01391859699897695,0.1848395931868776,0.12227083674494099,-0.007695216053783316,0.17442253886326442,3.480495378413287,3.480495378702544
3.5100000000000002,9.126030963682192,-9.088362035841014,0.8175144803001189,1.0520763845684376,0.7100000000000005,0.013838551350160936,-0.0016145910972325608,0.0810477030498396,-0.007960336680600255,0.17445714914669852,8.295933446422774,8.295933445946613
3.5200000000000005,9.133351964300184,-9.08064970044941,0.8239535352069084,1.0633779968716066,0.7150000000000005,0.015440897214690231,0.22982926329543854,-0.018952296950160402,-0.007996155800090499,0.1748128077965704,4.010749213279875,4.010749213510267
3.5300000000000002,9.140522124511913,-9.072819876071488,0.8303963778655817,1.0617352041832442,0.7200000000000005,0.0157339915523865,0.03635267718746177,0.0005179454175822107,-0.008070553170046013,0.1751585932680549,8.395455781115583,8.395455780624928
3.54,9.147862988096884,-9.064988559949953,0.8366699372929125,1.0734404550398915,0.7250000000000005,0.017680302411524858,0.261045998378927,-0.0994820545824178,-0.007931046820123022,0.17572404662280516,3.849743448976142,3.8497434492319007
3.5500000000000003,9.155059899197413,-9.057076267543483,0.842792424895516,1.069674373993841,0.7300000000000005,0.017848445095500206,-0.0005097686396948742,0.0005179454175822107,-0.007834525098680878,0.17642152182976678,8.24765319589036,8.247653195471788
3.5600000000000005,9.16231778641233,-9.049158528392383,0.8489372780411866,1.074088122439128,0.7350000000000005,0.017480639431731552,-0.09924727380244086,0.10051794541758222,-0.00757229152222938,0.17710579004118832,3.7910341457410035,3.7910341456138985
3.5700000000000003,9.169379713899708,-9.041167982221284,0.8553253534075174,1.0665399254811705,0.7400000000000005,0.015152840193872972,-0.35144613543456127,0.20051794541758222,-0.00745012697804448,0.17751432190911023,8.41311636884903,8.413116367606138
3.58,9.176483677055502,-9.032697636513392,0.8624612879056387,1.1054754431386802,0.7300000000000005,0.014909292581250176,0.09568301987718245,0.13578739947728918,-0.007535017261400601,0.17744820856995278,3.9808116189315728,3.980811618827269
3.5900000000000003,9.183410629135558,-9.024095776057536,0.8694510363056629,1.1044234462984857,0.7350000000000005,0.013908134967543227,-0.0880527205694395,0.21950449613325243,-0.007982229983021227,0.17756295887533313,8.104963526027188,8.104963525456492
3.6,9.190499675495197,-9.015482517533124,0.8762149187798569,1.1155273898947278,0.7250000000000005,0.01478996104214098,0.16015664749794054,0.11950449613325242,-0.008173537365921524,0.17794925904609138,3.845185334788648,3.8451853349705885
3.6100000000000003,9.197421573850276,-9.006745457535997,0.8829060250030797,1.114688232651037,0.7300000000000005,0.014368218340895397,-0.026480154486611535,0.10742518540561767,-0.008425937336918654,0.1784095032493288,8.132873849226453,8.132873848761294
3.62,9.204504683818381,-8.997999426619534,0.8893469762694421,1.1254603696558667,0.7350000000000005,0.015709825116489277,0.20392365040612373,0.007425185405617665,-0.008441103706793296,0.17916451862853067,3.6645959417542007,3.6645959420178507
3.6300000000000003,9.211418164583089,-8.98914303682151,0.8957448306893888,1.1235744423299967,0.7400000000000005,0.015725192661426822,0.003235540468685981,0.04886006823360683,-0.00850437552157457,0.17995575832783917,7.845675411902136,7.845675411498525
3.64,9.218477479798706,-8.98027421130217,0.901911157463556,1.1335623380257114,0.7450000000000006,0.01679052076435246,-0.08283169355870589,0.14886006823360684,-0.00835209063988085,0.18101939428439706,3.8224871729054,3.822487172884567
3.6500000000000004,9.225354711455203,-8.971480536285789,0.9075762385199702,1.1164705437231068,0.7500000000000006,0.01505520229146552,-0.24337891572373233,0.24886006823360685,-0.008177463037983168,0.1824720376664022,8.122883782789353,8.122883782533322
3.66,9.232262522535528,-8.962629945148395,0.9132459891878247,1.1227668566633908,0.7400000000000005,0.0159895838943053,-0.0831561234198657,0.2909491221820348,-0.007775484631183938,0.18393385788780126,3.303528049792227,3.3035280499274426
3.6700000000000004,9.239002282699005,-8.95383198990499,0.9185780189872547,1.1083898045882274,0.7300000000000005,0.014347306806786433,-0.22467648023617728,0.3909491221820348,-0.0074222439432416465,0.18564669692432767,8.417696477929615,8.417696477724556
3.68,9.245755235527817,-8.944958879567087,0.9239455995130752,1.1150942373616406,0.7200000000000005,0.015440170884106205,-0.068812016944633,0.29094912218203484,-0.00691396204644068,0.18734836276026146,3.783686074791388,3.7836860748194394
3.6900000000000004,9.252308572460239,-8.936195235564595,0.9289907719320718,1.0943678612812617,0.7100000000000005,0.014042052975312788,-0.21591136124823568,0.3909491221820348,-0.006469942410278984,0.189247077691026,8.105806384876583,8.105806384617548
3.7,9.258768103728613,-8.92757864620283,0.9348503500518703,1.0768788114709806,0.7000000000000005,0.012922799519653676,-0.1302928401499498,0.3582148110660691,-0.005877238567083998,0.19020145121423956,3.4706145605071512,3.470614560138858
3.7100000000000004,9.265597616657976,-8.919262450776385,0.9404974223299666,1.07609255637814,0.6900000000000005,0.013187518686468657,0.03663694955228533,0.25821481106606914,-0.004989120241899014,0.19131640249501614,7.968015261521009,7.968015262026677
3.72,9.27222989828914,-8.910756773199045,0.9462510563119251,1.0786247324082587,0.6800000000000005,0.012146443550492336,-0.17278344525504805,0.3364103480270802,-0.004226195092953189,0.19235882523355952,3.7849107521644942,3.7849107516544356
3.7300000000000004,9.278937291909838,-8.902312898515781,0.9523614368835542,1.0784176132473222,0.6700000000000005,0.011563354277283838,-0.13527382958668582,0.3501228771949788,-0.0033289993801699502,0.19301994493266572,7.901416208146575,7.901416207900881
3.74,9.285499060533105,-8.893493341415128,0.9590089266663687,1.0993080157566784,0.6600000000000005,0.009462219343284914,-0.26178123593992964,0.4501228771949788,-0.0027513440105626508,0.1933210918353977,3.8457935333469964,3.845793533240117
3.75,9.292250989270256,-8.88477918085341,0.9656716537237563,1.1023705192465894,0.6500000000000005,0.008715425964269117,-0.1266790027903774,0.3977813797017137,-0.0020403872351908436,0.19360201906273664,8.13314153324308,8.133141532748137
3.7600000000000002,9.298919538989233,-8.875784072358746,0.9728580126264218,1.1197594899797605,0.6400000000000005,0.006726799681337449,-0.24416373144323503,0.49778137970171366,-0.001446888294151849,0.19348628893358966,3.7455484737876166,3.7455484734609468
3.7700000000000005,9.305729339223062,-8.866796754392785,0.9802207011452098,1.1275826782068348,0.6300000000000004,0.005623322753957485,-0.16083927355940514,0.444543880447161,-0.0007969527658058251,0.1932297639662912,8.089021009138454,8.08902100906606
3.7800000000000002,9.312431884682594,-8.857471775013249,0.9881059312076572,1.1483951914673363,0.6200000000000004,0.003279650268647047,-0.28295667729802676,0.544543880447161,-0.0003489844694395394,0.19261137948214335,3.8381686079284,3.8381686078888717
3.79,9.319354788230715,-8.848277146837082,0.9960609104284183,1.1509214109368642,0.6100000000000004,0.002415125863605688,-0.11428418986429492,0.444543880447161,0.00027951746822063583,0.1919042007328008,8.12978560020294,8.12978560007394
3.8000000000000003,9.32612766240775,-8.838858296987393,1.0045394473276508,1.160132825492611,0.6000000000000004,0.0004134377965523777,-0.24381221060737285,0.5235851892993014,0.0007458537601356952,0.19075450501149827,3.8561101915937757,3.856110191512562
3.8100000000000005,9.332971535101672,-8.829301996887619,1.0135833448151819,1.175420240762699,0.5900000000000004,-0.0013955778451633836,-0.20753626108018125,0.5196437054869688,0.001157013432242282,0.189138562005706,8.137682169754596,8.137682169620836
3.8200000000000003,9.339956304635637,-8.819719174247622,1.0224058686371629,1.1857902347569236,0.5800000000000004,-0.0015313826171815016,-0.04156174719448967,0.41964370548696883,0.0016082078972687874,0.1877938378628381,3.859585682341855,3.8595856825996124
3.83,9.346628693502304,-8.810154583612146,1.0313292153182367,1.1662228700664394,0.5700000000000004,-0.0029110397960140796,-0.09740552403864522,0.3530498688973678,0.0019222926822821673,0.18624250494796812,8.05427649695132,8.054276496333037
3.8400000000000003,9.353179871219497,-8.80046053470882,1.0406790887880113,1.1699926104525071,0.5750000000000004,-0.0029288283210604543,-0.0694252979596767,0.32526140184477903,0.0021311019993865976,0.1843010825066964,3.822876621844746,3.822876621645224
3.8500000000000005,9.359329006557394,-8.79051955087947,1.0504264514288804,1.1689767668072097,0.5800000000000004,-0.0058561265440600216,-0.2732669336012927,0.425261401844779,0.00183622335995981,0.1820225475440178,7.91900546294154,7.919005462446247
3.8600000000000003,9.365455167119869,-8.780415394945743,1.0599049211477676,1.181635464568759,0.5700000000000004,-0.005504467894384906,0.12494946957220257,0.32526140184477903,0.0014336999146640217,0.18010493057098031,3.7633402319002145,3.763340232281144
3.87,9.371321454131001,-8.770228001245862,1.0693589067285179,1.175565031571414,0.5750000000000004,-0.006194666821263982,-0.047899564262020224,0.2546445040609917,0.0009235842349446521,0.17818605557401315,8.014034316874302,8.014034316392449
3.8800000000000003,9.377292833867031,-8.760012870402004,1.078410041357575,1.183191997300199,0.5800000000000004,-0.0050675839212718145,0.18584932529153436,0.1546445040609917,0.0005976989923066611,0.17669389939125235,4.097769952277975,4.097769952532322
3.89,9.383021434930075,-8.749712878361208,1.0874291288857525,1.1785357514928099,0.5850000000000004,-0.0051296560714503255,0.002262777803319712,0.15040772554263848,0.00021988590512811435,0.17521069196595107,8.244043075557476,8.24404307500615
3.9000000000000004,9.388854432394893,-8.739359606276194,1.096123319101,1.1882426068510468,0.5900000000000004,-0.003550401178775325,0.22649533645088388,0.050407725542638476,2.1697080919036438e-05,0.17409046866973021,3.9890527939624634,3.9890527942238165
3.91,9.394449289476265,-8.728929153519465,1.104862237929186,1.1835427261323168,0.5950000000000004,-0.003198045694938218,0.042018076328820916,0.0771083038504676,-0.00024371874476680766,0.17290417534695157,8.108409328976062,8.108409328460255
3.9200000000000004,9.400160817789374,-8.718448843499754,1.1133330233232364,1.193446574632025,0.6000000000000004,-0.0012885887379077182,0.25553231028371026,-0.022891696149532403,-0.00033740922954539343,0.1720261191708643,3.7357244880699403,3.7357244883838856
3.93,9.40563995888232,-8.707899771654057,1.1219055586267124,1.1886153600155605,0.6050000000000004,-0.0006047139151677028,0.07402387148660666,0.016535175071383475,-0.000506343024702316,0.1710252067168958,8.002487612793498,8.002487612302916
3.9400000000000004,9.411246812246512,-8.697302292081236,1.1302799558584489,1.198811534836737,0.6100000000000004,0.001554969230872115,0.27777869573818037,-0.08346482492861654,-0.0005074559282616242,0.17026425129225586,3.800082952426411,3.8000829527046314
3.95,9.416634317336507,-8.686638421061348,1.1386848209579346,1.1946665791607138,0.6150000000000004,0.002335268362035219,0.05485448569948773,0.011983356541645951,-0.0005904994014576115,0.16945675932961857,8.307371933555064,8.307371932995606
3.9600000000000004,9.422109314937396,-8.67597003041338,1.1468995784361782,1.1989267108459263,0.6200000000000004,0.0032873081105261335,-0.11421862152316742,0.11198335654164596,-0.0005105736083812484,0.16884433910166496,3.737557139147546,3.7375571391504536
3.97,9.427380380850735,-8.665452641460723,1.1548393849760552,1.1765377701544981,0.6250000000000004,0.0017109023343853458,-0.1640773673248648,0.21198335654164596,-0.0004466786364483166,0.16836363766225435,8.085503809996217,8.085503809472218
3.9800000000000004,9.432442616226897,-8.654854293992045,1.1621553261845907,1.1741937906169289,0.6300000000000004,0.0021159473492671525,-0.10875647389505218,0.311983356541646,-0.0004383739785620566,0.16850244473717305,3.726626087870336,3.72662608799551
3.99,9.437255680184071,-8.644216582259984,1.1694745203931578,1.167574513058486,0.6200000000000004,-0.0001967931030490008,-0.2986371986931423,0.411983356541646,-0.0004118789178431115,0.16859346254170782,8.198749217186588,8.1987492170333
4.0,9.442013895924612,-8.633481367224446,1.1768172207801673,1.1741998505675073,0.6100000000000004,0.0006935911866469988,-0.11754507825761297,0.4092780819035311,-0.0003766864560079686,0.16870231159459112,3.97011451072838,3.970114511137165
4.01,9.446548423163856,-8.622977009308956,1.1835933027930587,1.1441971342596187,0.6000000000000004,-0.000837321511015652,-0.19390884137162495,0.45423220595251745,-0.00043104263551430044,0.1691967963732719,8.480692989857769,8.480692989562241
4.0200000000000005,9.451019107677826,-8.612415656869413,1.1906254641923724,1.146781379893047,0.5900000000000004,-0.0003024568984907827,-0.04670137242159818,0.3542322059525175,-0.00031078629017677883,0.16943323697492543,3.8100261974298806,3.8100261973653606
4.03,9.455252899268668,-8.601851824201592,1.1979471148720549,1.1381133910481938,0.5800000000000004,-0.0020109600653049615,-0.14936624299065915,0.3816709129991615,-0.00041667867371852907,0.16935028646380723,8.49595293605095,8.495952935461133
4.04,9.45951445089691,-8.591170943719545,1.2054378876078824,1.1498912662840313,0.5700000000000004,-0.00033426185133346496,0.24230258274028726,0.28167091299916147,-0.000522546199780205,0.16917437890206322,3.6255863566725264,3.6255863570239435
4.05,9.463563152939138,-8.580460217046998,1.2129939673641206,1.1449932760859085,0.5750000000000004,0.00019723203251938227,0.05609267168836845,0.18167091299916147,-0.0008103792409599464,0.1689227701859619,7.956436620336048,7.95643661990841
4.0600000000000005,9.467752586483634,-8.569695475980337,1.2203531228375104,1.1550693088270372,0.5800000000000004,0.002333577790192726,0.275847029224357,0.08167091299916146,-0.0009065582897966884,0.16891123934783692,3.411282751027541,3.411282751386784
4.07,9.471783328694928,-8.558930891997022,1.227521028706204,1.1494863486178204,0.5850000000000004,0.0026619523180880056,0.05361640404887296,0.015265063842463178,-0.0010176248007280897,0.16905714203955835,8.144806662985024,8.144806662557295
4.08,9.47588664941535,-8.548105526024989,1.2349010654486952,1.1576736326438686,0.5900000000000004,0.004065082927940455,0.07712928501837493,0.03712567184406837,-0.0009281562454899195,0.16902027976990253,3.669585293943004,3.669585293657045
4.09,9.479760183128722,-8.537182459790778,1.2428948700512692,1.158915837738168,0.5950000000000004,0.0025832407568435025,-0.16673828729422957,0.13712567184406838,-0.001060330195503889,0.16840343927127455,8.05558758773532,8.055587587476651
4.1000000000000005,9.483671806591747,-8.52611843390598,1.250810685919538,1.1734743753494914,0.6000000000000004,0.0040662286165811905,0.22314156179876432,0.03712567184406837,-0.00127345000863488,0.16796629554491993,3.3525554996737186,3.352555500389243
4.11,9.487243731124547,-8.514751521670588,1.2589727843217495,1.1913064370149302,0.6050000000000004,0.003389263126563845,-0.09130326163867224,0.13712567184406838,-0.0017573561611121669,0.16742701857704545,7.842276866837396,7.842276866458874
4.12,9.490852561831144,-8.503179452304856,1.2672159536385146,1.2119912862758204,0.6100000000000004,0.004024850083349472,0.1252480985598333,0.03957059757850631,-0.0022159157939165564,0.16693768695395805,3.729569930562673,3.7295699308044687
4.13,9.49423546143141,-8.491547615060146,1.2754288528258753,1.2112869914949027,0.6150000000000004,0.0034309189785990332,-0.05176094796330792,0.13957059757850632,-0.0028376874121356366,0.16649188303962134,7.875777291119616,7.875777290671446
4.140000000000001,9.497762525828245,-8.479839826230242,1.283401132964761,1.2226597224166886,0.6200000000000004,0.004600321146641168,0.18521153305069415,0.03957059757850631,-0.0032238547500127446,0.16633686263965308,3.8350733807704787,3.835073381011368
4.15,9.501084673573496,-8.468100226213869,1.291346507201329,1.220018022034073,0.6250000000000004,0.004548983226066931,0.00035685910941726795,0.09749233555506867,-0.0036521685664112624,0.1661970504250485,8.128423308610113,8.128423308139158
4.16,9.504544672145272,-8.456283563548665,1.299081963103348,1.231240303595818,0.6300000000000004,0.006170433297480142,0.22978453641393926,-0.0025076644449313346,-0.003849697478982339,0.16631534814722393,4.058432221804148,4.058432221998268
4.17,9.507799517393094,-8.444443191936033,1.3068050561148692,1.227957541488158,0.6350000000000005,0.006507192494175232,0.032576890884645326,0.03513474251225333,-0.004096641804296919,0.16643122900766572,8.13741827854781,8.137418278076769
4.180000000000001,9.51118724902569,-8.432535918053032,1.3143299218391833,1.2379737000214355,0.6400000000000005,0.008544558478199099,0.2668840335321537,-0.06486525748774669,-0.004118729446073832,0.16678502989020738,3.9444707981368325,3.9444707983708116
4.19,9.514369916308539,-8.420608115940215,1.3218388851789515,1.234560178179392,0.6450000000000005,0.009202817888966175,0.06057236192786636,-0.020728117242316338,-0.004192489627589335,0.16713928331521077,8.54935625654322,8.549356256025673
4.2,9.517666147476273,-8.408621715803946,1.3292358436946339,1.2431275452750636,0.6500000000000005,0.010572579907937507,0.009114537016789747,0.07563729131400307,-0.004057035892850669,0.16763666889321938,3.52956461664923,3.5295646164682446
4.21,9.52080571177099,-8.396712923785305,1.3365670110080925,1.2317541525746971,0.6550000000000005,0.009244306107276471,-0.14160494527739487,0.17563729131400307,-0.0039433347768658145,0.16812892157689086,7.916287978098305,7.916287977792782
4.220000000000001,9.523957907785393,-8.384782987406426,1.3438710072932534,1.2339047062938788,0.6600000000000005,0.0098557606360158,-0.10737449277982924,0.27563729131400305,-0.0037041431799589297,0.1686481618379594,3.225568378778294,3.225568378708279
4.23,9.526994048931606,-8.373101030579043,1.3508799206409736,1.2072618970670692,0.6500000000000005,0.008287017032776903,-0.18186791563264906,0.37563729131400303,-0.0034655851822436023,0.1692900448343546,8.06715570734253,8.067155706642552
4.24,9.529797094808012,-8.36138646663338,1.357535748651159,1.2043330526531637,0.6400000000000005,0.007938561382217917,-0.14364857195659692,0.36493473794158615,-0.003283668957512198,0.17027680501875442,3.7193379589329165,3.7193379587662365
4.25,9.532382594424586,-8.349713360746817,1.3644128957442518,1.1956545724889178,0.6300000000000004,0.005500163462220593,-0.22147783439286994,0.4506307204900345,-0.003122905515698049,0.1709884988402035,8.077485062858218,8.077485062128003
4.26,9.534901467286648,-8.337866425254365,1.3716415193886593,1.2110820908194484,0.6200000000000004,0.006805782387518312,0.22180471606343785,0.3506307204900345,-0.003009412966132663,0.17145360790406536,3.8330913303061553,3.8330913304806224
4.2700000000000005,9.537190634874943,-8.326037885345121,1.3789301169085764,1.2047269204732576,0.6100000000000004,0.007138762476568957,0.03401645855467901,0.25063072049003454,-0.0031370780214823313,0.17184584493220956,8.428986799144168,8.428986798592808
4.28,9.53958061151181,-8.314148499050003,1.386177767253326,1.2126241299795957,0.6150000000000004,0.008031499347849668,0.002951296184905034,0.15063072049003454,-0.0030910869643507866,0.1723110493384601,4.0663815257405735,4.066381525467105
4.29,9.541735664223344,-8.302226456199895,1.3938386080066925,1.2114916868439918,0.6200000000000004,0.006403886899316025,-0.13412010987915665,0.25063072049003454,-0.003176060455125862,0.172370751764356,8.418716782208634,8.418716781602138
4.3,9.543952183107285,-8.290193215802663,1.401531905143951,1.2234725383769918,0.6250000000000004,0.007794221548857186,0.22429618555086878,0.15063072049003454,-0.0032371307847700592,0.16926442165094557,4.0620874228056785,4.062087423126107
4.3100000000000005,9.545977591175113,-8.278180208772584,1.4092068015145802,1.2181996032284996,0.6300000000000004,0.008192367999634645,0.04929206089592379,0.05063072049003453,-0.003485210260945948,0.16158952528031634,8.331999262770749,8.331999262328104
4.32,9.548143526139297,-8.266097383426992,1.416609717184234,1.2274657538838936,0.6350000000000005,0.010223353575477398,0.27308918986114206,-0.049369279509965475,-0.00359030563713425,0.15418660961066255,3.9451098172458496,3.945109817515923
4.33,9.550113513643538,-8.254016570271547,1.4240457838105058,1.2240106231236714,0.6400000000000005,0.01104237406102487,0.08672864447148708,-0.0744007536972008,-0.0038135635884106733,0.14675054298439072,8.47125737872931,8.471257378225227
4.34,9.552217989045548,-8.241863943581263,1.4313356521007978,1.233304806272379,0.6450000000000005,0.013463084382869023,0.30648283206432125,-0.17440075369720082,-0.003914696937624029,0.13946067469409873,3.5015672683499797,3.5015672686923267
4.3500000000000005,9.554123373037728,-8.229736035549541,1.4386126472593983,1.2276642277357002,0.6500000000000005,0.014497997869438239,0.10920062856391831,-0.14387904512933383,-0.0041739132131262124,0.13218367953549826,8.373428632970027,8.373428632353294
4.36,9.556049262614302,-8.217558422415975,1.4457944614802103,1.23282846643949,0.6550000000000005,0.01536558217723363,0.025517887078717265,-0.04387904512933383,-0.004411011814564603,0.12500186531468627,3.648944252686015,3.6489442526819285
4.37,9.557516633461152,-8.205193559257172,1.453226049163726,1.2449750392154102,0.6600000000000005,0.01321667390616337,-0.13003520643011252,0.05612095487066618,-0.005080391295081199,0.11757027763117046,7.966203031528417,7.966203031234357
4.38,9.55903513472126,-8.192773653207434,1.4605766400679794,1.2510396000481814,0.6650000000000005,0.014752530522644873,0.2412094589533759,-0.04387904512933383,-0.005774983194184458,0.11021968672691718,3.4151621093844273,3.41516210988633
4.390000000000001,9.560331143249261,-8.180400750406513,1.467873235385964,1.2438915261217074,0.6700000000000005,0.01541693367898231,0.08200051830280569,-0.10526426140768047,-0.0066698596062781945,0.10292309140893252,7.943609159635861,7.943609159229315
4.4,9.561770738915556,-8.16795347409493,1.4749158844859187,1.2528406098500038,0.6750000000000005,0.017577272235803618,0.2844550063657594,-0.20526426140768048,-0.0074068188481106745,0.09588044230897784,3.670263501146715,3.670263501471421
4.41,9.562988217088318,-8.155517385342806,1.4819257831074153,1.24939927791711,0.6800000000000005,0.018622551331084335,0.1167089846152484,-0.2069246711573457,-0.008291701694917109,0.08887054368748126,8.055886085358125,8.055886084868545
4.42,9.564338274950611,-8.143001445571239,1.488755072910669,1.258674694307067,0.6850000000000005,0.02113528811780805,0.3186973226332762,-0.3069246711573457,-0.009035642946942701,0.08204125388422745,3.352662507088151,3.3526625074608614
4.430000000000001,9.565483172174073,-8.130508860496933,1.4955671322331556,1.2543039086471084,0.6750000000000005,0.02258750677247544,0.17922060960727573,-0.32105501420305393,-0.009932052399918234,0.07522919456174093,8.120296346972347,8.120296346456868
4.44,9.566843899580213,-8.117959359219299,1.502183863902313,1.261977470076745,0.6650000000000005,0.025801282214855857,0.38936801407129745,-0.4210550142030539,-0.010608623752732527,0.06861246289258349,3.9373117703302762,3.9373117705711356
4.45,9.568004205024526,-8.10544925537352,1.5088270864651985,1.2560669277528338,0.6550000000000005,0.02787756899891066,0.22497876136780987,-0.4343907661634132,-0.011428202548504629,0.06196924032969809,8.282436587062122,8.282436586521072
4.46,9.569327851824681,-8.09288171280805,1.5153317713034407,1.2633474521208359,0.6450000000000005,0.03151901600965198,0.42977866340851895,-0.5343907661634132,-0.012093272464733573,0.0554645554914559,4.005105901861956,4.005105902100238
4.470000000000001,9.570445583410276,-8.080355794569428,1.521841852612821,1.2572183135085873,0.6350000000000005,0.033908183236088366,0.2606864953298355,-0.5303274773356379,-0.012923579957643483,0.04895447418207555,8.493897117540582,8.493897116894559
4.48,9.57168415523951,-8.067756934522695,1.5281592705540596,1.2655731473567324,0.6250000000000004,0.03791968743242796,0.46558588673562207,-0.6303274773356379,-0.013635367872099735,0.04263705624083691,3.6247697559803775,3.624769756396792
4.49,9.572587261403516,-8.055106677602794,1.5346873443180737,1.2676647921633826,0.6150000000000004,0.04031279735792479,0.1797140321558222,-0.5303274773356379,-0.014625496906781166,0.036108982476822815,7.956095183160357,7.956095182280453
4.5,9.573560536665635,-8.042299134361969,1.5413700289550594,1.283428944840162,0.6050000000000004,0.043576861513503394,0.3925085479601242,-0.6303274773356379,-0.015609122488250193,0.02942629783983719,3.411147127238628,3.4111471274786496
4.51,9.574303076515035,-8.029551785332444,1.5479901779009844,1.2758523035954006,0.5950000000000004,0.04587771509426457,0.22967157632328322,-0.563917225798414,-0.016870308099726117,0.022806148893912193,8.337512458213086,8.337512457544186
4.5200000000000005,9.57519592479557,-8.01675175347308,1.554374173706411,1.2819690124970227,0.5850000000000004,0.049627718434440936,0.4381096195515859,-0.663917225798414,-0.017962823618026036,0.016422153088485603,3.9475363214981614,3.947536321756755
4.53,9.575852670842538,-8.004013661064535,1.5607277412760159,1.2743177657768794,0.5750000000000004,0.05232963923820597,0.269130480576747,-0.649311931257221,-0.01922090467008175,0.01006858551888068,8.177921248174162,8.177921247573146
4.54,9.576658988930676,-7.991225002886638,1.5668889113341244,1.2801010157754849,0.5650000000000004,0.056474547304499585,0.4758670531130883,-0.7445722937553801,-0.02032048644925588,0.003907415460772112,3.499259616429443,3.4992596168251473
4.550000000000001,9.577230423017696,-7.978503744395173,1.5730399536302977,1.2720372239655546,0.5550000000000004,0.05956263903506677,0.3018622571785515,-0.7226866958410465,-0.021597355326971268,-0.002243626835401136,7.9806227153392735,7.980622714797926
4.5600000000000005,9.577947731174175,-7.965730725509421,1.5790337924842874,1.277829773775874,0.5450000000000004,0.06403502399845473,0.5066028180617417,-0.7665847231305278,-0.022725356311738665,-0.008237465689390877,3.98995750303825,3.9899575033078833
4.57,9.578431817634712,-7.953027255017131,1.5850129887912299,1.2696922955913932,0.5350000000000004,0.06743491594644282,0.33180189709211777,-0.7797541313173721,-0.024039394124191205,-0.014216661996333311,8.303348225952055,8.303348225335881
4.58,9.579062972386508,-7.940273010659791,1.590872746036263,1.2753248186219435,0.5250000000000004,0.07219921598255993,0.5341520451568301,-0.7837049537734255,-0.025201882544893195,-0.020076419241366494,4.013849483279601,4.013849483559707
4.59,9.579468536521999,-7.927599645728975,1.5967336940839785,1.2662170691305163,0.5150000000000003,0.07589026593388747,0.35689013378469403,-0.7848902005102415,-0.02655398465586778,-0.025937367289081914,8.312838462701661,8.312838462006765
4.6000000000000005,9.580001890357076,-7.914876517711163,1.6024194821475493,1.2715832898761539,0.5050000000000003,0.08089551179377635,0.5601132863723945,-0.7852457745312863,-0.02777844739466495,-0.0316231553526527,3.9366766380040774,3.9366766383222487
4.61,9.58028358337501,-7.902234035375155,1.608107602727143,1.2625831277437178,0.49500000000000033,0.08484948803374583,0.37223399139745694,-0.7853524467375997,-0.029201782114201436,-0.03731127593224648,8.086509793164852,8.086509792580681
4.62,9.580681726570026,-7.889613352553668,1.6133332537668081,1.26029023061607,0.4850000000000003,0.0902219327279478,0.6080687979222671,-0.7853844483994937,-0.03050905928064296,-0.04253692697191158,3.3636406751072263,3.363640675828712
4.63,9.580792023166651,-7.877172050057132,1.618103852449595,1.2411818177659675,0.4750000000000003,0.09464314753954749,0.4248900719239258,-0.785394048898062,-0.0319652069782137,-0.047307525654698424,7.706245476403482,7.706245475949596
4.640000000000001,9.581015886151523,-7.864712378890779,1.622757424462179,1.2429771247269579,0.4650000000000003,0.10027173403674663,0.612010965741062,-0.7853969290476324,-0.03317107842040912,-0.05196109766728241,3.764188681446527,3.764188681839351
4.65,9.580978952694407,-7.852366806571913,1.627329672647539,1.2311276325717504,0.4550000000000003,0.10477508675626764,0.42908113502024414,-0.7853977930925036,-0.0346023629196619,-0.05653334585264247,8.09722506214966,8.097225061585515
4.66,9.581019899732135,-7.840012340426704,1.631850976171221,1.2316991957983272,0.4450000000000003,0.10966722079463478,0.3566901982123771,-0.7853980523059649,-0.03593107138428131,-0.06105464937632443,3.841779430313734,3.8417794303184643
4.67,9.580764440865346,-7.8278128587248155,1.6364209495499928,1.2164288432124948,0.4350000000000003,0.1122657946342318,0.2943645418166586,-0.7853981300700033,-0.037540576488444444,-0.06562462275509628,8.131374819948434,8.131374819231404
4.680000000000001,9.58059644570932,-7.8155155954708855,1.6412428979568867,1.2257183666679135,0.42500000000000027,0.11716571688004118,0.5532188832735901,-0.7853981533992148,-0.039076813238848374,-0.07044657116199016,4.059799631022397,4.0597996312625355
4.69,9.580207919590451,-7.803292227645139,1.64577683688087,1.2188757400281631,0.41500000000000026,0.12101395755821756,0.3793687703303438,-0.7853981603979783,-0.040908575766902544,-0.07498051008597352,7.934726337068001,7.934726336580347
4.7,9.579987413296463,-7.790997272218628,1.6503539065370525,1.2255074548010412,0.40500000000000025,0.12637505140241093,0.5887463188662064,-0.7853981624976073,-0.042485668343790195,-0.07955757974215594,3.483398360943775,3.4833983613433053
4.71,9.579573837783823,-7.778788515212084,1.6548304643109908,1.2172172664297,0.39500000000000024,0.1308327268784598,0.4223144469531371,-0.785398163127496,-0.04426826648454529,-0.08403413751609423,8.102135681663125,8.102135681005178
4.720000000000001,9.579315590851955,-7.766523411567162,1.6591717424959476,1.222480477374152,0.40000000000000024,0.13659855114445393,0.6296999914986029,-0.7853981633164626,-0.045864989531839484,-0.08837541570105101,3.7332325054313857,3.7332325057979414
4.73,9.578821477236055,-7.754347188077191,1.663369534897134,1.2141887695223714,0.39000000000000024,0.14136788461974226,0.4485104486556337,-0.7853981633731526,-0.047656649402991746,-0.09257320810223746,8.00144566431976,8.001445663697977
4.74,9.578467746577411,-7.742115929219054,1.6674881326014015,1.2192283946966735,0.39500000000000024,0.1473623758930431,0.6524203227789153,-0.7853981633901597,-0.0492645661579143,-0.09669180580650494,3.799624363010113,3.7996243633529403
4.75,9.577855042749206,-7.729954568136869,1.6714437208829156,1.2131003771754993,0.40000000000000024,0.1522486643386538,0.4616747927481356,-0.7853981633952617,-0.05110732005682728,-0.10064739408801904,7.908232895402771,7.908232894887206
4.76,9.57739317818101,-7.717724706043983,1.6754361098511257,1.2192717793025118,0.39000000000000024,0.15839060037579036,0.6657959327618955,-0.7853981633967924,-0.0527500884674712,-0.10463978305622913,3.848643728813343,3.848643729131223
4.7700000000000005,9.576604696941711,-7.705488960430861,1.6793915506247605,1.2201874527932488,0.39500000000000024,0.16320964282572703,0.4518348226481804,-0.7853981633972515,-0.054729981747902556,-0.10859522382986397,8.511292372655083,8.511292371898332
4.78,9.575991601409099,-7.693191854008835,1.6833115283105868,1.2253515162167687,0.40000000000000024,0.1691655388772085,0.6352480811115291,-0.7853981633973893,-0.05652297073224766,-0.11251520151569028,4.024021496323955,4.024021496603091
4.79,9.57517085813242,-7.681003996622482,1.6871109028784386,1.215304927426522,0.39000000000000024,0.17408499078603593,0.4628209515091508,-0.7853981633974306,-0.05851252712067989,-0.116314576083542,8.211584413395322,8.211584412800061
4.800000000000001,9.57449854361244,-7.668785319839278,1.690852089110579,1.2167975527035162,0.39500000000000024,0.17917310877295986,0.30414357520340773,-0.785398163397443,-0.060317200956077954,-0.1200557623156824,3.8921120306199812,3.8921120305966075
4.8100000000000005,9.573713517838286,-7.65680569680835,1.694025257401499,1.194274322385866,0.40000000000000024,0.18175367371007276,0.26948092971179305,-0.7853981633974467,-0.062216752685115395,-0.12322893060660234,8.345851162280713,8.34585116190302
4.82,9.572941379791406,-7.644738824656165,1.6980932635674264,1.202370625518089,0.39000000000000024,0.1872814344571681,0.6143410247984066,-0.7853981633974478,-0.06393380656374781,-0.12729693677252985,3.9512064075069344,3.9512064079686238
4.83,9.572027844617258,-7.632827056834359,1.7017339446019928,1.1878731946232488,0.39500000000000024,0.19145884866946403,0.4388176311117814,-0.7853981633974482,-0.06605818072334024,-0.13093761780709623,8.370559723415175,8.3705597228398
4.84,9.571177587018893,-7.620888617422563,1.705703695148165,1.1893558046380506,0.40000000000000024,0.1960033931020237,0.401900641156539,-0.7853981633974483,-0.06799155045793093,-0.13490736835326844,3.5757783770413982,3.575778377000235
4.8500000000000005,9.569998088088507,-7.608970018493478,1.7100697195778445,1.1899109279379387,0.39000000000000024,0.19900752889532802,0.29457896096063796,-0.7853981633974483,-0.0703514683938895,-0.13927339278294792,8.582761030586754,8.582761029613103
4.86,9.56900263635921,-7.59696577295026,1.714765076340363,1.1963762169405736,0.39500000000000024,0.20375756868422884,0.5249465140304486,-0.7853981633974483,-0.07264443757533101,-0.14396874954546646,3.4770643859870085,3.4770643862623434
4.87,9.567834799740377,-7.585046463378521,1.7192226998273974,1.189682826959219,0.40000000000000024,0.20773981528599839,0.3582958696853852,-0.7853981633974483,-0.07520677765281825,-0.14842637303250084,8.09961973603159,8.09961973542738
4.88,9.566851905922164,-7.573042582689703,1.7237094660365906,1.1966105708396197,0.39000000000000024,0.21303220981429352,0.5797801978407897,-0.7853981633974483,-0.07751269145461315,-0.15291313924169403,3.8428333901794387,3.842833390487542
4.890000000000001,9.565675025939578,-7.561124752137293,1.727956340749082,1.1898082233399294,0.39500000000000024,0.21751101873780826,0.4051174147967802,-0.7853981633974483,-0.08002035070055058,-0.15716001395418555,8.047272022915593,8.047272022356532
4.9,9.56479700808672,-7.549167082741596,1.7320963224323134,1.1902005580449233,0.40000000000000024,0.2235427791369325,0.7130829376255451,-0.7853981633974483,-0.08215714876805791,-0.16129999563741684,3.6288040773008836,3.6288040777523074
4.91,9.563944267968266,-7.537391573938782,1.7358249917356832,1.1696103822310495,0.39000000000000024,0.22932198949954555,0.5487469528557831,-0.7853981633974483,-0.08423617086913104,-0.1650286649407866,8.235756753046019,8.23575675242689
4.92,9.563280497432766,-7.525585645112917,1.7397762781112025,1.1713915054071813,0.39500000000000024,0.23641221679566593,0.7583318679664914,-0.7853981633974483,-0.0860036845312564,-0.16897995131630594,3.5222327070311255,3.5222327074665283
4.930000000000001,9.562429699808966,-7.51390792327428,1.7435247887614715,1.1595778705785647,0.40000000000000024,0.24252488183871856,0.5690521094667944,-0.7853981633974483,-0.08802337522507386,-0.172728461966575,8.191197095964927,8.191197095356344
4.94,9.56176446374237,-7.502195463368122,1.7474791199426072,1.1618037833458874,0.39000000000000024,0.2497979032143309,0.7745345647552148,-0.7853981633974483,-0.08979679022046838,-0.17668279314771063,4.175744015973068,4.175744016236922
4.95,9.560923306555994,-7.4906131763179165,1.7512183879248784,1.1495610861102947,0.39500000000000024,0.25607582092487174,0.5842070445561884,-0.7853981633974483,-0.09180618785336137,-0.18042206112998183,8.186468725442403,8.186468724811702
4.96,9.560254788807054,-7.4790005778748645,1.7550750796933032,1.1509414734594392,0.40000000000000024,0.2626327245598756,0.4295346111794623,-0.7853981633974483,-0.09357865108747454,-0.1842787528984067,3.964979787313027,3.9649797872990056
4.970000000000001,9.559466183928153,-7.4676363590728565,1.7582794841705007,1.1271151110685984,0.39000000000000024,0.266495333831981,0.4136149053340472,-0.7853981633974483,-0.0955050798188779,-0.18748315737560417,8.376318653607074,8.376318652804528
4.98,9.558752178535087,-7.45620863626086,1.7624716118490051,1.1324799221098094,0.39500000000000024,0.2731981688033718,0.7309585663093939,-0.7853981633974483,-0.09716384625696506,-0.19167528505410855,3.650034812374053,3.6500348127584146
4.99,9.55783899579959,-7.4449081838401,1.7663128347843935,1.1211725652118356,0.40000000000000024,0.27900235154735337,0.5445924464471703,-0.7853981633974483,-0.09931213406082584,-0.19551650798949693,8.541914274615994,8.54191427397406
5.0,9.557101880648661,-7.4335633947347,1.7703958537282636,1.1239679352416183,0.39000000000000024,0.2857897701248231,0.4330476046667982,-0.7853981633974483,-0.10118008776715648,-0.19959952693336702,4.037499012008767,4.037499012183363
5.01,9.556291031757018,-7.422522633748005,1.7734883106807642,1.0945782768769912,0.39500000000000024,0.28978299694170584,0.42653241886306814,-0.7853981633974483,-0.1031920156249182,-0.20269198388586762,8.128665678046623,8.128665677421095
5.0200000000000005,9.55556961110525,-7.411427179268605,1.7776689336673386,1.0991209439850318,0.40000000000000024,0.29656684320335247,0.7414750125278593,-0.7853981633974483,-0.10482246825096198,-0.20687260687244202,3.305709868745086,3.3057098692202893
5.03,9.554691245896766,-7.400490242336097,1.7815784687807257,1.0841410200369583,0.39000000000000024,0.30245953878669063,0.5459567714198347,-0.7853981633974483,-0.10692881357567252,-0.21078214198582912,7.89543630975242,7.895436309201666
5.04,9.553961809117716,-7.389526084590375,1.7857991105974604,1.0847342408586063,0.39500000000000024,0.30837391904944644,0.5138050144636443,-0.7853981633974483,-0.10880562939659022,-0.21500278380256388,3.7529668189411947,3.7529668194952874
5.05,9.552961825594345,-7.378679215284198,1.7900825348945886,1.0739744179607753,0.40000000000000024,0.31269421945295167,0.4207060048408538,-0.7853981633974483,-0.1110432188084598,-0.21928620809969204,8.578813949997961,8.578813949405435
5.0600000000000005,9.552128841102757,-7.367738705191842,1.794854081559953,1.0822453049342642,0.39000000000000024,0.3188675880265465,0.6722289811175711,-0.7853981633974483,-0.11313105285262814,-0.2240577547650564,4.12902730411635,4.129027304459883
5.07,9.551115310630635,-7.3568924584456425,1.7991580428065805,1.074655074757916,0.39500000000000024,0.3241711443257956,0.48790182545938177,-0.7853981633974483,-0.11554101980698483,-0.22836171601168398,8.166935518148202,8.166935517620987
5.08,9.550284780139588,-7.345963485772517,1.8037865242749345,1.0815517327856763,0.40000000000000024,0.33084388609829973,0.7186520132868048,-0.7853981633974483,-0.11762984273270938,-0.23299019748003788,3.956812556119136,3.9568125564734165
5.09,9.54928838403747,-7.335132459515174,1.808109794979714,1.0729531292399024,0.39000000000000024,0.33676131835321677,0.5329253008182635,-0.7853981633974483,-0.11997800240026812,-0.23731346818481747,8.182003966495527,8.182003965896616
5.1000000000000005,9.548478352467471,-7.324231194502409,1.8127030796869739,1.0786780089797312,0.39500000000000024,0.34383780150124177,0.7546564056429063,-0.7853981633974483,-0.12204931994957313,-0.2419067528920773,3.879092887043611,3.8790928873742008
5.11,9.547507391770708,-7.313433013129216,1.816952037609246,1.0693491845373606,0.40000000000000024,0.3499173312436724,0.5315267174801075,-0.7853981633974483,-0.12435889663605515,-0.2461557108143495,8.340407594079748,8.340407593442157
5.12,9.546717228599837,-7.3025872748126455,1.8215728742424988,1.0721245605236691,0.39000000000000024,0.35683046295262366,0.5498194861832273,-0.7853981633974483,-0.12638597962503617,-0.25077654744760225,3.45465946248743,3.4546594626980873
5.13,9.545938733703323,-7.292073875173873,1.8245789335947942,1.038157815437915,0.39500000000000024,0.36004188188266495,0.33953033107827446,-0.7853981633974483,-0.1285081536121062,-0.2537826067998976,8.35479618089962,8.354796180238873
5.140000000000001,9.545212673183025,-7.281532465560625,1.828697482092616,1.0388511768719044,0.40000000000000024,0.36425048990974734,0.33127862181372736,-0.7853981633974483,-0.13010748540383865,-0.2579011552977195,3.641913229768273,3.641913230325594
5.15,9.544260875635272,-7.271176164420957,1.8325510834347112,1.0217135630432004,0.39000000000000024,0.36708896922265866,0.3415095051028997,-0.7853981633974483,-0.13225462976167712,-0.2617547566398146,7.9632632180493665,7.963263218070863
5.16,9.543395980504666,-7.260867441260655,1.837377832712643,1.018146998566968,0.39500000000000024,0.37306069154523736,0.6617051068101947,-0.7853981633974483,-0.13423679983192294,-0.26658150591774654,3.593678287623792,3.5936782882832
5.17,9.542447838130398,-7.250752045108513,1.8415048307063482,0.999067920906235,0.40000000000000024,0.3773533233392066,0.3892990875976117,-0.7853981633974483,-0.13658273371241236,-0.27070850391145157,8.022178890627927,8.022178890217555
5.180000000000001,9.541621972862885,-7.240621838774252,1.8463308061097332,0.9979486828676242,0.39000000000000024,0.38204609460119865,0.3789139682729954,-0.7853981633974483,-0.13860228867758373,-0.27553447931483666,3.2655266958820994,3.26552669647858
5.19,9.540568589191325,-7.230709375426707,1.8508538109481578,0.9782069117043704,0.39500000000000024,0.38545506055002066,0.3795582885810419,-0.7853981633974483,-0.14104979916037763,-0.28005748415326126,7.805888354362407,7.805888354399986
5.2,9.539657507556722,-7.220830929923705,1.855969574686157,0.9752637715957901,0.40000000000000024,0.3913426224536072,0.6431358968421461,-0.7853981633974483,-0.14326576051295525,-0.28517324789126053,4.006159363122604,4.006159363699678
5.21,9.538611817078776,-7.211078010643184,1.8606271760186373,0.9639098977349657,0.39000000000000024,0.3961953568782849,0.42396074957510627,-0.7853981633974483,-0.14578529485102187,-0.2898308492237407,7.911117824787299,7.911117824403235
5.220000000000001,9.537726535015281,-7.201284590973056,1.865667202457382,0.9645411636486615,0.39500000000000024,0.400866985500248,0.3846752741164531,-0.7853981633974483,-0.14801050498053492,-0.2948708756624854,3.849849976427436,3.8498499764257805
5.23,9.53665561281833,-7.19166996575447,1.8703925050768015,0.9484325075333832,0.40000000000000024,0.4045107090031559,0.3890227592182838,-0.7853981633974483,-0.15052927755890622,-0.299596178281905,8.511771511476088,8.511771511262843
5.24,9.535733518236562,-7.182079077270583,1.8756234186570737,0.9466696161110503,0.39000000000000024,0.41036065189691767,0.6439530371062061,-0.7853981633974483,-0.15280680084960707,-0.30482709186217716,4.024232378046825,4.024232378554805
5.25,9.534757380486589,-7.172675883306685,1.880049939001547,0.9274623902006576,0.39500000000000024,0.4145053733911802,0.3852163433651683,-0.7853981633974483,-0.1552810923596457,-0.3092536122066505,8.401093366661243,8.401093366202444
5.26,9.533876412346409,-7.163232505543344,1.8852274458717078,0.9293620480969692,0.40000000000000024,0.41926388556974004,0.37547973109462396,-0.7853981633974483,-0.15742791006891288,-0.3144311190768112,3.9755199748804113,3.975519974933507
5.2700000000000005,9.532957065965666,-7.153996123226082,1.8898648636289526,0.9057565014840213,0.39000000000000024,0.4229090847403386,0.41112866274592896,-0.7853981633974483,-0.15982559339514957,-0.319068536834056,8.561689434282394,8.561689434010118
5.28,9.532420619471141,-7.144816797267884,1.8948603770266195,0.8949556585444446,0.39500000000000024,0.42906955857923434,0.6700750890524287,-0.7853981633974483,-0.16168405446492073,-0.3240640502317229,4.0462025871134335,4.046202587612173
5.29,9.531781268303032,-7.135760015014194,1.8995824262259178,0.8827246815110288,0.40000000000000024,0.43438362476305925,0.456562559053907,-0.7853981633974483,-0.16374523949231268,-0.3287860994310212,7.928741915572568,7.928741915122784
5.3,9.531325633812223,-7.126648943693384,1.9049755173233889,0.88686206695182,0.39000000000000024,0.44075646589628714,0.622698461360164,-0.7853981633974483,-0.16554268276486717,-0.33417919052849226,3.8572189671717863,3.857218967455325
5.3100000000000005,9.530722794766389,-7.117808589769283,1.9094540567997829,0.8590512667881826,0.39500000000000024,0.4444878268590752,0.36375480358386436,-0.7853981633974483,-0.1676753687185979,-0.3386577300048863,8.688963651171461,8.688963650848992
5.32,9.530253665997332,-7.109121840161541,1.9145244183832482,0.8445878849942744,0.40000000000000024,0.4500625944016385,0.6143327486199149,-0.7853981633974483,-0.16941274224284264,-0.3437280915883516,4.102219364200913,4.102219364676315
5.33,9.52969089379422,-7.100554721757014,1.9194706919215736,0.8326635828115528,0.39000000000000024,0.4552071419191283,0.4590567858667244,-0.7853981633974483,-0.171408938873995,-0.34867436512667704,8.347940244716243,8.347940244245432
5.34,9.529346579759547,-7.09203316218089,1.9246575466190325,0.8239065343320267,0.39500000000000024,0.46038759075644275,0.2917530000917566,-0.7853981633974483,-0.17314909263180667,-0.35386121982413593,3.7545195749729565,3.754519575151553
5.3500000000000005,9.529105172057289,-7.083754392037461,1.9289634470611106,0.7996776703588565,0.40000000000000024,0.46317760237266364,0.25782038192614243,-0.7853981633974483,-0.17485153799832176,-0.358167120266214,8.092969430610847,8.092969429978986
5.36,9.529018314899908,-7.0753892663837386,1.9349058969584194,0.8049381988350346,0.39000000000000024,0.4676440041706689,0.2498880694490608,-0.7853981633974483,-0.17614916195744357,-0.36410957016352286,3.2922397611687284,3.2922397613029246
5.37,9.528918571567589,-7.067308709788707,1.9403229356897467,0.7747969896983855,0.39500000000000024,0.4699431909820764,0.20306891166998203,-0.7853981633974483,-0.17791664285618403,-0.3695266088948501,8.224894511283912,8.224894510536014
5.38,9.52894399143539,-7.059313133269146,1.9469310610536295,0.7660394029605027,0.40000000000000024,0.473992480438944,0.45651746111393343,-0.7853981633974483,-0.17940821936163864,-0.3761347342587329,3.98104638976088,3.9810463900904134
5.390000000000001,9.528863654254627,-7.051445065479125,1.9534548603373851,0.7516631410529855,0.39000000000000024,0.4776250413839214,0.2983191090577651,-0.7853981633974483,-0.1813347973231192,-0.3826585335424886,8.48481817403556,8.484818173478397
5.4,9.528939140834748,-7.043602183055125,1.9603578346653174,0.7470230177789582,0.39500000000000024,0.48164399291598525,0.21620599190637715,-0.7853981633974483,-0.18307727170313193,-0.3895615078704209,4.089725758770585,4.089725758808908
5.41,9.528947909967526,-7.035984003796613,1.9664502299340827,0.7239166934412661,0.40000000000000024,0.4836533059623956,0.18161823406706945,-0.7853981633974483,-0.18498693400519528,-0.39565390313918614,8.24050261159599,8.240502611238686
5.42,9.529065166099942,-7.028327562452934,1.9735554954746315,0.7282054584484008,0.39000000000000024,0.48774208532078905,0.27593443600488743,-0.7853981633974483,-0.1865583309539165,-0.402759168679735,3.987572453915216,3.98757245419296
5.430000000000001,9.52907781669589,-7.02096483686197,1.9797327861131577,0.6974838266332025,0.39500000000000024,0.49009969070197973,0.1897676134277606,-0.7853981633974483,-0.1885096491266829,-0.4089364593182612,8.662916767454066,8.662916766852396
5.44,9.529183529440228,-7.013543327908876,1.9869041156139493,0.7020315080113623,0.40000000000000024,0.49370547522402697,0.19413822724974228,-0.7853981633974483,-0.19010658278755344,-0.4161077888190527,4.3833604235279235,4.3833604235249215
5.45,9.529175811889935,-7.006371813376389,1.9933375495958991,0.6754923402613643,0.39000000000000024,0.4955555213743722,0.16320079826595463,-0.7853981633974483,-0.1920852196329843,-0.4225412228010026,8.459613498982941,8.45961349862996
5.46,9.529272784959122,-6.999191872492913,2.000584464731921,0.6787512826182901,0.39500000000000024,0.4993454864489597,0.41235994910741464,-0.7853981633974483,-0.19375106395394504,-0.4297881379370243,4.001276245763882,4.001276246161918
5.470000000000001,9.529289803986453,-6.992216342014275,2.0071988363707707,0.6560547116311709,0.40000000000000024,0.5018158178804686,0.10752798692143722,-0.7853981633974483,-0.19571366132835166,-0.4364025095758742,8.391494940983376,8.391494940533219
5.48,9.529457850065736,-6.985225984422357,2.014432169327179,0.6501070586849397,0.39000000000000024,0.5033818104509277,0.07708196464194328,-0.7853981633974483,-0.19734671405547388,-0.44363584253228266,3.971295451764435,3.971295451739487
5.49,9.52950092155029,-6.978511724199975,2.021250267936749,0.6261300610472327,0.39500000000000024,0.5044370021745939,0.059682878258173006,-0.7853981633974483,-0.19926693157316322,-0.45045394114185244,7.9877666053873755,7.987766605195428
5.5,9.529630676345658,-6.971944858998723,2.0283758661447537,0.6113436953097485,0.40000000000000024,0.506493160562083,0.0872071866431112,-0.7853981633974483,-0.2009815954347296,-0.4575795393498572,3.881898390265872,3.8818983904516697
5.51,9.529611137608487,-6.965582094545273,2.0349915450826246,0.5906026709849214,0.39000000000000024,0.5071312839920368,0.03601415713145688,-0.7853981633974483,-0.20292224703432993,-0.46419521828772803,8.063605893913937,8.06360589369884
5.5200000000000005,9.529722478070687,-6.95925231222254,2.042150212913033,0.5894254368597989,0.39500000000000024,0.5094432595125559,0.11148742429085523,-0.7853981633974483,-0.20458851944654732,-0.47135388611813633,3.6356336009286525,3.6356336012749115
5.53,9.529688308624749,-6.953249335003581,2.0484436767695584,0.5561004125392606,0.40000000000000024,0.5101690510312764,-0.0018687539784772722,-0.7853981633974483,-0.20653957693538594,-0.4776473499746618,8.4266816999631,8.426681699418133
5.54,9.529777167638336,-6.947126678385387,2.055624718705664,0.568100067250385,0.39000000000000024,0.5121436371217193,0.0893082799955659,-0.7853981633974483,-0.2081301656239969,-0.48482839191076765,3.787442978666096,3.787442978839632
5.550000000000001,9.529715539008375,-6.941348700157033,2.0618988826482627,0.5330896088539004,0.39500000000000024,0.5125616927505449,-0.049826003211416794,-0.7853981633974483,-0.21010142155373757,-0.49110255585336615,8.302086903665066,8.302086903186005
5.5600000000000005,9.529793677643228,-6.93549073537205,2.068914828764793,0.5435185394110448,0.40000000000000024,0.5146365541788999,0.24531877247836167,-0.7853981633974483,-0.21168584931035994,-0.4981185019698966,4.013322098741795,4.013322099049593
5.57,9.52975340866461,-6.9299185056311945,2.075173045022241,0.5146233389662055,0.39000000000000024,0.5156970126571917,0.01050195183272555,-0.7853981633974483,-0.213578647673085,-0.5043767182273444,8.576704979205942,8.57670497871282
5.58,9.5298284554549,-6.924258912312695,2.0823052832371998,0.5201533400495546,0.39500000000000024,0.516873229307079,0.03167845727893376,-0.7853981633974483,-0.21515010437110327,-0.5115089564423032,4.266117188301962,4.266117188568832
5.59,9.529778745586027,-6.918777498359114,2.08914472100585,0.4997293651913376,0.40000000000000024,0.5167255643894637,-0.07158034638606542,-0.7853981633974483,-0.21706934162989278,-0.5183483942109532,8.413042807209985,8.413042807093333
5.6000000000000005,9.529865345468757,-6.913413562070695,2.096065210562341,0.4939929222170154,0.39000000000000024,0.5182289668166702,0.20428559024286172,-0.7853981633974483,-0.2187685042170262,-0.5252688837674446,4.059715018326354,4.059715018809278
5.61,9.529873187143977,-6.9081346788156015,2.102785992868676,0.4838610884862384,0.39500000000000024,0.5191357292825419,-0.03620997487145136,-0.7853981633974483,-0.22056051029022505,-0.5319896660737795,8.765376265573114,8.765376265082423
5.62,9.530002330943152,-6.902838661799043,2.109944030071912,0.48336588350902937,0.40000000000000024,0.5205283265644148,0.041752185501608335,-0.7853981633974483,-0.22217238027191044,-0.5391477032770156,3.9290580639473887,3.9290580640009325
5.63,9.52991713794545,-6.897780143169335,2.1167458572297844,0.46036445645902024,0.39000000000000024,0.5203472600841184,-0.13732558359738425,-0.7853981633974483,-0.22410429686651234,-0.5459495304348878,8.0833243124811,8.083324312213046
5.640000000000001,9.529983717056192,-6.892734676730615,2.123805212870403,0.4634080681776988,0.39500000000000024,0.5219536831824808,0.14259135440804366,-0.7853981633974483,-0.22578523076356483,-0.5530088860755064,3.8356613396724217,3.835661339942912
5.65,9.529899793425702,-6.887970772333423,2.130174408667513,0.43356466754092415,0.40000000000000024,0.52211268251904,-0.10186277737553394,-0.7853981633974483,-0.22767520902777783,-0.5593780818726165,8.04427324283225,8.044273242260633
5.66,9.529945476887757,-6.883069506215316,2.1372560501977684,0.4466890217023622,0.39000000000000024,0.5232909814714998,0.04482069178010745,-0.7853981633974483,-0.2292522746870791,-0.5664597234028719,3.2738640793172578,3.273864079477025
5.67,9.529817047150114,-6.8784853171754,2.1436232198243137,0.4154380294716305,0.39500000000000024,0.523093369547169,-0.16273255726888508,-0.7853981633974483,-0.23117738611667882,-0.572826893029417,7.881420128540473,7.881420128132743
5.680000000000001,9.529824196508761,-6.873824032221072,2.150523173577719,0.42715931268339447,0.40000000000000024,0.5245147367255832,0.1822327345888417,-0.7853981633974483,-0.2327787595041535,-0.5797268467828225,3.7467979237955715,3.746797924135893
5.69,9.529716312560938,-6.869452241736938,2.1565542856311297,0.39770146182934407,0.39000000000000024,0.5250050998881655,-0.07131538740622237,-0.7853981633974483,-0.2346223176048845,-0.5857579588362332,7.796965938526662,7.796965938201914
5.7,9.529675674604277,-6.864961557310971,2.1634459256321676,0.40714719120945164,0.39500000000000024,0.5255403038459094,-0.01865067337506715,-0.7853981633974483,-0.23617366832343833,-0.5926495988372711,3.4314139782082083,3.4314139787404416
5.71,9.52951064109662,-6.86060198275558,2.169992446594001,0.39074352978108634,0.40000000000000024,0.5245658178465552,-0.16345293462812474,-0.7853981633974483,-0.23805757696252172,-0.5991961197991045,7.950762040684455,7.950762040649593
5.720000000000001,9.529458514358957,-6.856303629929309,2.1766470340671797,0.39076946779688065,0.39000000000000024,0.5253098255839156,0.12993373786447368,-0.7853981633974483,-0.23973513166024318,-0.6058507072722832,3.8664260292616297,3.8664260297503983
5.73,9.529319877785529,-6.852067475833648,2.183011085032838,0.3834256058825749,0.39500000000000024,0.5254519771002539,-0.11475610132873154,-0.7853981633974483,-0.24151859587939128,-0.6122147582379416,8.057136585148879,8.057136584797908
5.74,9.529286508688875,-6.847763083810042,2.189887694992674,0.39298247078329884,0.40000000000000024,0.5266546344313672,0.16789744079310664,-0.7853981633974483,-0.24311790405566924,-0.6190913681977775,3.5295903089799285,3.5295903093431624
5.75,9.52915836934845,-6.843529941965894,2.1964640048244743,0.38448102135360507,0.39000000000000024,0.5271663934101034,-0.08741657492108793,-0.7853981633974483,-0.2449302521321961,-0.6256676780295778,8.194273458975456,8.194273458605657
5.76,9.529104611148218,-6.8392218268190055,2.203760572567783,0.38809599835812,0.39500000000000024,0.527613146435716,-0.04021311518082732,-0.7853981633974483,-0.2465869702742367,-0.6329642457728863,3.968243105113323,3.9682431051993756
5.7700000000000005,9.52886660062455,-6.835078071319424,2.2106792974135097,0.37134951871082084,0.40000000000000024,0.5265638141824854,-0.14814282512322374,-0.7853981633974483,-0.24859460684374746,-0.6398829706186131,8.479986808446547,8.479986808271088
5.78,9.52877023644157,-6.83101400040731,2.21757341126727,0.37016641964878033,0.39000000000000024,0.5273935662806406,0.13367324681832474,-0.7853981633974483,-0.25036023410923747,-0.6467770844723733,3.504696645870249,3.504696646347972
5.79,9.528588249671653,-6.827010436846594,2.2241760032023437,0.3621893279299052,0.39500000000000024,0.5275311089871455,-0.12305090162995716,-0.7853981633974483,-0.2521970172043808,-0.6533796764074472,8.555938083253396,8.555938082813753
5.800000000000001,9.52849022041009,-6.822924020594847,2.2314171122696544,0.3685212568164563,0.40000000000000024,0.5280758651244654,-0.03748333967756455,-0.7853981633974483,-0.25387181457965546,-0.660620785474758,3.8414877009481736,3.8414877009686785
5.8100000000000005,9.528232790861797,-6.819052104686944,2.2381310568598045,0.3483539029690599,0.39000000000000024,0.5270229829754507,-0.154658123170277,-0.7853981633974483,-0.2558493539895803,-0.667334730064908,8.324684101060203,8.324684100703283
5.82,9.528096604347306,-6.815158216306927,2.24515652744202,0.3552740610942967,0.39500000000000024,0.527784915935786,0.12063238597670922,-0.7853981633974483,-0.25757180191854623,-0.6743602006471234,3.744795708386336,3.7447957087070325
5.83,9.527864147059828,-6.811419126490362,2.2516769383651716,0.3381307340498343,0.40000000000000024,0.5277118900464857,-0.14631658388021063,-0.7853981633974483,-0.25945516085844744,-0.680880611570275,8.395668128318691,8.395668127929488
5.84,9.527683907975002,-6.807587388774683,2.2589601816569878,0.346003147052941,0.39000000000000024,0.5277606405228868,-0.0764370193342622,-0.7853981633974483,-0.2611593479216978,-0.6881638548620912,3.585751794981401,3.5857517951193603
5.8500000000000005,9.52737067409379,-6.803952440190022,2.265675054474267,0.32559553625949067,0.39500000000000024,0.5264784566609158,-0.1683365349329182,-0.7853981633974483,-0.2631653230194537,-0.6948787276793706,8.406867932399724,8.406867932271663
5.86,9.527180518613351,-6.800406415027228,2.2723390267532535,0.32435904184102193,0.40000000000000024,0.527082749279024,0.11150479475845501,-0.7853981633974483,-0.26490716873690623,-0.7015426999583569,3.978061515258819,3.9780615156548134
5.87,9.526932110098643,-6.796908019180499,2.2787086131125487,0.31671119674647125,0.39000000000000024,0.526822730920536,-0.16000004784412325,-0.7853981633974483,-0.26668694255715586,-0.7079122863176521,8.48369182088864,8.4836918206035
5.88,9.526740017723558,-6.7933361264273096,2.2858103077289287,0.32277325402593765,0.39500000000000024,0.5269416628804113,-0.07809418208204959,-0.7853981633974483,-0.2683347150313278,-0.7150139809340321,3.8847920672345913,3.8847920672890845
5.890000000000001,9.526415859628685,-6.789965894647531,2.2923703408545255,0.303969887240842,0.40000000000000024,0.5255673839959265,-0.18276583847260264,-0.7853981633974483,-0.2702725324338715,-0.721574014059629,8.064815799098486,8.064815798943089
5.9,9.526188206987495,-6.786623689786471,2.299126426231991,0.3075108110617857,0.39000000000000024,0.5260472940347464,0.09521991140583516,-0.7853981633974483,-0.27198195524790947,-0.7283300994370943,3.6361394868569317,3.636139487244929
5.91,9.525888313227693,-6.7835227043531185,2.3051677466770286,0.2816555956157741,0.39500000000000024,0.5256853243086677,-0.17622495141660022,-0.7853981633974483,-0.2737989883591112,-0.7343714198821321,8.040867196798278,8.040867196510872
5.92,9.525620164452807,-6.780284463600752,2.3121580979043483,0.2942435340946586,0.40000000000000024,0.5252808313352729,-0.12250339771231956,-0.7853981633974483,-0.2754160524854026,-0.7413617711094518,3.904100827346436,3.9041008274466025
5.930000000000001,9.525274855616235,-6.777225966083019,2.318579575717654,0.2743436010793124,0.39000000000000024,0.5235838818593482,-0.2134543095213567,-0.7853981633974483,-0.2773130177615446,-0.7477832489227576,7.956635925179191,7.956635925064245
5.94,9.5250306284183,-6.774280991868135,2.3249151907906036,0.27148907678253187,0.39500000000000024,0.523763865330955,0.07217751315536439,-0.7853981633974483,-0.2789739059265077,-0.754118863995707,3.4916660228835252,3.491666023301603
5.95,9.524756074414173,-6.771362358332611,2.3309994850361404,0.2653277739961857,0.40000000000000024,0.522923595631967,-0.21515494049203132,-0.7853981633974483,-0.280637934515914,-0.7602031582412438,8.105419715360375,8.10541971521719
5.96,9.524525566226911,-6.76837572941352,2.3378458655992427,0.2734082698199589,0.39000000000000024,0.5228538367805162,-0.09979890235483764,-0.7853981633974483,-0.2821950399635842,-0.767049538804346,3.7345369706457525,3.7345369707929623
5.970000000000001,9.524199687583648,-6.7656479095421656,2.3439862860508596,0.24730449616426134,0.39500000000000024,0.5210028975168425,-0.2479330923980488,-0.7853981633974483,-0.2840045256536907,-0.773189959255963,8.084174553541787,8.084174553350374
5.98,9.523954693865452,-6.762861991227152,2.350642725635193,0.2592056204089808,0.40000000000000024,0.5210695204461593,0.04967894515984558,-0.7853981633974483,-0.2855718457299865,-0.7798463988402964,3.922208513860483,3.922208514173821
5.99,9.523638761817294,-6.760360552360425,2.3565355207477463,0.22968799463867187,0.39000000000000024,0.5202631304120067,-0.22198613049910068,-0.7853981633974483,-0.28731230231088745,-0.7857391939528497,8.080460376309484,8.080460376025975
6.0,9.523350342586252,-6.757721760634644,2.3634251722175614,0.2427679631706102,0.39500000000000024,0.5193550085342094,-0.17341941548530782,-0.7853981633974483,-0.288854022938132,-0.7926288454226649,3.9206555408348587,3.920655541045293
6.01,9.523002633119898,-6.755283866429129,2.369758600265725,0.22067356206729127,0.40000000000000024,0.5170962624942589,-0.2751614230709959,-0.7853981633974483,-0.2906577017579277,-0.7989622734708286,8.16609029980862,8.166090299771968
6.0200000000000005,9.522796486976105,-6.752966718293467,2.3759596578324196,0.2106359703236091,0.39000000000000024,0.5158391789116584,-0.20844905271676423,-0.7853981633974483,-0.29219332714651713,-0.805163331037523,3.8720888579470065,3.8720888581169937
6.03,9.522554273094505,-6.750855479255013,2.381600647821939,0.1909420312108437,0.39500000000000024,0.5129016058521633,-0.35127311052024324,-0.7853981633974483,-0.29372887889377175,-0.8108043210270424,8.144714807463652,8.144714807334873
6.04,9.522362489979713,-6.748728948527736,2.3877759075753633,0.19835643019022758,0.40000000000000024,0.5116586955886441,-0.16147253268935158,-0.7853981633974483,-0.29508996545499855,-0.8169795807804667,3.562638266698754,3.562638266912071
6.05,9.522204951463804,-6.746847980251393,2.393205694753462,0.168902587636194,0.39000000000000024,0.508887071541062,-0.385817397692531,-0.7853981633974483,-0.29651961965193685,-0.8224093679585653,8.008517349625585,8.008517349475262
6.0600000000000005,9.522080392926977,-6.744895547268654,2.3994025010083018,0.18090107859914714,0.39500000000000024,0.507341405018476,-0.22934565685454966,-0.7853981633974483,-0.29775583543840334,-0.8286061742134052,3.696045963487056,3.696045963649417
6.07,9.5219484026944,-6.743243184308391,2.404847949946468,0.1490950374748619,0.40000000000000024,0.5040019798521647,-0.42490734539919156,-0.7853981633974483,-0.2991485959163942,-0.8340516231515713,8.893963783702869,8.893963783540526
6.08,9.521853703125865,-6.741496163905756,2.411118197292172,0.16610482672408708,0.39000000000000024,0.5023227365080635,-0.10883170598668852,-0.7853981633974483,-0.3003441915980076,-0.8403218704972755,4.047757965319228,4.047757965647249
6.09,9.521750604985103,-6.739883966601889,2.4170880237681662,0.14937619646264544,0.39500000000000024,0.4994898137329414,-0.4074321024687763,-0.7853981633974483,-0.30170677041071947,-0.8462916969732697,8.509992027400932,8.509992027285923
6.1000000000000005,9.521687352976695,-6.738217701244655,2.4239743226646486,0.1565240221788698,0.40000000000000024,0.4967167135103947,-0.3678315498559137,-0.7853981633974483,-0.30296099531455667,-0.8531779958697521,3.631162884639684,3.6311628847090645
6.11,9.521570913471631,-6.736813203903138,2.4303105196270693,0.13155434854968825,0.39000000000000024,0.49276978880721634,-0.46166602048559713,-0.7853981633974483,-0.3044412959745255,-0.8595141928321728,8.352788372913745,8.35278837290285
6.12,9.521539831291571,-6.735520179666479,2.436771150727435,0.12800058894597321,0.39500000000000024,0.49046049222421234,-0.2146824094007706,-0.7853981633974483,-0.3057178231125697,-0.8659748239325386,3.9542596589056767,3.9542596591526005
6.13,9.521537988039178,-6.734408347139912,2.4427409073889987,0.10596312765172529,0.40000000000000024,0.4865732529230434,-0.49710189180339354,-0.7853981633974483,-0.3069801755044743,-0.8719445805941022,8.180880368350278,8.180880368242645
6.140000000000001,9.521560805828713,-6.7332415803254655,2.449442271784873,0.11689487004467751,0.39000000000000024,0.48375104317381107,-0.3687578852148047,-0.7853981633974483,-0.3081136166648015,-0.8786459449899766,3.6846684434656822,3.684668443595348
6.15,9.521594248536429,-6.732349016182933,2.455604625622498,0.08839424850984176,0.39500000000000024,0.4790984387383706,-0.5395938184105781,-0.7853981633974483,-0.3093683819342896,-0.8848082988276014,8.062226084798741,8.06222608469159
6.16,9.52168367204542,-6.731448897800853,2.46229177500741,0.09967873932395051,0.40000000000000024,0.4760581525184927,-0.2625383990797861,-0.7853981633974483,-0.31045439912572625,-0.8914954482125133,3.826375446994967,3.826375447290945
6.17,9.521783000208,-6.7306569467784145,2.468844098205312,0.08607939991603056,0.39000000000000024,0.47178119720320716,-0.5426949476388613,-0.7853981633974483,-0.3116206391994183,-0.8980477714104156,8.124595116187633,8.124595116097067
6.180000000000001,9.521928912008141,-6.729856208150634,2.4761964892974477,0.09138709981114161,0.39500000000000024,0.46774360887459965,-0.5045003276782627,-0.7853981633974483,-0.3127046558740947,-0.9054001625025512,4.056658653695966,4.056658653929948
6.19,9.522014662286786,-6.729351372450968,2.4830276519605037,0.06279830460644995,0.40000000000000024,0.4622483022415839,-0.5959796188870627,-0.7853981633974483,-0.3139870176897315,-0.9122313251656071,8.136676713841608,8.13667671388573
6.2,9.522189802319765,-6.7289540587749945,2.490036714502998,0.0654014659956749,0.39000000000000024,0.4583963553564442,-0.4228182102074355,-0.7853981633974483,-0.3150715695287811,-0.9192403877081015,4.062255951945909,4.062255952185578
6.21,9.522414184421516,-6.728780793816564,2.4966259389866217,0.04644546600956719,0.39500000000000024,0.45302811818075783,-0.6535161186331837,-0.7853981633974483,-0.3161281762107606,-0.9258296121917251,8.41699179617088,8.416991796088404
6.220000000000001,9.522660606779901,-6.728555175151881,2.503968412793749,0.057368121648855804,0.40000000000000024,0.4483711024369698,-0.5800690609856592,-0.7853981633974483,-0.31707532650876225,-0.9331720859988524,4.061366170921216,4.06136617101091
6.23,9.522908606295726,-6.728634921935217,2.5108609445690404,0.039097026723991374,0.39000000000000024,0.44205420228067094,-0.7035731643650472,-0.7853981633974483,-0.31814507935723846,-0.9400646177741439,8.689370776156839,8.689370776087882
6.24,9.523224724401695,-6.72877479872242,2.5181274584436184,0.04942504410441978,0.39500000000000024,0.43723688912583397,-0.4602311216287338,-0.7853981633974483,-0.31905413845086095,-0.947331131648722,3.702414692064672,3.702414692372199
6.25,9.52350915092898,-6.729182969960752,2.525255184928615,0.042054543897767,0.40000000000000024,0.43146815225719215,-0.7260496410003021,-0.7853981633974483,-0.32004890130834873,-0.9544588581337186,7.777431694598117,7.777431694552165
6.26,9.523820300097654,-6.729601853508716,2.533216513780069,0.04451697603299961,0.39000000000000024,0.42535801986013094,-0.709085592471715,-0.7853981633974483,-0.32098001569953816,-0.9624201869851725,3.6042554325152802,3.604255432577109
6.2700000000000005,9.524143020876318,-6.730319976064423,2.540583757555113,0.05567569887654913,0.39500000000000024,0.4181961438764473,-0.8157668620347951,-0.7853981633974483,-0.32203013715140116,-0.9697874307602166,8.02683417417298,8.026834174165115
6.28,9.524573576109557,-6.7311378518956415,2.548178981178593,0.06852136600412315,0.40000000000000024,0.4120132557005825,-0.7173056015888741,-0.7853981633974483,-0.3228560827138196,-0.9773826543836965,3.8107985232842987,3.810798523444048
6.29,9.52506668480153,-6.732203464565074,2.5554086495088884,0.08761524087910529,0.39000000000000024,0.40416718988994194,-0.8822701941339627,-0.7853981633974483,-0.32364429729153876,-0.9846123227139918,8.033877593698904,8.033877593645396
6.3,9.525592170338065,-6.733244507602551,2.563184938562777,0.08470524446960088,0.39500000000000024,0.39756963753967056,-0.7858081780643397,-0.7853981633974483,-0.32432513826439546,-0.9923886117678804,3.6232035940641394,3.6232035942191003
6.3100000000000005,9.526572813874925,-6.734506836362699,2.5709241093005475,0.13992407615765273,0.40000000000000024,0.38997343297495585,-0.8353706014197155,-0.7853981633974483,-0.3246274459613687,-1.000127782505651,8.349784905938415,8.349784905882652
6.32,9.527737802318523,-6.735784900723135,2.57889202073451,0.15471070482450291,0.39000000000000024,0.3838095680442018,-0.6366128805140601,-0.7853981633974483,-0.3247242034175475,-1.0080956939396133,3.5675263220695874,3.5675263223557288
6.33,9.529001953202524,-6.737092171786469,2.5867583564546592,0.16426670238325516,0.39500000000000024,0.37638050603439943,-0.8573850618279457,-0.7853981633974483,-0.3247432920478559,-1.0159620296597627,8.39962851359912,8.39962851357109
6.34,9.53029815023747,-6.738357839578722,2.5950858571671334,0.16164897495654806,0.40000000000000024,0.37027876231323376,-0.6446875861864918,-0.7853981633974483,-0.32469817314728466,-1.0242895303722368,3.851400917915519,3.851400918180119
6.3500000000000005,9.531669883079877,-6.739728532516097,2.6033548289295383,0.17280612126384012,0.39000000000000024,0.36286821257231516,-0.8578470705070342,-0.7853981633974483,-0.324633667859052,-1.0325585021346417,8.51238756771575,8.512387567691913
6.36,9.533079547394617,-6.741063309371966,2.6120858949388945,0.17062290272845482,0.39500000000000024,0.3567395000817313,-0.6642841303801239,-0.7853981633974483,-0.3245044566921784,-1.041289568143998,3.8961904287462934,3.8961904289979548
6.37,9.534563659757513,-6.74252941345953,2.6207158338613232,0.18260847135387426,0.40000000000000024,0.34931188441006356,-0.8645330480537157,-0.7853981633974483,-0.3243532348915874,-1.0499195070664267,8.452797471447534,8.45279747143835
6.38,9.535998456259689,-6.744070499116842,2.6294543264022936,0.1797987793272897,0.39000000000000024,0.34328719068892266,-0.6600145629369134,-0.7853981633974483,-0.3242164952895177,-1.058657999607397,3.494949651326873,3.4949496515218463
6.390000000000001,9.537379107029054,-6.746093164061438,2.6363597176455893,0.21438544133551735,0.39500000000000024,0.33680791092810086,-0.7543426054912824,-0.7853981633974483,-0.32413048211355644,-1.0655633908506927,8.106724019598678,8.106724019664558
6.4,9.538864135949055,-6.7482649494150975,2.643146061177393,0.2299839709820206,0.40000000000000024,0.3301092796216958,-0.7505441559664224,-0.7853981633974483,-0.32365439041329935,-1.0723497343824966,3.653662166059628,3.6536621663275546
6.41,9.540361679560798,-6.750630205513363,2.6496117461209447,0.24467016753729218,0.39000000000000024,0.32263791253808033,-0.826613352072989,-0.7853981633974483,-0.32313619424643036,-1.0788154193260482,8.246150425446258,8.246150425522178
6.42,9.541887154533892,-6.75302764384522,2.6560425879518488,0.24439835275509356,0.39500000000000024,0.3162406673714551,-0.6859568734430681,-0.7853981633974483,-0.3225325039907716,-1.0852462611569522,3.600915362546647,3.600915362743082
6.430000000000001,9.543475119579416,-6.755479986058124,2.6624727187293877,0.25190432894113746,0.40000000000000024,0.30867456642675084,-0.8538873769992359,-0.7853981633974483,-0.3218503914457198,-1.0916763919344912,8.341374361478804,8.341374361472196
6.44,9.545077433712473,-6.75789108568489,2.66911193253828,0.24443398988352918,0.39000000000000024,0.3021767144238421,-0.7216748253336063,-0.7853981633974483,-0.32114285878337157,-1.0983156057433834,3.82826153458494,3.828261534734672
6.45,9.546748837210066,-6.76039209722134,2.675736334873376,0.2543009706718277,0.39500000000000024,0.29446342420142463,-0.8747830604907789,-0.7853981633974483,-0.32038378122842204,-1.1049400080784793,8.041179233838504,8.04117923382742
6.46,9.548470145999598,-6.762918079450758,2.6825856374476174,0.2541141754805992,0.40000000000000024,0.2871025194022334,-0.8803555948427098,-0.7853981633974483,-0.3195610275317229,-1.1117893106527208,4.109717154081927,4.109717154179117
6.470000000000001,9.550260558645878,-6.765705545574077,2.689159422303676,0.27772955331817833,0.39000000000000024,0.2785786757174124,-0.9529489526374478,-0.7853981633974483,-0.31868730805279455,-1.1183630955087795,8.436836289916638,8.43683628991262
6.48,9.552077907223628,-6.76852442256373,2.6958554537858537,0.276017112388504,0.39500000000000024,0.2709773934230267,-0.848450342393741,-0.7853981633974483,-0.31773791259205986,-1.1250591269909571,3.8661803794285228,3.86618037957178
6.49,9.553966439759536,-6.771427784546503,2.7026073246796187,0.2847327720616701,0.40000000000000024,0.262282180891067,-0.9916237391583037,-0.7853981633974483,-0.3167214862480403,-1.1318109978847222,8.142114328495602,8.142114328487885
6.5,9.556046232432957,-6.774392846666388,2.709676857539339,0.300659459865367,0.39000000000000024,0.2540354477439118,-0.7872307559703982,-0.7853981633974483,-0.31550878332509313,-1.1388805307444425,3.749112596364091,3.7491125970386108
6.51,9.558641538307851,-6.77745707103449,2.716796900794015,0.36347972438482856,0.39500000000000024,0.24595958222587122,-0.9421747000495149,-0.7853981633974483,-0.3138080944872019,-1.1460005739991184,8.28606019136245,8.286060191640432
6.5200000000000005,9.561295542122522,-6.780406123553699,2.723724999322202,0.3566705092387687,0.40000000000000024,0.23891790080151348,-0.8066132072789725,-0.7853981633974483,-0.31204133667272593,-1.1529286725273056,4.006621004422854,4.006621004685445
6.53,9.564073086279972,-6.783348928422779,2.730466354619176,0.36534439342683306,0.39000000000000024,0.23062699163729616,-0.9581926693243557,-0.7853981633974483,-0.31011381873647537,-1.1596700278242795,8.11575495515788,8.115754955216659
6.54,9.566875465329177,-6.786197052572054,2.73720311972917,0.35685445502471336,0.39500000000000024,0.22344681716908568,-0.823672634078356,-0.7853981633974483,-0.308125921049605,-1.1664067929342736,3.8499349303851513,3.849934930552866
6.550000000000001,9.569764640764108,-6.789083429311786,2.7439266739914174,0.36501233943943107,0.40000000000000024,0.21517074917178375,-0.960823090430438,-0.7853981633974483,-0.3060381875364566,-1.1731303471965209,8.050241321356726,8.05024132137703
6.5600000000000005,9.57266651714144,-6.791892181726182,2.7506758523862875,0.35699708239463485,0.39000000000000024,0.2079386562654696,-0.8405358693840418,-0.7853981633974483,-0.30392370127604984,-1.179879525591391,3.5269883563490163,3.5269883565058104
6.57,9.575653759307887,-6.794753559453348,2.7574747555909105,0.3652000651066819,0.39500000000000024,0.19970340844979878,-0.95754331466651,-0.7853981633974483,-0.3017142748936994,-1.186678428796014,8.564349940510276,8.564349940529377
6.58,9.578660414069148,-6.797566344917155,2.7641952032043626,0.35941151136189997,0.40000000000000024,0.1925042617135615,-0.8476901606248961,-0.7853981633974483,-0.29947839198791826,-1.193398876409466,3.8450048695191867,3.8450048696655705
6.59,9.581755760428738,-6.800430839931548,2.771031605641786,0.3676910634193988,0.39000000000000024,0.18425320272239143,-0.9740457454541441,-0.7853981633974483,-0.29713228808155456,-1.2002352788468893,8.61180829545324,8.611808295468112
6.6000000000000005,9.58487848845775,-6.803251067432257,2.777944605359202,0.3614302698984836,0.39500000000000024,0.17697038377503788,-0.8742457895870039,-0.7853981633974483,-0.29475880612745975,-1.2071482785643055,4.360866222002839,4.360866222125339
6.61,9.588055706437457,-6.806179686939145,2.785008219391511,0.37036479873879774,0.40000000000000024,0.16874700063503312,-0.976083229826838,-0.7853981633974483,-0.29232593923194905,-1.2142118925966146,8.628144556045372,8.628144556063681
6.62,9.591275525416396,-6.809053491801823,2.7921825797438182,0.3641763770654633,0.39000000000000024,0.16128783607096686,-0.9144582472732634,-0.7853981633974483,-0.28985284799548516,-1.2213862529489217,4.149653433658474,4.14965343378073
6.63,9.59456397512321,-6.81204286120287,2.7993011408717328,0.37538662716031496,0.39500000000000024,0.1529719706530298,-1.0000422169980088,-0.7853981633974483,-0.2873084750058492,-1.2285048140768362,8.17555972241657,8.175559722458633
6.640000000000001,9.597929153872725,-6.81497911029768,2.8064343370729077,0.371733147233876,0.40000000000000024,0.14524776311557674,-0.9472509186722327,-0.7853981633974483,-0.28466724644782637,-1.2356380102780111,3.8762566033691006,3.876256603496928
6.65,9.60152958875273,-6.817977382702947,2.8139448920475365,0.40482758714533956,0.39000000000000024,0.13757845815293346,-0.8596966603790184,-0.7853981633974483,-0.2817778857095554,-1.24314856525264,8.061246948093968,8.061246948164282
6.66,9.605455016820294,-6.820801664410791,2.8217602467362046,0.43644096640623836,0.39500000000000024,0.13170045528299673,-0.7788293123006275,-0.7853981633974483,-0.2785855687982206,-1.250963919941308,4.0273100029715305,4.027310003113183
6.67,9.609475581096651,-6.823595667333076,2.8291035381696497,0.44433751423068996,0.40000000000000024,0.12476983634554673,-0.880758600028249,-0.7853981633974483,-0.2753108560886588,-1.258307211374753,8.318185173849262,8.318185173902247
6.680000000000001,9.613520599352826,-6.826274632213106,2.836192706876812,0.43779739204635704,0.39000000000000024,0.11859526479967834,-0.7944085603910287,-0.7853981633974483,-0.2719507889464339,-1.2653963800819152,3.939029868173666,3.9390298683083844
6.69,9.617641729651288,-6.828961525262893,2.843031766388862,0.44520934339145035,0.39500000000000024,0.11145349601391828,-0.8916038204977375,-0.7853981633974483,-0.26847630285325685,-1.2722354395939655,8.087493726611827,8.087493726659565
6.7,9.6212483961902,-6.8317371645914635,2.8481528706175663,0.41088896132189084,0.40000000000000024,0.10796587354085486,-0.5468905218279426,-0.7853981633974483,-0.2654798397952085,-1.2773565438226697,3.727416511207902,3.7274165113535074
6.71,9.62448616797251,-6.834430119317325,2.8531590468885306,0.3898958188158666,0.39000000000000024,0.10238098275475344,-0.7381662841302098,-0.7853981633974483,-0.26269021047985497,-1.282362720093634,8.081040649331117,8.081040649452314
6.720000000000001,9.627563473028923,-6.836773386776504,2.858067617412213,0.3543718371614171,0.39500000000000024,0.09846311028515022,-0.4482487012011153,-0.7853981633974483,-0.26004371099441137,-1.2872712906173165,3.5386105937550076,3.538610593811547
6.73,9.630692408323213,-6.838896283484133,2.863087539356974,0.34411953315750954,0.40000000000000024,0.09363072461504394,-0.6512405776995249,-0.7853981633974483,-0.257330183385454,-1.2922912125620774,8.568735633543017,8.568735633667986
6.74,9.633618993624845,-6.8407831665041625,2.867832253969825,0.3114198726873027,0.39000000000000024,0.09044457943331873,-0.38748373311494627,-0.7853981633974483,-0.2548212517117978,-1.2970359271749285,3.6544966861555235,3.6544966862087183
6.75,9.636595777223544,-6.84250080666758,2.8727292390409684,0.30503128263260904,0.39500000000000024,0.08633637620423142,-0.575354514406361,-0.7853981633974483,-0.25223254311426935,-1.3019329122460719,8.048946689674924,8.048946689773484
6.76,9.639380001925396,-6.844021686855172,2.877370585655446,0.27541064594499837,0.40000000000000024,0.08378649479981397,-0.33823220540181703,-0.7853981633974483,-0.24984202913218745,-1.3065742588605493,3.629504289544039,3.6295042895905096
6.7700000000000005,9.642213890495514,-6.845417571997937,2.8821862709927237,0.272203585198202,0.39000000000000024,0.08033391679710082,-0.5117162123134218,-0.7853981633974483,-0.24737489644016364,-1.3113899441978272,8.037946869421186,8.037946869516876
6.78,9.644879619166595,-6.846762962527938,2.886607474000668,0.25718444550579206,0.39500000000000024,0.07744830241121264,-0.5846263912875613,-0.7853981633974483,-0.245083105437228,-1.3158111472057716,3.8156895168688223,3.815689516886455
6.79,9.647715546578821,-6.848403255463844,2.890789728577959,0.2860189319284905,0.40000000000000024,0.07278570146753056,-0.6065562611192029,-0.7853981633974483,-0.24258456361004832,-1.3199934017830626,7.915675740309371,7.915675740405102
6.800000000000001,9.650530978586106,-6.850095816318607,2.8947663539463564,0.2877915830146847,0.39000000000000024,0.0681213286539377,-0.5792286456670556,-0.7853981633974483,-0.24008306018840564,-1.3239700271514598,3.4762095496241496,3.476209549619216
6.8100000000000005,9.653590604164497,-6.851706113982326,2.899069141226116,0.3111613337976826,0.39500000000000024,0.06425263266007193,-0.5259159625595635,-0.7853981633974483,-0.2373172138773647,-1.3282728144312195,8.171953877853031,8.17195387799281
6.82,9.65618893077694,-6.8530604592591535,2.903004565690288,0.27510793532795513,0.40000000000000024,0.06254304271772283,-0.22505565036409986,-0.7853981633974483,-0.23503158037641647,-1.3322082388953915,3.958910834387892,3.9589108344692874
6.83,9.658744800784431,-6.854177999338867,2.9070678834608765,0.26135052862883523,0.39000000000000024,0.05996795901113534,-0.4186204827814066,-0.7853981633974483,-0.23275698574842174,-1.33627155666598,8.095806362795566,8.095806362863446
6.84,9.661022518386739,-6.855050493112199,2.9108386438230123,0.22512658724668333,0.39500000000000024,0.05892854797393522,-0.28942145187661233,-0.7853981633974483,-0.2307649472490052,-1.3400423170281157,3.841155022928282,3.8411550229577798
6.8500000000000005,9.663348522200321,-6.855880773749553,2.9144505555183184,0.2302643418389432,0.40000000000000024,0.056543247719222964,-0.38339244005952966,-0.7853981633974483,-0.2286997440884857,-1.3436542287234219,8.13110000163969,8.131100001697938
6.86,9.665406281886838,-6.856548094643316,2.917812767892226,0.19904125482158974,0.39000000000000024,0.05537893796299764,-0.26608550821216154,-0.7853981633974483,-0.22688790469261377,-1.3470164410973293,3.856688694603367,3.8566886946210266
6.87,9.667498226584827,-6.857212879107231,2.9212966588881093,0.20180496663784298,0.39500000000000024,0.05307125455065192,-0.35787402412009467,-0.7853981633974483,-0.2250214524213252,-1.3505003320932127,8.514487948254446,8.51448794832123
6.88,9.669298814699594,-6.857737179101844,2.924435754353947,0.16958325244650352,0.40000000000000024,0.05211499532823254,-0.2529008075922606,-0.7853981633974483,-0.22345102883103962,-1.3536394275590506,3.451301292363565,3.4513012923789543
6.890000000000001,9.671129827630873,-6.858271291868834,2.9277476037067927,0.1729560824289429,0.39000000000000024,0.050000932590686074,-0.32934053103624755,-0.7853981633974483,-0.22182435830143454,-1.356951276911896,8.2849169530346,8.284916953097122
6.9,9.672678146559232,-6.858683002386652,2.9307180298191753,0.14298129577915963,0.39500000000000024,0.04917620209792107,-0.22307662913875836,-0.7853981633974483,-0.22048849789784342,-1.3599217030242787,4.006142993253435,4.006142993277021
6.91,9.674265449548635,-6.859112648481261,2.9338438680261643,0.1468229556712945,0.40000000000000024,0.04726433499671826,-0.30583268336298347,-0.7853981633974483,-0.2190890154563334,-1.3630475412312677,8.003911165692521,8.003911165742915
6.92,9.675573882501839,-6.859422284442034,2.936644598532845,0.11773545235732606,0.39000000000000024,0.04658080756299282,-0.202306327989637,-0.7853981633974483,-0.21797543468340663,-1.3658482717379483,3.694216321289935,3.694216321306693
6.930000000000001,9.676930023643088,-6.859753881982538,2.939534719070114,0.12214859736102052,0.39500000000000024,0.04483407082201346,-0.2838547757359534,-0.7853981633974483,-0.21679144360185276,-1.3687383922752177,8.066428360399694,8.066428360449349
6.94,9.678024943692884,-6.859953114228025,2.9421755133116956,0.094991257040178,0.40000000000000024,0.04426879759298498,-0.18329157446586042,-0.7853981633974483,-0.21587175260294522,-1.371379186516799,3.9147884696569624,3.9147884696746895
6.95,9.679151585278868,-6.8601785752758015,2.9449681386085658,0.09830345427067588,0.39000000000000024,0.04259434618181019,-0.2625617138800719,-0.7853981633974483,-0.21490307703377276,-1.3741718118136692,8.163508045259642,8.163508045312657
6.96,9.680013012321462,-6.860268738455824,2.9474067842910334,0.07154749136415013,0.39500000000000024,0.04223900495768245,-0.1582385426537323,-0.7853981633974483,-0.21420646723844072,-1.3766104574961369,3.9553794600316787,3.9553794600534387
6.970000000000001,9.680914841667303,-6.860381383831961,2.950022627346706,0.07597632854508614,0.40000000000000024,0.040774295288973694,-0.2377814882341107,-0.7853981633974483,-0.21344668704078984,-1.3792263005518093,8.726004866712227,8.726004866774204
6.98,9.68155800721861,-6.860365494970896,2.95229800050039,0.05119116496420785,0.39000000000000024,0.04055863940094621,-0.13820966803153825,-0.7853981633974483,-0.2129539462333092,-1.3815016737054933,3.9810422785992867,3.9810422786226622
6.99,9.682249614507679,-6.860379198909642,2.954739181955452,0.05538497222237816,0.39500000000000024,0.03922942703182633,-0.2149502270035339,-0.7853981633974483,-0.21239154605145671,-1.3839428551605555,7.992282224731686,7.992282224777284
7.0,9.682693691696208,-6.860266135801226,2.956845028948882,0.035329000905856854,0.40000000000000024,0.039147317932852886,-0.11716571376781841,-0.7853981633974483,-0.212084395136376,-1.3860487021539853,3.505117282456989,3.5051172824751955
7.01,9.683184067103854,-6.860187492219629,2.959147492398497,0.03829392833126925,0.39000000000000024,0.038000466810226785,-0.19251673212552176,-0.7853981633974483,-0.2117107257658315,-1.3883511656036003,7.906066050765034,7.906066050808687
7.0200000000000005,9.683436851564158,-6.859989558206671,2.961103828627791,0.026938462148780113,0.39500000000000024,0.03804892999656761,-0.09759041661569408,-0.7853981633974483,-0.21158404722141455,-1.3903075018328943,3.847737726990488,3.847737727038184
7.03,9.683748158395863,-6.8598394546251455,2.963214095854654,0.026413625072473673,0.40000000000000024,0.03709814448458702,-0.1718172311701308,-0.7853981633974483,-0.21137865994089644,-1.3924177690597572,8.04932262588849,8.049322625942265
7.04,9.683843775393097,-6.8595715446806125,2.9650668657478962,0.02977625365576727,0.39000000000000024,0.03719917435109087,-0.08379208887617938,-0.7853981633974483,-0.21139603025053688,-1.3942705389529997,3.8206962906304205,3.8206962906768447
7.05,9.683983289895522,-6.859362370165614,2.9671203405342155,0.024189686637848668,0.39500000000000024,0.03627665025529145,-0.15653412690235566,-0.7853981633974483,-0.21135463231236962,-1.396324013739319,8.038016051453443,8.038016051508407
7.0600000000000005,9.683885252959314,-6.859034554393805,2.968847446192334,0.04037997576682668,0.40000000000000024,0.03657332412051895,-0.06565770282594284,-0.7853981633974483,-0.21156022995814006,-1.3980511193974374,3.346256351406422,3.346256351436894
7.07,9.683852708666414,-6.85875162921472,2.9707760178520344,0.03398117565934845,0.39000000000000024,0.03581103972349317,-0.13550022307143525,-0.7853981633974483,-0.21168227526209016,-1.3999796910571378,8.496150067297025,8.496150067349593
7.08,9.68361318167093,-6.858356484137252,2.9724368784681,0.05346112654505837,0.39500000000000024,0.036178657132689605,-0.05576140558392606,-0.7853981633974483,-0.21202070170874165,-1.4016405516732036,4.228796804100736,4.228796804128146
7.09,9.683435123553009,-6.85802657157863,2.9742735055631093,0.04523287306332138,0.40000000000000024,0.035511807208879406,-0.1210685979493068,-0.7853981633974483,-0.21228304953293886,-1.4034771787682128,8.208651174953935,8.208651174996517
7.1000000000000005,9.68303333207019,-6.857586545759729,2.9758034539476896,0.0668771411434167,0.39000000000000024,0.036000512394111825,-0.037776270552283886,-0.7853981633974483,-0.21277710118581084,-1.405007127152793,3.9742547205661496,3.9742547205928154
7.11,9.68270451951487,-6.857201114660595,2.977516685007962,0.058861155546414905,0.39500000000000024,0.0354556208984609,-0.10430391776884156,-0.7853981633974483,-0.2131820065722856,-1.4067203582130654,8.189680728185277,8.189680728226536
7.12,9.68217711667599,-6.8567023863167345,2.97896938269147,0.08030113402914657,0.40000000000000024,0.03602541321405019,-0.02633538077613544,-0.7853981633974483,-0.21379379588010927,-1.4081730558965733,3.8824716346297055,3.8824716346515604
7.13,9.68170676588463,-6.8562732439164495,2.980583283049399,0.07220361312150132,0.39000000000000024,0.035560932616939045,-0.09031235645577484,-0.7853981633974483,-0.21433501977983127,-1.4097869562545022,8.149284544335291,8.149284544373137
7.140000000000001,9.681017784774399,-6.855730352073733,2.981902205623984,0.09501212831164192,0.39500000000000024,0.036264960168060995,-0.008662232853453192,-0.7853981633974483,-0.21510200604285146,-1.4111058788290873,3.8646921968036216,3.8646921968285004
7.15,9.680408659525037,-6.855243020644348,2.983326776045679,0.08633113700808967,0.40000000000000024,0.03596004830455314,-0.07315595159012196,-0.7853981633974483,-0.21577430648011386,-1.4125304492507826,8.25359105276152,8.25359105279651
7.16,9.679575626939178,-6.854654898617007,2.98454825247879,0.10897395768918275,0.39000000000000024,0.0367389319929121,0.0040609326492124466,-0.7853981633974483,-0.2166749959003731,-1.4137519256838935,3.603723110102201,3.6037231101230613
7.17,9.678817866262253,-6.854126609760432,2.985932025068714,0.10079343320880185,0.39500000000000024,0.03647560587837574,-0.059117130256447936,-0.7853981633974483,-0.21749028916186042,-1.4151356982738172,8.0265998848463,8.026599884878218
7.180000000000001,9.67784874906024,-6.853484457570325,2.9870435950399252,0.12354680063060486,0.40000000000000024,0.03737617658091732,0.018660769476834344,-0.7853981633974483,-0.218524049125568,-1.4162472682450287,3.8106954063260634,3.8106954063495584
7.19,9.67695422782785,-6.852898947284321,2.9882864598011936,0.11529128423825802,0.39000000000000024,0.037194559144067704,-0.043927123651367264,-0.7853981633974483,-0.21947008618291441,-1.417490133006297,8.033834478367039,8.033834478396495
7.2,9.675849513573459,-6.852198186706286,2.9892732263432076,0.13827825450284315,0.39500000000000024,0.03820060331807867,0.032834010295905346,-0.7853981633974483,-0.22063196742501212,-1.418476899548311,3.7061022895460716,3.7061022895680096
7.21,9.674821927259416,-6.851551405350037,2.9903667263796367,0.12953230314774705,0.40000000000000024,0.038101561624439804,-0.03034739613543628,-0.7853981633974483,-0.2217046150520403,-1.4195703995847402,8.071659692036226,8.071659692064381
7.220000000000001,9.673564463699348,-6.85079463640766,2.9912059229983035,0.1541353113756275,0.39000000000000024,0.03925645250973374,0.04949140715086319,-0.7853981633974483,-0.22301167671016842,-1.420409596203407,3.2841984545762166,3.2841984545987417
7.23,9.672386181040592,-6.8500876130520885,2.9922190753932796,0.14542713480071726,0.39500000000000024,0.03922764887360138,-0.012614937397693746,-0.7853981633974483,-0.22422778246927244,-1.421422748598383,8.09167013451522,8.091670134542605
7.24,9.671001578907157,-6.849268998468774,2.992944229910147,0.16860799575931895,0.40000000000000024,0.040467614679729966,0.06192637749649335,-0.7853981633974483,-0.22565776966345652,-1.4221479031152504,3.3654905848599244,3.3654905848834447
7.25,9.669707889321309,-6.848508516854759,2.99375609052068,0.15895285893276961,0.39000000000000024,0.040552368492357785,-0.0013060540012366506,-0.7853981633974483,-0.22698375621655664,-1.4229597637257836,8.319377025903226,8.319377025931054
7.26,9.668192346605087,-6.847634541522912,2.9943103570880014,0.18281838981471013,0.39500000000000024,0.041864442594361444,0.07635164294009866,-0.7853981633974483,-0.22853527250731354,-1.4235140302931049,4.020551450473408,4.020551450503661
7.2700000000000005,9.666770484096062,-6.846815875631457,2.9949586081482873,0.17321862702040491,0.40000000000000024,0.0419974317120592,0.010000532206048924,-0.7853981633974483,-0.22998158224958942,-1.4241622813533907,8.31550057999067,8.315500580016211
7.28,9.66511057078488,-6.845886413329708,2.9953462784312084,0.19865751745394356,0.39000000000000024,0.043434525213748375,0.09261988988423911,-0.7853981633974483,-0.2316699725369915,-1.4245499516363118,3.93784830684489,3.9378483068800723
7.29,9.663557169024633,-6.8450085753115,2.995782486678353,0.18798698044530432,0.39500000000000024,0.043728747588243244,0.023646386386240496,-0.7853981633974483,-0.23324034464625854,-1.4249861598834563,8.086999691763177,8.086999691785918
7.3,9.661784841999024,-6.844021312198962,2.9960347152046625,0.21170132202681982,0.40000000000000024,0.04522158394779777,0.10129692050724567,-0.7853981633974483,-0.23503171344852802,-1.425238388409766,3.9233897616233464,3.9233897616531905
7.3100000000000005,9.660110482432922,-6.843096163834751,2.996440293716999,0.20119426018874018,0.39000000000000024,0.045440200522595814,0.031222538628016223,-0.7853981633974483,-0.2367170577639115,-1.4256439669221024,8.639908175768477,8.639908175794218
7.32,9.65819985465095,-6.8420731048004715,2.9965573146284195,0.22662258322695056,0.39500000000000024,0.047128541406711195,0.11611394408524563,-0.7853981633974483,-0.23864530921084182,-1.425760987833523,4.080628741264098,4.080628741308423
7.33,9.65622483988074,-6.841116911508908,2.997146609973077,0.2221025548121936,0.40000000000000024,0.0468251813691016,-0.04815025949336854,-0.7853981633974483,-0.2406253998318988,-1.4263502831781802,7.943893784121931,7.943893784048474
7.34,9.654000632573474,-6.840028100569096,2.9976753236902742,0.24898359282626426,0.39000000000000024,0.04811914363216123,0.16892007642594625,-0.7853981633974483,-0.24287510639104326,-1.4268789968953777,3.8635542715380957,3.863554271589724
7.3500000000000005,9.651877237694535,-6.838873329642586,2.9985386963636573,0.2438685842756428,0.39500000000000024,0.048471222668717416,0.012498810731570139,-0.7853981633974483,-0.24502129136700468,-1.4277423695687608,8.055935844820352,8.05593584483706
7.36,9.64980550420807,-6.837727504650446,2.9991226012905208,0.23597075462823258,0.40000000000000024,0.0489376367141167,-0.031053663357621074,-0.7853981633974483,-0.2471300619341239,-1.4283262744956242,3.6324265974260768,3.6324265974419756
7.37,9.647964613256809,-6.836770697147269,2.9995529725324923,0.21037559909636588,0.39000000000000024,0.04833055973286879,-0.06752540024235036,-0.7853981633974483,-0.24899587585554706,-1.4287566457375958,8.237271402378127,8.237271402325566
