time,x,y,yaw,velocity,target_velocity,roll,roll_rate,steering_delta,lateral_error,heading_error,wheel_speed_l,wheel_speed_r
0.0,5.000232219696045,-9.60018253326416,6.170136233528467e-09,0.0,0.0044999998062849045,-0.0004167037670955044,0.0,0.0014236228125981281,0.00018253141312030152,-6.170136233528467e-09,4.3125052818062184e-14,-4.313181552911306e-14
0.009243488311767578,5.000232219696045,-9.60018253326416,6.170136233528467e-09,0.0,0.009499999694526196,-0.0004167037670955044,0.0,0.0018521681195298018,0.00018253141312030152,-6.170136233528467e-09,4.25277726175035e-14,-4.252728811465767e-14
0.01888561248779297,5.000232219696045,-9.60018253326416,6.170136233528467e-09,0.0,0.014499999582767487,-0.0004167037670955044,0.0,0.001982190174761539,0.00018253141312030152,-6.170136233528467e-09,4.205481652481101e-14,-4.206177913563744e-14
0.028957128524780273,5.000232219696045,-9.60018253326416,6.170136233528467e-09,0.0,0.019499999471008778,-0.0004167037670955044,0.0,0.002022655254483295,0.00018253141312030152,-6.170136233528467e-09,1.6491171095367463e-07,3.387671870455633e-12
0.038500308990478516,5.000232219696045,-9.60018253326416,6.170136233528467e-09,0.0,0.02449999935925007,-0.0004167037670955044,0.0,0.002036253241552057,0.00018253141312030152,-6.170136233528467e-09,0.0014899492962285876,0.0014888542937114835
0.04888772964477539,5.000233173370361,-9.60018253326416,4.36237149989134e-11,0.0001052545209886885,0.02949999924749136,-0.0004167338022511821,-3.0058356514928164e-06,0.002045024845506243,0.00018253325107409069,-4.36237149989134e-11,0.008553171530365944,0.008548712357878685
0.058939218521118164,5.000241756439209,-9.60018253326416,1.4676944925515046e-10,0.0008522760472369799,0.03449999913573265,-0.0004167337731473495,3.0922977511949057e-09,0.002045859919826496,0.00018253322012995454,-1.4676944925515046e-10,0.02093520388007164,0.020924892276525497
0.06917619705200195,5.000265121459961,-9.60018253326416,3.5149536281435236e-10,0.00231746048672707,0.03949999902397394,-0.0004167334530051876,3.178076823928677e-08,0.0020473508456594885,0.00018253315871241682,-3.5149536281435236e-10,0.03658527508378029,0.03656765818595886
0.07879638671875,5.000308513641357,-9.60018253326416,3.3118290436091737e-10,0.004375315737182961,0.04449999891221523,-0.0004167326380978641,8.396936124199783e-08,0.002048937569461236,0.00018253316480532078,-3.3118290436091737e-10,0.05595353618264198,0.05592689663171768
0.08884930610656738,5.000378131866455,-9.60018253326416,5.7014684090257575e-11,0.006921221968175709,0.049499998800456524,-0.0004167311538023807,1.4790629165872815e-07,0.0020504776933819363,0.00018253324705597151,-5.7014684090257575e-11,0.07835350930690765,0.0783165842294693
0.09846091270446777,5.000477313995361,-9.60018253326416,-3.951302735938548e-10,0.009936580435026397,0.054499998688697815,-0.0004167289419110713,2.1908242331392103e-07,0.0020519358037587405,0.00018253338270035613,3.951302735938548e-10,0.10301285237073898,0.10296470671892166
0.10845088958740234,5.0006103515625,-9.60018253326416,-9.609123884634302e-10,0.013308466412653968,0.059499998576939106,-0.0004167265262929294,2.434724706290581e-07,0.002053374165137518,0.00018253355243480485,9.609123884634302e-10,0.12931109964847565,0.12925107777118683
0.11907529830932617,5.000779628753662,-9.60018253326416,-1.5919509103340226e-09,0.016941474751039645,0.0644999984651804,-0.00041672408157095316,2.428061520731717e-07,0.002054801506494429,0.0001825337417464823,1.5919509103340226e-09,0.15677301585674286,0.15670064091682434
0.12886714935302734,5.000987529754639,-9.60018253326416,-2.253454492567566e-09,0.02076142467590211,0.06949999835342169,-0.0004167216659528087,2.4188290126403444e-07,0.002056204161924669,0.00018253394019751568,2.253454492567566e-09,0.18503029644489288,0.1849452257156372
0.13904094696044922,5.001234531402588,-9.60018253326416,-2.9202477760131675e-09,0.02471127361085199,0.07449999824166298,-0.00041671927943849645,2.4085946392915503e-07,0.0020575852063040843,0.00018253414023483572,2.9202477760131675e-09,0.21381326019763947,0.2137152999639511
0.15070605278015137,5.001522064208984,-9.60018253326416,-3.5756305081354646e-09,0.028748124838093393,0.07949999812990427,-0.0004167168638203506,2.3987814756765147e-07,0.0020589507364751204,0.00018253433684911613,3.5756305081354646e-09,0.23977622389793396,0.23966668546199799
0.1590261459350586,5.001850128173828,-9.60018253326416,-4.1890681054956735e-09,0.03281690180320249,0.08449999801814556,-0.0004167144773060376,2.385131949722563e-07,0.0020603100868318196,0.00018253452088146105,4.1890681054956735e-09,0.2716393768787384,0.2715155780315399
0.16933488845825195,5.002219200134277,-9.60018253326416,-4.7766062868273354e-09,0.03689324855820673,0.08949999790638685,-0.0004167120907917244,2.378902195232513e-07,0.0020616678479822193,0.0001825346971422448,4.7766062868273354e-09,0.30113697052001953,0.3009999692440033
0.17865610122680664,5.002629280090332,-9.60018253326416,-5.362252802474333e-09,0.04103112593307681,0.09449999779462814,-0.00041670973338124394,2.3821519334887853e-07,0.0020630186677440873,0.0001825348728363707,5.362252802474333e-09,0.3307648003101349,0.3306145668029785
0.18889474868774414,5.003081321716309,-9.60018253326416,-5.918068663392845e-09,0.04521170258535049,0.09949999768286943,-0.00041670734686693057,2.3813394989247172e-07,0.002064364548682702,0.00018253503958121087,5.918068663392845e-09,0.36033937335014343,0.3601759374141693
0.19904065132141113,5.003575325012207,-9.60018253326416,-6.4379905941218e-09,0.04938784986746204,0.10449999757111073,-0.0004167049603526173,2.3814189376025752e-07,0.0020657114325173843,0.00018253519555777586,6.4379905941218e-09,0.38959288597106934,0.3894163966178894
0.20891642570495605,5.004110813140869,-9.60018253326416,-6.90670673657756e-09,0.053533025086033956,0.10949999745935202,-0.00041670257383830464,2.3796401649178733e-07,0.002067064571238877,0.00018253533617240691,6.90670673657756e-09,0.41884124279022217,0.4186517298221588
0.21907353401184082,5.004687309265137,-9.60018253326416,-7.353518864638907e-09,0.05765858292589676,0.11449999734759331,-0.0004167001873239922,2.3871410803621984e-07,0.002068422974963992,0.00018253547021629402,7.353518864638907e-09,0.4481178820133209,0.44791528582572937
0.22896337509155273,5.005305290222168,-9.60018253326416,-7.780209598324387e-09,0.061788387596701105,0.1194999972358346,-0.00041669780080967996,2.3969286644387466e-07,0.002069784173140353,0.00018253559822412058,7.780209598324387e-09,0.4774000346660614,0.47718435525894165
0.23902463912963867,5.005964279174805,-9.60018253326416,-8.187135753049898e-09,0.06592018157252581,0.12449999712407589,-0.00041669538519153494,2.408454236046964e-07,0.002071147665560054,0.00018253572030069165,8.187135753049898e-09,0.5066719055175781,0.5064431428909302
0.24901127815246582,5.006664752960205,-9.60018253326416,-8.575233764669428e-09,0.07005126029261403,0.12949999701231718,-0.0004166929695733902,2.421689089260326e-07,0.002072513701284259,0.00018253583673022433,8.575233764669428e-09,0.5359240174293518,0.535682201385498
0.25876784324645996,5.007406711578369,-9.60018253326416,-8.945726595083311e-09,0.07417999207981488,0.13449999690055847,-0.00041669052485141276,2.43655051690439e-07,0.0020738824645187824,0.00018253594787864813,8.945726595083311e-09,0.5651508569717407,0.5648959875106812
0.269012451171875,5.008189678192139,-9.60018253326416,-9.29994919806883e-09,0.07830540835865066,0.13949999678879976,-0.00041668808012943555,2.452931937568792e-07,0.0020752542042892417,0.00018253605414564333,9.29994919806883e-09,0.5943493247032166,0.5940814018249512
0.27866268157958984,5.009014129638672,-9.60018253326416,-9.63925348095785e-09,0.08242696523673768,0.14449999667704105,-0.00041668560630362566,2.470716822244867e-07,0.002076628975310742,0.0001825361559362193,9.63925348095785e-09,0.6235177516937256,0.6232367753982544
0.28864455223083496,5.0098795890808105,-9.60018253326416,-9.964950568145345e-09,0.0865443572402714,0.14949999656528234,-0.000416683103373983,2.489785799753008e-07,0.0020780068268997946,0.0001825362536465036,9.964950568145345e-09,0.6526650786399841,0.6523711085319519
0.2991783618927002,5.010786056518555,-9.60018253326416,-1.027896713419781e-08,0.0906582698226667,0.15449999645352364,-0.0004166806004443405,2.510203671590716e-07,0.0020793877533943077,0.00018253634785025952,1.027896713419781e-08,0.681797981262207,0.681490957736969
0.3086421489715576,5.011733531951904,-9.60018253326416,-1.0582812482462495e-08,0.09476984292275484,0.15949999634176493,-0.0004166780684108653,2.531784275561222e-07,0.0020807715439347648,0.00018253643900401073,1.0582812482462495e-08,0.7109206318855286,0.7106006145477295
0.3190114498138428,5.012722492218018,-9.60018253326416,-1.0877703768473662e-08,0.09887976944453129,0.16449999623000622,-0.0004166755072735573,2.5543798187754874e-07,0.002082158057322094,0.0001825365274719104,1.0877703768473662e-08,0.7400357127189636,0.7397027015686035
0.32888221740722656,5.013752460479736,-9.60018253326416,-1.1164653920714313e-08,0.10298850387341245,0.1694999961182475,-0.0004166729461362494,2.5778697931855277e-07,0.0020835472806879055,0.0001825366135559392,1.1164653920714313e-08,0.7691352963447571,0.7687892913818359
0.33908653259277344,5.0148234367370605,-9.60018253326416,-1.1443833945760123e-08,0.10709550231701466,0.1744999960064888,-0.0004166703267912758,2.6019736765192647e-07,0.0020849391267293493,0.00018253669731116418,1.1443833945760123e-08,0.7982234358787537,0.7978643774986267
0.34966182708740234,5.01593542098999,-9.60018253326416,-1.1716324353179635e-08,0.11120060831314542,0.1794999958947301,-0.00041666770744630235,2.6268614305990923e-07,0.002086333720370756,0.00018253677905732957,1.1716324353179635e-08,0.8270244598388672,0.8266525864601135
0.3591279983520508,5.017088413238525,-9.60018253326416,-1.1963014510630845e-08,0.11528033763176287,0.18449999578297138,-0.0004166650589974963,2.6472298486623913e-07,0.002087734222659307,0.00018253685306568457,1.1963014510630845e-08,0.858477771282196,0.8580918908119202
0.36917877197265625,5.01828145980835,-9.60018253326416,-1.2195072582962367e-08,0.11932603269821389,0.18949999567121267,-0.0004166623814448576,2.67063057890482e-07,0.0020891417422660733,0.00018253692268288546,1.2195072582962367e-08,0.8841291069984436,0.8837317228317261
0.3789353370666504,5.019515037536621,-9.60018253326416,-1.2418554582413907e-08,0.12335225939756532,0.19449999555945396,-0.00041665970389221903,2.69581562406529e-07,0.0020905551251874203,0.0001825369897261453,1.2418554582413907e-08,0.9125910401344299,0.9121809601783752
0.38890647888183594,5.020788669586182,-9.60018253326416,-1.2639227012651566e-08,0.1273697763681991,0.19949999544769526,-0.0004166569681319147,2.72273808832324e-07,0.0020919726232211874,0.00018253705592918834,1.2639227012651566e-08,0.9415215849876404,0.9410985112190247
0.39920496940612793,5.0221028327941895,-9.60018253326416,-1.2892751494301679e-08,0.13142628967767778,0.20449999533593655,-0.0004166542032677768,2.7592128049036546e-07,0.0020933876235849887,0.00018253713198568278,1.2892751494301679e-08,0.9706925749778748,0.9702564477920532
0.40924692153930664,5.023458480834961,-9.60018253326416,-1.3156136329450102e-08,0.13553223013883617,0.20949999522417784,-0.00041665143840363884,2.790444852962537e-07,0.002094798623468186,0.0001825372110015877,1.3156136329450102e-08,0.9999781250953674,0.9995289444923401
0.4190030097961426,5.02485466003418,-9.60018253326416,-1.3421823195353789e-08,0.13965952396398526,0.21449999511241913,-0.00041664861533183484,2.820140707626706e-07,0.002096207799333582,0.0001825372907067191,1.3421823195353789e-08,1.029319405555725,1.0288571119308472
0.4284367561340332,5.02629280090332,-9.60018253326416,-1.3686199826982185e-08,0.1437973380089372,0.21949999500066042,-0.0004166457631561979,2.849207305644086e-07,0.002097617008422791,0.00018253737002105197,1.3686199826982185e-08,1.0586810111999512,1.0582056045532227
0.4388234615325928,5.027772426605225,-9.60018253326416,-1.3947282839742771e-08,0.14793965220456973,0.2244999948889017,-0.00041664288187672816,2.8779979288628965e-07,0.002099027438717742,0.0001825374483459541,1.3947282839742771e-08,1.0880411863327026,1.0875526666641235
0.44880008697509766,5.029293060302734,-9.60018253326416,-1.4204077373123237e-08,0.15208278596406793,0.229499994777143,-0.0004166399714934255,2.9067169293739425e-07,0.0021004398256548457,0.0001825375253829975,1.4204077373123237e-08,1.1173768043518066,1.116875171661377
0.4588892459869385,5.030855178833008,-9.60018253326416,-1.4455486439416942e-08,0.1562236100435811,0.2344999946653843,-0.0004166370320062899,2.935301495199383e-07,0.0021018547300236,0.0001825376008071089,1.4455486439416942e-08,1.1466538906097412,1.146139144897461
0.4683239459991455,5.032458782196045,-9.60018253326416,-1.4700018727084148e-08,0.16035631299024367,0.23949999455362558,-0.00041663406341532153,2.9635978648911987e-07,0.0021032729578610095,0.0001825376741653173,1.4700018727084148e-08,1.1758893728256226,1.1753616333007812
0.47883176803588867,5.034103870391846,-9.60018253326416,-1.4939235499083857e-08,0.1644838750362944,0.24449999444186687,-0.00041663106572052027,2.9923774036433315e-07,0.0021046943262683993,0.00018253774593190997,1.4939235499083857e-08,1.2051372528076172,1.2045962810516357
0.48879432678222656,5.035789966583252,-9.60018253326416,-1.517731185227006e-08,0.16861155629163477,0.24949999433010817,-0.0004166280680257191,3.022319674528262e-07,0.0021061182070948527,0.0001825378173538894,1.517731185227006e-08,1.2343705892562866,1.2338166236877441
0.49965906143188477,5.037517070770264,-9.60018253326416,-1.5412493612943634e-08,0.1727373450995035,0.25449999421834946,-0.000416625012123252,3.0518972948812007e-07,0.002107544615344736,0.0001825378879090067,1.5412493612943634e-08,1.2635921239852905,1.263025164604187
0.5086619853973389,5.039285659790039,-9.60018253326416,-1.5645260305955807e-08,0.17686131596570664,0.25949999410659075,-0.000416621927116952,3.081663635384757e-07,0.002108973559253457,0.00018253795773937043,1.5645260305955807e-08,1.29280424118042,1.2922242879867554
0.5190823078155518,5.041095733642578,-9.60018253326416,-1.5875974229639315e-08,0.18098384141927398,0.26449999399483204,-0.000416618813006819,3.1115794740799174e-07,0.002110404993830156,0.00018253802695333832,1.5875974229639315e-08,1.3220083713531494,1.3214153051376343
0.528599739074707,5.042946815490723,-9.60018253326416,-1.6104910649724492e-08,0.18510515987878468,0.26949999388307333,-0.0004166156697928531,3.1416155366059684e-07,0.002111838872035674,0.00018253809563439916,1.6104910649724492e-08,1.3511958122253418,1.350589632987976
0.5388674736022949,5.044838905334473,-9.60018253326416,-1.633160767419729e-08,0.18922461569314614,0.2744999937713146,-0.00041661249747505433,3.1715705972601427e-07,0.0021132752592902325,0.00018253816364222075,1.633160767419729e-08,1.3803701400756836,1.3797509670257568
0.5488693714141846,5.046772480010986,-9.60018253326416,-1.655658748461187e-08,0.1933419704437793,0.2794999936595559,-0.0004166092960534225,3.2016842510529386e-07,0.0021147141642500387,0.00018253823113667522,1.655658748461187e-08,1.4092553853988647,1.4086233377456665
0.5590131282806396,5.048746585845947,-9.60018253326416,-1.6760248590808057e-08,0.19743368029599762,0.2844999935477972,-0.0004166060655279582,3.2267254823636904e-07,0.00211615859767803,0.0001825382922344687,1.6760248590808057e-08,1.4382250308990479,1.4375801086425781
0.5689165592193604,5.050761699676514,-9.60018253326416,-1.69732747129333e-08,0.20151516795163735,0.2894999934360385,-0.0004166028058986607,3.2594914500805316e-07,0.002117606486363806,0.00018253835614245872,1.69732747129333e-08,1.467306137084961,1.4666481018066406
0.5786862373352051,5.0528178215026855,-9.60018253326416,-1.719360886528825e-08,0.20561334490781416,0.2944999933242798,-0.00041659951716553015,3.291843597708066e-07,0.0021190552121535403,0.00018253842224247308,1.719360886528825e-08,1.4964662790298462,1.4957952499389648
0.5890259742736816,5.054915428161621,-9.60018253326416,-1.7418458677821782e-08,0.20972433686261766,0.2994999932125211,-0.00041659619932856654,3.3235727414648863e-07,0.0021205044246189633,0.0001825384896978477,1.7418458677821782e-08,1.5256738662719727,1.5249897241592407
0.5995042324066162,5.057053565979004,-9.60018253326416,-1.7645413686840914e-08,0.21384358406072254,0.30449999310076237,-0.0004165928523877699,3.354746240802342e-07,0.002121954490398997,0.000182538557783829,1.7645413686840914e-08,1.554855227470398,1.554158091545105
0.6082713603973389,5.05923318862915,-9.60018253326416,-1.7869587272032143e-08,0.21796123683457963,0.30949999298900366,-0.0004165894472393074,3.3846779956547834e-07,0.0021234065285912745,0.00018253862503669893,1.7869587272032143e-08,1.5840837955474854,1.5833736658096313
0.619107723236084,5.0614542961120605,-9.60018253326416,-1.8096141328613447e-08,0.22208480536943076,0.31449999287724495,-0.0004165860420908448,3.4159489814555855e-07,0.002124859984345775,0.00018253869300366432,1.8096141328613447e-08,1.6133264303207397,1.6126031875610352
0.6291632652282715,5.063716411590576,-9.60018253326416,-1.832272224120321e-08,0.2262104898691714,0.31949999276548624,-0.00041658260783854927,3.446631637871178e-07,0.0021263151993213157,0.00018253876097773514,1.8322722241203212e-08,1.6425660848617554,1.6418297290802002
0.6388347148895264,5.066019535064697,-9.60018253326416,-1.854813987188866e-08,0.2303366661072314,0.32449999265372753,-0.00041657911537858785,3.4770110346471483e-07,0.0021277723236272795,0.00018253882860186366,1.8548139871888662e-08,1.6718004941940308,1.6710511445999146
0.6487367153167725,5.068364143371582,-9.60018253326416,-1.8772474135093688e-08,0.23446214199071533,0.3294999925419688,-0.0004165756229186264,3.507396399982099e-07,0.0021292316467593385,0.00018253889590269523,1.877247413509369e-08,1.7010294198989868,1.7002670764923096
0.6585648059844971,5.0707502365112305,-9.60018253326416,-1.8995806723417728e-08,0.23858685791497838,0.3344999924302101,-0.00041657207225099906,3.5377854601392755e-07,0.0021306930893229582,0.0001825389629033225,1.899580672341773e-08,1.730252742767334,1.7294771671295166
0.6685991287231445,5.073177337646484,-9.60018253326416,-1.9218214004206398e-08,0.24271078407769817,0.3394999923184514,-0.0004165684924795387,3.5681750887306407e-07,0.0021321567028688765,0.00018253902962506174,1.92182140042064e-08,1.7594702243804932,1.7586816549301147
0.6783831119537354,5.075645446777344,-9.60018253326416,-1.9439775895299097e-08,0.2468338906765523,0.3444999922066927,-0.0004165649127080784,3.59856301201944e-07,0.0021336225782787872,0.00018253909609278196,1.94397758952991e-08,1.788691520690918,1.7878899574279785
0.6885955333709717,5.078155040740967,-9.60018253326416,-1.9661257971141607e-08,0.25095701217656763,0.349499992094934,-0.0004165612747289522,3.629124591952859e-07,0.00213509046848809,0.00018253916253740954,1.966125797114161e-08,1.8179140090942383,1.8170993328094482
0.6990962028503418,5.0807061195373535,-9.60018253326416,-1.9882395551887228e-08,0.2550804913044516,0.3544999919831753,-0.00041655760764599295,3.65959976988961e-07,0.002136560364956656,0.00018253922887900842,1.988239555188723e-08,1.8471347093582153,1.8463069200515747
0.7085971832275391,5.0832977294921875,-9.60018253326416,-2.0103058957848954e-08,0.25920388102536845,0.35949999187141657,-0.00041655394056303377,3.690017535973311e-07,0.0021380323802488825,0.00018253929507849875,2.0103058957848958e-08,1.876352071762085,1.8755112886428833
0.7185826301574707,5.085931301116943,-9.60018253326416,-2.0323184234428695e-08,0.2633268535137719,0.36449999175965786,-0.0004165502152724086,3.7203943747954327e-07,0.0021395064074788634,0.00018253936111634061,2.0323184234428698e-08,1.9055652618408203,1.904711365699768
0.7283117771148682,5.088605880737305,-9.60018253326416,-2.054276781957575e-08,0.26744928956037234,0.36949999164789915,-0.00041654646087795045,3.7507399497371807e-07,0.0021409824981272973,0.00018253942699075765,2.0542767819575755e-08,1.9347832202911377,1.9339163303375244
0.7387735843658447,5.0913214683532715,-9.60018253326416,-2.0762511343902174e-08,0.2715718746185847,0.37449999153614044,-0.00041654267737965936,3.7812375808243814e-07,0.0021424605724061664,0.00018253949291313631,2.0762511343902174e-08,1.9640027284622192,1.963122844696045
0.7493090629577637,5.094078540802002,-9.60018253326416,-2.0982107502852544e-08,0.2756949365139553,0.37949999142438173,-0.0004165388647775353,3.81163204110635e-07,0.002143940592458418,0.00018253955879288242,2.0982107502852544e-08,1.9932211637496948,1.99232816696167
0.7588949203491211,5.096876621246338,-9.60018253326416,-2.120139287011598e-08,0.2798179686070035,0.384499991312623,-0.0004165350230715783,3.841956299766025e-07,0.0021454225854780603,0.0001825396245784816,2.120139287011598e-08,2.0224363803863525,2.0215303897857666
0.7690508365631104,5.099715709686279,-9.60018253326416,-2.1420283954699487e-08,0.2839406430721831,0.3894999912008643,-0.00041653115226178834,3.8722302520000085e-07,0.002146906581449501,0.0001825396902450649,2.1420283954699487e-08,2.051657199859619,2.0507380962371826
0.778714656829834,5.102596759796143,-9.60018253326416,-2.1639445086682886e-08,0.2880636155605865,0.3944999910891056,-0.00041652725234816535,3.902643470610201e-07,0.00214839249775727,0.00018253975599336059,2.1639445086682883e-08,2.0808801651000977,2.0799479484558105
0.7887759208679199,5.105518341064453,-9.60018253326416,-2.1858536990047643e-08,0.2921871244907929,0.3994999909773469,-0.0004165233233307094,3.932944991902332e-07,0.0021498803047580095,0.00018253982172211636,2.185853699004764e-08,2.110111713409424,2.109166383743286
0.798708438873291,5.108481407165527,-9.60018253326416,-2.2078064129133768e-08,0.29631146788602625,0.4044999908655882,-0.0004165193361055875,3.9633491155655065e-07,0.0021513698537602597,0.00018253988758054618,2.2078064129133764e-08,2.1393470764160156,2.1383888721466064
0.8088743686676025,5.111485958099365,-9.60018253326416,-2.2297598412869127e-08,0.30043664574628637,0.4094999907538295,-0.00041651534888046554,3.9936196571943583e-07,0.002152861280591145,0.00018253995344075236,2.2297598412869124e-08,2.1685822010040283,2.1676108837127686
0.818589448928833,5.114531517028809,-9.60018253326416,-2.251690003797419e-08,0.30456200242048087,0.41449999064207077,-0.00041651133255151074,4.023802091523976e-07,0.002154354595628777,0.00018254001922990426,2.2516900037974188e-08,2.19781494140625,2.1968307495117188
0.8286654949188232,5.117618560791016,-9.60018253326416,-2.273584643730558e-08,0.3086871206760962,0.41949999053031206,-0.0004165072871187229,4.053924271829601e-07,0.0021558498313698077,0.0001825400849142511,2.2735846437305578e-08,2.22705340385437,2.2260560989379883
0.8386056423187256,5.120746612548828,-9.60018253326416,-2.295506819358043e-08,0.3128125667572579,0.42449999041855335,-0.0004165031834782691,4.084180886820832e-07,0.002157346834140377,0.00018254015068031038,2.2955068193580428e-08,2.256294012069702,2.2552833557128906
0.8492419719696045,5.123916149139404,-9.60018253326416,-2.317421715104401e-08,0.3169385790825449,0.42949999030679464,-0.0004164990798378153,4.1143240991914354e-07,0.0021588457165593305,0.00018254021642505336,2.3174217151044006e-08,2.2855427265167236,2.2845191955566406
0.8589365482330322,5.127126693725586,-9.60018253326416,-2.339378534175971e-08,0.321065366268214,0.43449999019503593,-0.00041649494709352855,4.144571335018554e-07,0.0021603463817978738,0.00018254028229591768,2.3393785341759707e-08,2.3147950172424316,2.313758611679077
0.8691754341125488,5.130378723144531,-9.60018253326416,-2.3613341123308384e-08,0.32519295811658755,0.4394999900832772,-0.0004164907561415759,4.1746881151993875e-07,0.002161848733791943,0.00018254034816322928,2.3613341123308384e-08,2.335263729095459,2.3342180252075195
0.8792400360107422,5.133671760559082,-9.60018253326416,-2.383069609565489e-08,0.3293161988258925,0.4444999899715185,-0.00041648656518962317,4.204206049962522e-07,0.002163353432658337,0.00018254041336973614,2.383069609565489e-08,2.372985601425171,2.3719232082366943
0.8894658088684082,5.137005805969238,-9.60018253326416,-2.4029863576385592e-08,0.33341959118848713,0.4494999898597598,-0.0004164823160300049,4.229556793688971e-07,0.002164862314018896,0.0001825404731192748,2.4029863576385592e-08,2.4017646312713623,2.4006893634796143
0.8992526531219482,5.140380859375,-9.60018253326416,-2.421911222304841e-08,0.33748930692678375,0.4544999897480011,-0.00041647806687038674,4.2568160552036716e-07,0.0021663767290580316,0.00018254052989341574,2.421911222304841e-08,2.4312777519226074,2.4301891326904297
0.9086518287658691,5.143796920776367,-9.60018253326416,-2.4464443928922252e-08,0.3416126668453788,0.4594999896362424,-0.0004164737595031017,4.301022329400439e-07,0.0021678872309204397,0.00018254060349320866,2.4464443928922252e-08,2.460090160369873,2.458988666534424
0.9192724227905273,5.14725399017334,-9.60018253326416,-2.46513319129097e-08,0.3457212448120685,0.4644999895244837,-0.0004164694521358177,4.316127615311416e-07,0.002169402263932101,0.00018254065956035959,2.46513319129097e-08,2.4890389442443848,2.487924575805664
0.9286754131317139,5.150752067565918,-9.60018253326416,-2.4856709385346825e-08,0.34979394078260406,0.46949998941272497,-0.00041646511566470034,4.3505411895239376e-07,0.0021709212099314344,0.00018254072117329656,2.4856709385346825e-08,2.5182042121887207,2.5170767307281494
0.9386894702911377,5.154291152954102,-9.60018253326416,-2.5076753761430376e-08,0.35389888286596316,0.47449998930096626,-0.00041646072098591686,4.384116039091168e-07,0.0021724395870405667,0.00018254078718626943,2.5076753761430376e-08,2.5475144386291504,2.5463738441467285
0.9495594501495361,5.157871246337891,-9.60018253326416,-2.5305347474162074e-08,0.35802802443510096,0.47949998918920755,-0.00041645629720330016,4.416243939431297e-07,0.002173956953390226,0.00018254085576430157,2.5305347474162074e-08,2.5769104957580566,2.575756788253784
0.9592182636260986,5.161492824554443,-9.60018253326416,-2.553808530802182e-08,0.36217209696775504,0.48449998907744884,-0.00041645184431685046,4.4473230786934437e-07,0.002175473995258784,0.0001825409255857835,2.553808530802182e-08,2.6063549518585205,2.6051881313323975
0.9702939987182617,5.168860912322998,-9.60018253326416,-7.621613943296105e-09,0.3704575002201462,0.4899999890476465,-0.0004164441026975199,3.259442280523217e-07,0.002176860288419564,0.00018253555064440263,7.621613943296105e-09,2.6297266483306885,2.628558397293091
0.9792108535766602,5.168860912322998,-9.60018253326416,-7.621613943296105e-09,0.3704575002201462,0.4944999888539314,-0.0004164441026975199,3.259442280523217e-07,0.0021785879752348252,0.00018253555064440263,7.621613943296105e-09,2.6645395755767822,2.6633458137512207
0.9890890121459961,5.172606468200684,-9.60018253326416,-9.58028050116993e-09,0.37455829977994015,0.4994999887421727,-0.0004164387475922156,5.374083684728248e-07,0.002179956492630216,0.00018253613824548154,9.58028050116993e-09,2.6934051513671875,2.6921987533569336
0.99934983253479,5.176393032073975,-9.60018253326416,-1.1364343316154487e-08,0.37863758206372405,0.504499988630414,-0.00041643342159074914,5.32223907612206e-07,0.0021814478444152734,0.0001825366734635736,1.1364343316154487e-08,2.7230491638183594,2.721829414367676
1.009077548980713,5.180220603942871,-9.60018253326416,-1.3054815480252584e-08,0.38277727365498826,0.5094999885186553,-0.0004164281246931184,5.294710376801959e-07,0.0021829692813303005,0.00018253718060456947,1.3054815480252584e-08,2.7527599334716797,2.7515268325805664
1.0193769931793213,5.1840901374816895,-9.60018253326416,-1.4603319019288582e-08,0.38697081804280653,0.5144999884068966,-0.0004164228568993241,5.258356168269529e-07,0.0021844970460077975,0.00018253764515563375,1.4603319019288582e-08,2.7821714878082275,2.7809255123138428
1.0286407470703125,5.18800163269043,-9.60018253326416,-1.600367523820539e-08,0.39113730192189655,0.5194999882951379,-0.00041641764731319917,5.223220114203286e-07,0.0021860303089722404,0.00018253806526224992,1.600367523820539e-08,2.8113203048706055,2.810061454772949
1.0389564037322998,5.191954135894775,-9.60018253326416,-1.7274565428536832e-08,0.39526304602628265,0.5244999881833792,-0.000416412437727077,5.19527304732037e-07,0.0021875692378387377,0.00018253844653060014,1.7274565428536832e-08,2.8405725955963135,2.8393006324768066
1.0493230819702148,5.195948123931885,-9.60018253326416,-1.8453860058259693e-08,0.39938369393354056,0.5294999880716205,-0.00041640725724478975,5.179295499146974e-07,0.0021891102939125117,0.00018253880031871006,1.8453860058259696e-08,2.8699328899383545,2.868648052215576
1.0588274002075195,5.1999831199646,-9.60018253326416,-1.954792148511263e-08,0.4035215377808162,0.5344999879598618,-0.00041640210586633703,5.167183871890302e-07,0.0021906512899450377,0.00018253912853616328,1.9547921485112632e-08,2.899366617202759,2.898068428039551
1.0686984062194824,5.204060077667236,-9.60018253326416,-2.0562753118198525e-08,0.40767142176633625,0.539499987848103,-0.0004163969544878859,5.158630642654316e-07,0.002192191990821479,0.00018253943298596198,2.056275311819853e-08,2.9288315773010254,2.927520275115967
1.0786936283111572,5.208178520202637,-9.60018253326416,-2.150323384191199e-08,0.41182783246045923,0.5444999877363443,-0.00041639180310943595,5.153154347681266e-07,0.0021937328707240444,0.00018253971513004785,2.1503233841911987e-08,2.9583096504211426,2.9569854736328125
1.089040994644165,5.212338447570801,-9.60018253326416,-2.237551070627328e-08,0.41598686575895233,0.5494999876245856,-0.00041638665173098725,5.15089823238668e-07,0.002195274404720118,0.00018253997681405565,2.2375510706273277e-08,2.987781524658203,2.9864439964294434
1.0989890098571777,5.2165398597717285,-9.60018253326416,-2.3184819417716793e-08,0.42014598846441253,0.5544999875128269,-0.00041638150035253947,5.151478035259061e-07,0.0021968169982203647,0.00018254021960650846,2.318481941771679e-08,3.0172433853149414,3.01589298248291
1.1087820529937744,5.22078275680542,-9.60018253326416,-2.393708834839766e-08,0.42430382967001,0.5594999874010682,-0.0004163763198702596,5.154930136086477e-07,0.0021983608066064295,0.00018254044528731583,2.393708834839766e-08,3.046694755554199,3.0453312397003174
1.1187188625335693,5.225067138671875,-9.60018253326416,-2.46377093426158e-08,0.4284601807594881,0.5644999872893095,-0.00041637116849181345,5.160998739484057e-07,0.002199906082706565,0.0001825406554729625,2.46377093426158e-08,3.0761349201202393,3.074758291244507
1.1282620429992676,5.229393482208252,-9.60018253326416,-2.529158924376848e-08,0.43261498212820204,0.5694999871775508,-0.00041636601711336806,5.169449650566094e-07,0.002201452848163051,0.00018254085163782463,2.529158924376848e-08,3.1055541038513184,3.1041643619537354
1.138387680053711,5.233761310577393,-9.60018253326416,-2.590249266596072e-08,0.4367673397064801,0.5744999870657921,-0.0004163608366310902,5.179890081308258e-07,0.0022030011424169138,0.00018254103490811247,2.590249266596072e-08,3.1349549293518066,3.133552074432373
1.1496620178222656,5.238170146942139,-9.60018253326416,-2.6474798762368483e-08,0.4409169256687761,0.5794999869540334,-0.0004163556270449799,5.192382559471298e-07,0.002204550995006458,0.00018254120660010642,2.6474798762368483e-08,3.1643500328063965,3.1629340648651123
1.1590943336486816,5.242620944976807,-9.60018253326416,-2.7013053601085594e-08,0.4450650215149527,0.5844999868422747,-0.00041635041745887,5.206891273701331e-07,0.002206102386672051,0.0001825413680762722,2.7013053601085594e-08,3.1937384605407715,3.1923093795776367
1.1689155101776123,5.247113227844238,-9.60018253326416,-2.7520353742755106e-08,0.4492123425007472,0.589499986730516,-0.0004163452078727606,5.222975119067996e-07,0.002207655292857846,0.00018254152026742076,2.7520353742755106e-08,3.223118782043457,3.2216765880584717
1.1789751052856445,5.251646518707275,-9.60018253326416,-2.799957011344044e-08,0.453358530998291,0.5944999866187572,-0.00041633996918281847,5.240503924142104e-07,0.002209209664914766,0.0001825416640315325,2.7999570113440444e-08,3.252490282058716,3.25103497505188
1.1885106563568115,5.256221771240234,-9.60018253326416,-2.8453335571391887e-08,0.4575035274029392,0.5994999865069985,-0.0004163347013890437,5.25935206496797e-07,0.0022107655021470496,0.00018254180016086252,2.8453335571391887e-08,3.2818615436553955,3.280393362045288
1.1989450454711914,5.260838031768799,-9.60018253326416,-2.8884750108152035e-08,0.4616480171681069,0.6044999863952398,-0.0004163294335952692,5.2795792271354e-07,0.002212322817997917,0.00018254192958622184,2.8884750108152035e-08,3.3109512329101562,3.3094699382781982
1.208549976348877,5.265495777130127,-9.60018253326416,-2.9275722445430504e-08,0.46576824784285076,0.6094999862834811,-0.00041632413669766223,5.295663072502066e-07,0.002213884086301893,0.0001825420468772876,2.9275722445430504e-08,3.340074300765991,3.3385798931121826
1.2189114093780518,5.2701945304870605,-9.60018253326416,-2.9655096386754818e-08,0.46987178921705774,0.6144999861717224,-0.00041631881069622244,5.319478759702179e-07,0.002215448171729215,0.00018254216069024665,2.9655096386754818e-08,3.369354724884033,3.367847204208374
1.229137659072876,5.274934768676758,-9.60018253326416,-3.00289648960708e-08,0.473997950553957,0.6194999860599637,-0.00041631345559094965,5.345358999875316e-07,0.0022170120326606693,0.00018254227284941749,3.00289648960708e-08,3.398714542388916,3.3971939086914062
1.2383785247802734,5.2797160148620605,-9.60018253326416,-3.039287858291995e-08,0.4781371057034173,0.624499985948205,-0.00041630810048567685,5.370553139982803e-07,0.0022185759366546713,0.00018254238202430884,3.039287858291995e-08,3.4278407096862793,3.426307201385498
1.2493083477020264,5.284538745880127,-9.60018253326416,-3.072573702239372e-08,0.48226025700575514,0.6294999858364463,-0.0004163026871727386,5.390690489548433e-07,0.0022201426482872373,0.00018254248188220856,3.072573702239372e-08,3.4570727348327637,3.455526351928711
1.2589638233184814,5.289402484893799,-9.60018253326416,-3.1057041150810856e-08,0.4863778948784515,0.6344999857246876,-0.0004162972738598003,5.418601176643278e-07,0.002221710957151208,0.00018254258127292644,3.1057041150810856e-08,3.4864258766174316,3.484866142272949
1.2689909934997559,5.294307231903076,-9.60018253326416,-3.138516761001116e-08,0.49051401019102825,0.6394999856129289,-0.0004162918314430289,5.446446493806434e-07,0.002223279252813203,0.00018254267971151705,3.138516761001116e-08,3.5158612728118896,3.5142884254455566
1.278709888458252,5.299253940582275,-9.60018253326416,-3.1707949476163676e-08,0.4946637153626137,0.6444999855011702,-0.00041628635992242463,5.474041131492413e-07,0.0022248474802190623,0.00018254277654605744,3.1707949476163676e-08,3.5450639724731445,3.54347825050354
1.288902759552002,5.304242134094238,-9.60018253326416,-3.2003737374373527e-08,0.4987976551056559,0.6494999853894114,-0.0004162808592979878,5.496309540831135e-07,0.002226418541685483,0.000182542865282187,3.2003737374373527e-08,3.5743727684020996,3.5727739334106445
1.299293041229248,5.309271335601807,-9.60018253326416,-3.2301573895264135e-08,0.502926111221379,0.6544999852776527,-0.0004162753295697178,5.526109703168913e-07,0.0022279911305491482,0.00018254295463293602,3.2301573895264135e-08,3.6037919521331787,3.602180004119873
1.3090665340423584,5.314342021942139,-9.60018253326416,-3.259875563377761e-08,0.5070721507073107,0.659499985165894,-0.00041626977073761493,5.555451139116485e-07,0.0022295638051618304,0.00018254304378650943,3.259875563377761e-08,3.6332855224609375,3.6316604614257812
1.3187203407287598,5.319454193115234,-9.60018253326416,-3.289311561235463e-08,0.5112304091454215,0.6644999850541353,-0.000416264211905512,5.584428208749159e-07,0.002231136645827508,0.00018254313209453699,3.289311561235463e-08,3.6628201007843018,3.661181926727295
1.3288328647613525,5.324608325958252,-9.60018253326416,-3.318286342027599e-08,0.5153961181641291,0.6694999849423766,-0.000416258594865743,5.613100029222551e-07,0.00223270989489274,0.00018254321901878257,3.318286342027599e-08,3.6923646926879883,3.6907131671905518
1.3385999202728271,5.329803943634033,-9.60018253326416,-3.3466471526279945e-08,0.5195647478104306,0.6744999848306179,-0.00041625294872214125,5.641498432851222e-07,0.0022342840667044068,0.00018254330410272246,3.3466471526279945e-08,3.7219085693359375,3.7202441692352295
1.3502106666564941,5.340320110321045,-9.60018253326416,-3.401505222616311e-08,0.5279012918472965,0.6799999848008156,-0.00041624156912343894,5.698450422642054e-07,0.0022356525745162404,0.00018254346867685456,3.401505222616311e-08,3.754375457763672,3.7526962757110596
1.3587727546691895,5.340320110321045,-9.60018253326416,-3.401505222616311e-08,0.5279012918472965,0.6844999846071005,-0.00041624156912343894,5.698450422642054e-07,0.002237374287746087,0.00018254346867685456,3.401505222616311e-08,3.7809195518493652,3.779228687286377
1.3688445091247559,5.345641136169434,-9.60018253326416,-3.427840852020412e-08,0.5320622324944221,0.6894999844953418,-0.0004162358356683385,5.726625431634602e-07,0.0022389966242746164,0.0001825435476838777,3.427840852020412e-08,3.8104465007781982,3.8087425231933594
1.3790249824523926,5.351003170013428,-9.60018253326416,-3.454068072111439e-08,0.5362278819084849,0.6944999843835831,-0.000416230102213238,5.756518248745124e-07,0.002240589662013492,0.0001825436263640512,3.454068072111439e-08,3.8399603366851807,3.838243246078491
1.3886761665344238,5.356407165527344,-9.60018253326416,-3.4797932605698275e-08,0.5403933525086133,0.6994999842718244,-0.0004162243105504717,5.785428811577731e-07,0.002242174926021582,0.00018254370353965044,3.4797932605698275e-08,3.8694491386413574,3.8677186965942383
1.3990402221679688,5.361852645874023,-9.60018253326416,-3.505001856326471e-08,0.5445557236672135,0.7044999841600657,-0.0004162184897838724,5.81429333124106e-07,0.0022437590818391393,0.00018254377916626652,3.505001856326471e-08,3.898867607116699,3.8971240520477295
1.4090027809143066,5.367339611053467,-9.60018253326416,-3.52945228697754e-08,0.5487090945244526,0.7094999840483069,-0.00041621263991344033,5.842501309416548e-07,0.0022453446472498486,0.0001825438525173695,3.52945228697754e-08,3.928316354751587,3.9265596866607666
1.4191763401031494,5.372868537902832,-9.60018253326416,-3.553889180341871e-08,0.5528641939163901,0.7144999839365482,-0.0004162067900430082,5.87257773076999e-07,0.0022469313480260426,0.00018254392582761625,3.553889180341871e-08,3.957770824432373,3.956001043319702
1.429290533065796,5.378438472747803,-9.600181579589844,-3.578131712775657e-08,0.5570201873779993,0.7194999838247895,-0.00041620088196491015,5.902159614379343e-07,0.002247474949583457,0.00018159032423881172,3.578131712775657e-08,3.987224578857422,3.9854416847229004
1.438601016998291,5.384050369262695,-9.600181579589844,-3.6021528878243516e-08,0.5611764192581876,0.7244999837130308,-0.00041619494478297917,5.93162951645354e-07,0.0022487525572627513,0.00018159039630205598,3.6021528878243516e-08,4.0166730880737305,4.014876842498779
1.449315071105957,5.389703750610352,-9.600181579589844,-3.625946313487561e-08,0.565332114696573,0.7294999836012721,-0.00041618897849721523,5.961025522083219e-07,0.00225025135661078,0.0001815904676831792,3.625946313487561e-08,4.046123027801514,4.044313907623291
1.459428071975708,5.401134967803955,-9.600181579589844,-3.673049582939972e-08,0.5736430883408301,0.7344999834895134,-0.0004161769586141885,6.019930651746108e-07,0.0022514782127169212,0.0001815906089923658,3.673049582939972e-08,4.075570583343506,4.0737481117248535
1.469087839126587,5.401134967803955,-9.600181579589844,-3.673049582939972e-08,0.5736430883408301,0.7394999833777547,-0.0004161769586141885,6.019930651746108e-07,0.002253302888871355,0.0001815906089923658,3.673049582939972e-08,4.104732513427734,4.1028971672058105
1.4788565635681152,5.406912803649902,-9.600181579589844,-3.6943351621399025e-08,0.5777736902237648,0.744499983265996,-0.00041617093412075904,6.044087399459386e-07,0.00225497113192016,0.00018159067284884145,3.6943351621399025e-08,4.133977890014648,4.132129669189453
1.4887058734893799,5.412731647491455,-9.600181579589844,-3.716489686548208e-08,0.5818941593170879,0.7494999831542373,-0.00041616485141966346,6.07584127010341e-07,0.0022565932575385715,0.00018159073931300895,3.716489686548208e-08,4.163331508636475,4.16146993637085
1.4991915225982666,5.4185919761657715,-9.600181579589844,-3.7392978711347066e-08,0.5860309600830794,0.7544999830424786,-0.0004161587396147349,6.106996579546831e-07,0.0022582012757986175,0.0001815908077382744,3.7392978711347066e-08,4.192768573760986,4.19089412689209
1.5091543197631836,5.424493789672852,-9.600181579589844,-3.7625462066059077e-08,0.590180754661632,0.7594999829307199,-0.0004161525987059731,6.137552759355458e-07,0.002259805047547838,0.000181590877483373,3.7625462066059077e-08,4.222254276275635,4.220366954803467
1.5212485790252686,5.436422348022461,-9.600181579589844,-3.809386728469681e-08,0.5985022783280145,0.7654999829828739,-0.0004161402295769508,6.196647177603154e-07,0.002261364969323895,0.00018159101800385713,3.809386728469682e-08,4.251764297485352,4.249863624572754
1.5292637348175049,5.436422348022461,-9.600181579589844,-3.809386728469681e-08,0.5985022783280145,0.7694999831728637,-0.0004161402295769508,6.196647177603154e-07,0.002262998138554871,0.00018159101800385713,3.809386728469682e-08,4.281004905700684,4.2790913581848145
1.5389268398284912,5.442448616027832,-9.600181579589844,-3.830735453302697e-08,0.6026432514191401,0.774499983061105,-0.00041613403046052345,6.220497539288772e-07,0.002264613587758048,0.00018159108205040297,3.8307354533026975e-08,4.310049533843994,4.308122634887695
1.5495388507843018,5.448516368865967,-9.600181579589844,-3.850939521004936e-08,0.6067507266999019,0.7794999829493463,-0.00041612777313643044,6.24649601377314e-07,0.0022662267941900155,0.00018159114266325105,3.850939521004937e-08,4.339561462402344,4.337621688842773
1.5589962005615234,5.454625129699707,-9.600181579589844,-3.874756923661955e-08,0.610888540744855,0.7844999828375876,-0.0004161214867085038,6.28451630291238e-07,0.002267836704327148,0.00018159121411542856,3.8747569236619556e-08,4.369174480438232,4.367221355438232
1.5696370601654053,5.466968059539795,-9.600181579589844,-3.922573599226093e-08,0.6192442774773385,0.7894999827258289,-0.0004161088265411515,6.342190204122744e-07,0.002269113782280957,0.00018159135756512512,3.922573599226093e-08,4.401744365692139,4.399776935577393
1.5784168243408203,5.466968059539795,-9.600181579589844,-3.922573599226093e-08,0.6192442774773385,0.7944999826140702,-0.0004161088265411515,6.342190204122744e-07,0.0022709532865274416,0.00018159135756512512,3.922573599226093e-08,4.428137302398682,4.4261579513549805
1.5886366367340088,5.473202228546143,-9.600181579589844,-3.9442214108061855e-08,0.6233999133110788,0.7994999825023115,-0.0004161024819055593,6.365258400364837e-07,0.002272634026602308,0.00018159142250873117,3.9442214108061855e-08,4.457263946533203,4.4552717208862305
1.5989036560058594,5.479477405548096,-9.600181579589844,-3.964580689811872e-08,0.6275199651718882,0.8044999823905528,-0.00041609607906230143,6.390387170540635e-07,0.00227427031564215,0.00018159148358698474,3.964580689811872e-08,4.486711025238037,4.484705448150635
1.6086981296539307,5.4857940673828125,-9.600181579589844,-3.9874992528824754e-08,0.6316565275193008,0.809499982278794,-0.0004160896471152101,6.425195806514239e-07,0.002275891914302626,0.00018159155234265256,3.987499252882475e-08,4.516280651092529,4.5142621994018555
1.6187291145324707,5.492152214050293,-9.600181579589844,-4.010932938121888e-08,0.6358243823052203,0.8144999821670353,-0.00041608318606428565,6.454803269662079e-07,0.0022775082174481113,0.00018159162264375084,4.010932938121887e-08,4.545896053314209,4.5438642501831055
1.6286535263061523,5.498552322387695,-9.600181579589844,-4.0344923818135485e-08,0.6400013566017905,0.8194999820552766,-0.00041607672501336134,6.483354582087486e-07,0.002279123320592614,0.00018159169332143676,4.034492381813548e-08,4.57553243637085,4.573487281799316
1.6389610767364502,5.504993915557861,-9.600181579589844,-4.0580255335207176e-08,0.6441823840142052,0.8244999819435179,-0.00041607020575477096,6.511443757517554e-07,0.002280738595467945,0.000181591763920963,4.058025533520717e-08,4.605175018310547,4.603116989135742
1.6493983268737793,5.511477470397949,-9.600181579589844,-4.081446776197958e-08,0.6483649611473842,0.8294999818317592,-0.00041606365739234774,6.539236778735358e-07,0.002282354696390693,0.00018159183418475777,4.081446776197958e-08,4.637753486633301,4.63568115234375
1.6587893962860107,5.518002986907959,-9.600181579589844,-4.104643848259991e-08,0.6525467038155363,0.8344999817200005,-0.00041605710902992447,6.566664296769886e-07,0.0022839720760970735,0.0001815919037753133,4.104643848259991e-08,4.6644206047058105,4.6623358726501465
1.6689457893371582,5.524570465087891,-9.600181579589844,-4.1276302500359166e-08,0.6567264199257661,0.8394999816082418,-0.0004160505024598354,6.594045203200949e-07,0.0022855907546665494,0.00018159197273526217,4.1276302500359166e-08,4.684978485107422,4.682884693145752
1.678286075592041,5.531178951263428,-9.600181579589844,-4.148426120171381e-08,0.6608798503876496,0.8444999814964831,-0.0004160438958897467,6.616267569370393e-07,0.0022872131539897218,0.00018159203512269073,4.148426120171381e-08,4.722569942474365,4.720459461212158
1.6884360313415527,5.5378289222717285,-9.600181579589844,-4.1660303368068795e-08,0.6649730205536654,0.8494999813847244,-0.00041603726021582574,6.635717682001996e-07,0.0022888420685683595,0.00018159208793555592,4.1660303368068795e-08,4.752506256103516,4.750382423400879
1.698664903640747,5.544520378112793,-9.600181579589844,-4.192271266796898e-08,0.6691337823868572,0.8544999812729657,-0.0004160305663342371,6.685255584670813e-07,0.00229046575561305,0.00018159216665836198,4.192271266796898e-08,4.782055854797363,4.779918670654297
1.7085182666778564,5.551253795623779,-9.600181579589844,-4.214456909956343e-08,0.6733316779137432,0.859499981161207,-0.00041602387245264925,6.702645123368711e-07,0.002292089469022624,0.00018159223321490003,4.214456909956343e-08,4.811590671539307,4.809440612792969
1.7209482192993164,5.558028697967529,-9.600181579589844,-4.236913971516343e-08,0.6774969696999372,0.8644999810494483,-0.0004160171203633955,6.730898007845099e-07,0.002293715115966783,0.00018159230058678588,4.236913971516343e-08,4.841169357299805,4.839006423950195
1.731499195098877,5.564845085144043,-9.600181579589844,-4.2596001760146336e-08,0.6816686391831223,0.8694999809376895,-0.0004160103682741417,6.759025268365804e-07,0.0022953418028574084,0.00018159236864434547,4.2596001760146336e-08,4.870654582977295,4.868478298187256
1.7418324947357178,5.5717034339904785,-9.600181579589844,-4.281599664430302e-08,0.6858307123184985,0.8744999808259308,-0.000416003587081055,6.78478727422771e-07,0.002296970531762872,0.00018159243464310748,4.281599664430302e-08,4.899975299835205,4.897785663604736
1.7516093254089355,5.578603267669678,-9.600181579589844,-4.3023230612930856e-08,0.6899809837342091,0.8794999807141721,-0.0004159967767841357,6.809009960306867e-07,0.0022986016549461875,0.0001815924968138205,4.3023230612930856e-08,4.923307418823242,4.921107292175293
1.761718511581421,5.585544586181641,-9.600181579589844,-4.3220346794095145e-08,0.694100916385729,0.8844999806024134,-0.0004159899373833835,6.833828365415684e-07,0.0023002363431976476,0.0001815925559487397,4.3220346794095145e-08,4.958146572113037,4.955931186676025
1.7713816165924072,5.592526435852051,-9.600181579589844,-4.3413121704685714e-08,0.6982026100159477,0.8894999804906547,-0.0004159830979826316,6.860071835035342e-07,0.0023018740793584376,0.00018159261377981295,4.3413121704685714e-08,4.987137794494629,4.984909534454346
1.7810170650482178,5.599549293518066,-9.600181579589844,-4.3605633726427154e-08,0.7022953629494503,0.894499980378896,-0.0004159762003742136,6.887342465233814e-07,0.0023035139279452693,0.00018159267153450287,4.3605633726427154e-08,5.016701698303223,5.01446008682251
1.7911858558654785,5.606613636016846,-9.600181579589844,-4.384144833992004e-08,0.7064354419709047,0.8994999802671373,-0.0004159692736619619,6.925816933289752e-07,0.0023051507496510944,0.000181592742277914,4.384144833992004e-08,5.046459197998047,5.044204235076904
1.8008344173431396,5.613719940185547,-9.600181579589844,-4.4085011184491566e-08,0.7106273770333134,0.9044999801553786,-0.0004159623178458771,6.955463618396607e-07,0.0023067847826272296,0.00018159281534657623,4.4085011184491566e-08,5.076274871826172,5.0740065574646
1.8112075328826904,5.62086820602417,-9.600181579589844,-4.432951193634704e-08,0.7148321866989936,0.9094999800436199,-0.0004159553329259593,6.983530056459131e-07,0.002308418048732256,0.0001815928886976792,4.432951193634704e-08,5.106104850769043,5.103823661804199
1.8213391304016113,5.628058910369873,-9.600181579589844,-4.457249219963622e-08,0.7190409302712291,0.9144999799318612,-0.0004159483189022086,7.011126399447676e-07,0.0023100516543449255,0.00018159296159225846,4.457249219963622e-08,5.13592529296875,5.133630752563477
1.8317599296569824,5.63529109954834,-9.600181579589844,-4.481263040698207e-08,0.7232494354248854,0.9194999798201025,-0.00041594127577462495,7.038557896521525e-07,0.002311686182300902,0.00018159303363241008,4.481263040698207e-08,5.165721416473389,5.1634135246276855
1.8414344787597656,5.642565727233887,-9.600181579589844,-4.504929774681137e-08,0.727455198764882,0.9244999797083437,-0.0004159342326470414,7.066014973133861e-07,0.002313322035131158,0.00018159310463339295,4.504929774681137e-08,5.195483207702637,5.193162441253662
1.8516125679016113,5.6498823165893555,-9.600181579589844,-4.528227395547624e-08,0.7316565513611651,0.929499979596585,-0.000415927131311792,7.093618137332669e-07,0.0023149592654072943,0.00018159317452592916,4.528227395547624e-08,5.225215911865234,5.22288179397583
1.861133098602295,5.657240867614746,-9.600181579589844,-4.5512276654817646e-08,0.735853493213735,0.9344999794848263,-0.0004159200008727098,7.121623184502823e-07,0.00231659793730615,0.00018159324352673423,4.5512276654817646e-08,5.254922866821289,5.252575397491455
1.871530294418335,5.664641380310059,-9.600181579589844,-4.573982452034031e-08,0.7400466203690392,0.9394999793730676,-0.0004159128413297946,7.149992597987875e-07,0.002318238027277604,0.00018159331179212757,4.573982452034031e-08,5.284597396850586,5.282236576080322
1.8818097114562988,5.672083854675293,-9.600181579589844,-4.596462623644942e-08,0.7442355751992092,0.9444999792613089,-0.0004159056817868795,7.178522309914115e-07,0.002319879648648915,0.00018159337923151497,4.596462623644943e-08,5.314243316650391,5.3118696212768555
1.891592025756836,5.679567813873291,-9.600181579589844,-4.618732837282361e-08,0.7484202384949554,0.9494999791495502,-0.00041589846403629853,7.207452199509135e-07,0.0023215226491764152,0.00018159344604207206,4.618732837282362e-08,5.343875408172607,5.341487884521484
1.9017267227172852,5.687093734741211,-9.600181579589844,-4.640907486171836e-08,0.7526021599770418,0.9544999790377915,-0.00041589124628571756,7.236903911689296e-07,0.0023231670239764585,0.0001815935125666357,4.640907486171836e-08,5.37349271774292,5.371092319488525
1.910834550857544,5.694661617279053,-9.600181579589844,-4.6629858596401115e-08,0.7567821741104955,0.9594999789260328,-0.00041588397032747075,7.266572197295318e-07,0.002324812579035074,0.00018159357880165317,4.6629858596401115e-08,5.403044700622559,5.400631427764893
1.9210569858551025,5.702271461486816,-9.600181579589844,-4.684645736927024e-08,0.7609541416169046,0.9644999788142741,-0.00041587666526539103,7.295604973478476e-07,0.0023264598282419797,0.00018159364378078635,4.684645736927024e-08,5.4326300621032715,5.430203437805176
1.931424617767334,5.7099223136901855,-9.600181579589844,-4.706587334332389e-08,0.7651284337044598,0.9694999787025154,-0.00041586933109947826,7.326593163270445e-07,0.002328107962252482,0.0001815937096054654,4.706587334332389e-08,5.462221145629883,5.459781169891357
1.9413764476776123,5.717615604400635,-9.600181579589844,-4.728585417077189e-08,0.7693036794663315,0.9744999785907567,-0.00041586199693356555,7.357156732723524e-07,0.002329757155883304,0.0001815937756006747,4.728585417077189e-08,5.491809368133545,5.489356517791748
1.9517521858215332,5.725350379943848,-9.600181579589844,-4.750582788409369e-08,0.7734790444374927,0.979499978478998,-0.00041585460455998693,7.38768505925691e-07,0.0023314073088790614,0.00018159384159233127,4.750582788409369e-08,5.521399974822998,5.5189337730407715
1.9617595672607422,5.733127117156982,-9.600181579589844,-4.772617460916189e-08,0.7776543498040092,0.9844999783672392,-0.0004158471830825753,7.418392442559707e-07,0.0023330584585251088,0.00018159390769589834,4.772617460916189e-08,5.5509867668151855,5.548507213592529
1.9711766242980957,5.740945339202881,-9.600181579589844,-4.79464005320726e-08,0.7818294763565913,0.9894999782554805,-0.00041583973250133074,7.449017971339345e-07,0.002334710646862626,0.00018159397376393827,4.794640053207259e-08,5.580285549163818,5.577793121337891
1.9811162948608398,5.748805046081543,-9.600181579589844,-4.81462949346781e-08,0.7859795093537228,0.9944999781437218,-0.00041583225281625365,7.474482117686421e-07,0.0023363660278219326,0.0001815940337319688,4.8146294934678094e-08,5.609674453735352,5.607169151306152
1.9914636611938477,5.756706237792969,-9.600181579589844,-4.8356839995866475e-08,0.790119886398401,0.9994999780319631,-0.00041582474402734334,7.507767918468744e-07,0.0023380228886364096,0.0001815940968956653,4.8356839995866475e-08,5.639174938201904,5.636656761169434
2.0013017654418945,5.764648914337158,-9.600181579589844,-4.8575406796911176e-08,0.7942773103714849,0.9894999782554805,-0.00041581720613459997,7.540360797975154e-07,0.0023396798586154516,0.00018159416246632532,4.8575406796911176e-08,5.662201881408691,5.679090976715088
2.011260747909546,5.772633075714111,-9.600186347961426,1.544497573128034e-05,0.7984094615026078,0.9944999781437218,-0.0004156616824242383,1.5552657714579254e-05,0.0023146639428148815,0.00018171446870773877,-1.544497573128034e-05,5.698612689971924,5.695510387420654
2.021472454071045,5.780659198760986,-9.600186347961426,1.4096277112520963e-05,0.8026264917874638,0.9994999780319631,-0.0004155787246071688,8.294667168229353e-06,0.00231707704532991,0.00018211907829268625,-1.4096277112520963e-05,5.719400405883789,5.716344833374023
2.0316829681396484,5.788719654083252,-9.60018539428711,1.2744098908692518e-05,0.8060447583387981,0.9894999782554805,-0.0004154311875418944,1.4755056326976046e-05,0.002312236511450433,0.00018157105743732416,-1.2744098908692518e-05,5.737519264221191,5.734505653381348
2.040804862976074,5.796806812286377,-9.60018539428711,1.1521319911689501e-05,0.8086975224799532,0.9944999781437218,-0.0004152966034550113,1.3458399735100102e-05,0.0023142730652124842,0.00018193789113674086,-1.1521319911689501e-05,5.755672454833984,5.752695560455322
2.0512900352478027,5.804919242858887,-9.600184440612793,1.041543226314925e-05,0.8112496740140601,0.9994999780319631,-0.00041517374966246087,1.2283872820262332e-05,0.0023172164459655787,0.00018131598311477148,-1.041543226314925e-05,5.76528263092041,5.762342929840088
2.061049461364746,5.813049793243408,-9.600184440612793,9.415886358660825e-06,0.8130776887460449,0.9894999782554805,-0.00041506184009795083,1.1193119462404866e-05,0.002321264920116144,0.00018161584688591859,-9.415886358660825e-06,5.773995399475098,5.771088123321533
2.071397304534912,5.821193218231201,-9.600184440612793,8.511905385155572e-06,0.8143067364251837,0.9944999781437218,-0.0004149597103908923,1.0212778761342634e-05,0.0023254988727020556,0.0001818870411778306,-8.511905385155572e-06,5.784276962280273,5.781397819519043
2.081855297088623,5.829349994659424,-9.600183486938477,7.694242392102817e-06,0.8156739476884423,0.9994999780319631,-0.0004148663999381217,9.329088243248407e-06,0.0023286677584458057,0.00018117866575906305,-7.694242392102817e-06,5.787416934967041,5.784566402435303
2.091115951538086,5.837514877319336,-9.600183486938477,6.955278500320532e-06,0.8165196183242901,0.9894999782554805,-0.00041478132651950785,8.507590791850816e-06,0.0023323780923955413,0.00018140035492741902,-6.955278500320532e-06,5.790918827056885,5.788093566894531
2.101341485977173,5.84568452835083,-9.600183486938477,6.286887465194707e-06,0.8169513347142329,0.9944999781437218,-0.0004147035877971516,7.775428457534872e-06,0.0023361333037768407,0.0001816008722368423,-6.286887465194707e-06,5.797086715698242,5.794282913208008
2.111455202102661,5.853861331939697,-9.600183486938477,5.68222230902923e-06,0.8176842333836165,0.9994999780319631,-0.00041463239787093185,7.117818768165307e-06,0.00233975881422207,0.00018178227178466955,-5.68222230902923e-06,5.797037601470947,5.79425573348999
2.1215620040893555,5.86204195022583,-9.60018253326416,5.135833996555693e-06,0.8180346490551594,0.9894999782554805,-0.00041456737831274286,6.503567419713363e-06,0.0023423356682718286,0.00018099251396108684,-5.135833996555693e-06,5.798123836517334,5.795361518859863
2.131711959838867,5.870222568511963,-9.60018253326416,4.641558283718278e-06,0.8180876375558386,0.9944999781437218,-0.00041450777235761373,5.960819180472754e-06,0.0023454524331763746,0.00018114079667519434,-4.641558283718278e-06,5.802499771118164,5.799752712249756
2.141003370285034,5.878407955169678,-9.60018253326416,4.194322361433232e-06,0.8185372353679464,0.9994999780319631,-0.00041445302697986155,5.474532372318208e-06,0.0023486130066465915,0.0001812749674527936,-4.194322361433232e-06,5.8011579513549805,5.798428535461426
2.1514148712158203,5.886594772338867,-9.60018253326416,3.79028013090081e-06,0.818680822937917,0.9894999782554805,-0.0004144028510984832,5.0164021558885e-06,0.0023517461981098337,0.00018139618012114056,-3.79028013090081e-06,5.801331043243408,5.7986159324646
2.1610941886901855,5.89478063583374,-9.60018253326416,3.424716790265887e-06,0.8185865283742039,0.9944999781437218,-0.00041435669170478866,4.615605575963855e-06,0.002354798862499846,0.00018150584912390855,-3.424716790265887e-06,5.805080413818359,5.802376747131348
2.1710476875305176,5.902969837188721,-9.60018253326416,3.0938688944271106e-06,0.8189337254171265,0.9994999780319631,-0.000414314112212365,4.257228738424601e-06,0.0023577298075653304,0.0001816051034921884,-3.093868894427111e-06,5.803319931030273,5.800629138946533
2.1812546253204346,5.911159992218018,-9.60018253326416,2.79507350211904e-06,0.8190081120031487,0.9894999782554805,-0.00041427496707881044,3.915281467925524e-06,0.0023606019227476543,0.0001816947421104942,-2.79507350211904e-06,5.803228378295898,5.800548076629639
2.1915204524993896,5.91934871673584,-9.600181579589844,2.5246843598280372e-06,0.8188688755443039,0.9944999781437218,-0.00041423876151924023,3.6199105579726165e-06,0.0023624536266058094,0.00018082218453585597,-2.5246843598280372e-06,5.806832313537598,5.804160118103027
2.20141863822937,5.9275407791137695,-9.600181579589844,2.2799028769592854e-06,0.8191896081307203,0.9994999780319631,-0.00041420520447950013,3.356401521159569e-06,0.0023648654283373533,0.00018089561898015916,-2.2799028769592854e-06,5.805004119873047,5.802341938018799
2.2110917568206787,5.935733318328857,-9.600181579589844,2.0589400067782974e-06,0.8192505836764122,0.9894999782554805,-0.000414174208635459,3.100523599641747e-06,0.002367437086408465,0.0001809619078425584,-2.0589400067782974e-06,5.804893493652344,5.802239418029785
2.221951484680176,5.943924427032471,-9.600181579589844,1.8589378884401324e-06,0.8191062212219772,0.9944999781437218,-0.0004141453665225854,2.883185743485228e-06,0.002370014338406439,0.0001810219084781295,-1.8589378884401324e-06,5.808500289916992,5.805851459503174
2.231300115585327,5.952118396759033,-9.600181579589844,1.6778124190472245e-06,0.8194262385558303,0.9994999780319631,-0.000414118474405388,2.68982785200933e-06,0.0023725250000319145,0.00018107624611829465,-1.6778124190472247e-06,5.814540386199951,5.811895370483398
2.241391897201538,5.960319995880127,-9.600181579589844,1.5138563831014261e-06,0.8201665878453204,0.9894999782554805,-0.00041409332855001194,2.5133701910817763e-06,0.0023749587930428466,0.00018112543292936323,-1.513856383101426e-06,5.819995403289795,5.817354202270508
2.2515017986297607,5.968530178070068,-9.600181579589844,1.3656309962233451e-06,0.8209811449181176,0.9944999781437218,-0.00041406984163923165,2.3486666123062605e-06,0.0023773413195233213,0.00018116990054473092,-1.3656309962233451e-06,5.826108455657959,5.823469638824463
2.26111102104187,5.976747989654541,-9.600181579589844,1.2315214018588747e-06,0.8218031525719991,0.9994999780319631,-0.00041404783904526915,2.202416908403393e-06,0.0023796786152041356,0.0001812101334230931,-1.2315214018588747e-06,5.82469367980957,5.822061061859131
2.271322727203369,5.984968185424805,-9.600181579589844,1.1107748229438293e-06,0.8220207691282179,0.9894999782554805,-0.000414027291660553,2.053864363915636e-06,0.0023820339449884655,0.00018124635739802386,-1.1107748229438293e-06,5.823732852935791,5.821104526519775
2.2813830375671387,5.9931864738464355,-9.600181579589844,1.0014829127076392e-06,0.8218145370558088,0.9944999781437218,-0.00041400793754723276,1.9347896795807173e-06,0.0023843825900202553,0.00018127914496979258,-1.0014829127076392e-06,5.825806140899658,5.82318115234375
2.291250705718994,6.001405715942383,-9.600181579589844,9.024351846571657e-07,0.8219489455285527,0.9994999780319631,-0.0004139896311835363,1.830509631872701e-06,0.0023866846325329384,0.00018130885928790974,-9.024351846571657e-07,5.822170257568359,5.81955099105835
2.301145315170288,6.0096235275268555,-9.600181579589844,8.132875463931168e-07,0.8217664361052082,0.9894999782554805,-0.0004139724307751337,1.71963529282948e-06,0.002388992982701583,0.00018133560358002399,-8.132875463931168e-07,5.820215702056885,5.817600250244141
2.3109824657440186,6.017837047576904,-9.600181579589844,7.324994049923339e-07,0.821362197403509,0.9944999781437218,-0.000413956103489502,1.6341477930836845e-06,0.002391284765147182,0.0001813598400222105,-7.324994049923338e-07,5.822078704833984,5.819465160369873
2.3211028575897217,6.0260515213012695,-9.600181579589844,6.591829481115254e-07,0.8214303255117985,0.9994999780319631,-0.0004139405038060549,1.5596089042446692e-06,0.0023935244816478303,0.00018138183495963744,-6.591829481115254e-07,5.818706035614014,5.816097259521484
2.3314332962036133,6.034264087677002,-9.600181579589844,5.932776465024249e-07,0.8212630152733179,0.9894999782554805,-0.0004139257481390633,1.4753458117411355e-06,0.002395768728192324,0.00018140160655022441,-5.932776465024249e-07,5.817273139953613,5.814667224884033
2.341155767440796,6.042473316192627,-9.600181579589844,5.334938966554808e-07,0.8209206461932554,0.9944999781437218,-0.00041391160365682173,1.4137099242361728e-06,0.0023979973069969476,0.00018141954167560925,-5.334938966554808e-07,5.81978178024292,5.817176342010498
2.3511807918548584,6.050683975219727,-9.600181579589844,4.791659400107035e-07,0.8210743069670944,0.9994999780319631,-0.00041389801215088636,1.3604425248558982e-06,0.002400176795968055,0.00018143584006224955,-4.791659400107035e-07,5.817073345184326,5.81447172164917
2.361288070678711,6.058894157409668,-9.600181579589844,4.304324478468373e-07,0.8210002183932921,0.9894999782554805,-0.00041388506093219783,1.2953204304722021e-06,0.0024023647092766957,0.0001814504601096445,-4.304324478468373e-07,5.816277503967285,5.813677787780762
2.371042490005493,6.06710147857666,-9.600181579589844,3.8618010741291294e-07,0.8207492232338716,0.9944999781437218,-0.00041387254627333464,1.2509768794188858e-06,0.0024045413370998546,0.00018146373581195974,-3.86180107412913e-07,5.819359302520752,5.8167595863342285
2.381570816040039,6.075311183929443,-9.600181579589844,3.459023960148047e-07,0.8209871053709445,0.9994999780319631,-0.0004138604099662041,1.2132043138990412e-06,0.002406673514676959,0.00018147581912586475,-3.459023960148047e-07,5.81715726852417,5.814560413360596
2.3913683891296387,6.083521366119385,-9.600181579589844,3.098795125013735e-07,0.8209877014171876,0.9894999782554805,-0.0004138487975296829,1.162140392807487e-06,0.0024088186454263374,0.00018148662599060117,-3.0987951250137346e-07,5.816781044006348,5.814185619354248
2.401502847671509,6.091729164123535,-9.600181579589844,2.771277614032396e-07,0.8208003044138559,0.9944999781437218,-0.0004138374761327672,1.1305149882900878e-06,0.0024109567690241743,0.00018149645151588345,-2.771277614032396e-07,5.820211887359619,5.817615509033203
2.4111711978912354,6.099940299987793,-9.600180625915527,2.472550872809689e-07,0.8210907578477151,0.9994999780319631,-0.00041382644577522246,1.1042178584830253e-06,0.002412108038110831,0.0001805517390014444,-2.4725508728096885e-07,5.818281650543213,5.815688133239746
2.4211347103118896,6.108151435852051,-9.600180625915527,2.20646988903964e-07,0.8211335539825403,0.9894999782554805,-0.00041381579376840403,1.0635566241035121e-06,0.0024139384725957156,0.00018055972143038446,-2.2064698890396398e-07,5.818125247955322,5.815532207489014
2.4319183826446533,6.116361141204834,-9.600180625915527,1.9641280573839666e-07,0.8209795951849926,0.9944999781437218,-0.00041380540369678016,1.041416680891416e-06,0.0024159640371476544,0.00018056699168589319,-1.9641280573839666e-07,5.82172155380249,5.819127559661865
2.441452980041504,6.124574184417725,-9.600180625915527,1.742465528438583e-07,0.8212960362440278,0.9994999780319631,-0.0004137951591448899,1.0236494745186064e-06,0.002418011974354597,0.00018057364156121025,-1.7424655284385832e-07,5.819920063018799,5.817328453063965
2.4511125087738037,6.132787704467773,-9.600180625915527,1.5461007841947e-07,0.821358740330255,0.9894999782554805,-0.00041378523473566424,9.907638514050632e-07,0.002420096954325453,0.0001805795325040549,-1.5461007841947e-07,5.819858551025391,5.817267417907715
2.461095094680786,6.140999794006348,-9.600180625915527,1.3668293138114722e-07,0.821219801903228,0.9944999781437218,-0.0004137754849498175,9.756780627867556e-07,0.0024221859156460107,0.00018058491064820714,-1.3668293138114722e-07,5.8235273361206055,5.820934772491455
2.4710853099823,6.1492156982421875,-9.600180625915527,1.2022188904909633e-07,0.8215475678448018,0.9994999780319631,-0.0004137658515796127,9.642743634685758e-07,0.0024242413883507727,0.00018058984896107688,-1.2022188904909633e-07,5.821783542633057,5.819192886352539
2.481661081314087,6.157431602478027,-9.600180625915527,1.0574594787436697e-07,0.8216190338138387,0.9894999782554805,-0.0004137564801441877,9.371729561280517e-07,0.0024263182978864484,0.00018059419174321079,-1.0574594787436697e-07,5.821760177612305,5.819169998168945
2.4910645484924316,6.165646553039551,-9.600180625915527,9.24870792932655e-08,0.8214864730838246,0.9944999781437218,-0.0004137471960204695,9.273159662370745e-07,0.002428395488543127,0.00018059816940407813,-9.24870792932655e-08,5.825453281402588,5.822862148284912
2.501436948776245,6.173864841461182,-9.600180625915527,8.024868458548609e-08,0.8218182921412613,0.9994999780319631,-0.0004137379992084183,9.206190156874072e-07,0.0024304391445289794,0.0001806018409222787,-8.024868458548609e-08,5.823716163635254,5.821126461029053
2.5111544132232666,6.182083606719971,-9.600180625915527,6.959283091729188e-08,0.8218916654589477,0.9894999782554805,-0.0004137290061233601,8.977713150670752e-07,0.0024325050737121177,0.0001806050376789159,-6.959283091729188e-08,5.823697090148926,5.821107387542725
2.5210695266723633,6.190301418304443,-9.600180625915527,5.978879043678575e-08,0.8217597007753943,0.9944999781437218,-0.00041372010034991345,8.917891136661638e-07,0.0024345723800858056,0.0001806079788906345,-5.978879043678575e-08,5.827383995056152,5.824792861938477
2.53144907951355,6.198522090911865,-9.600180625915527,5.0675566455829924e-08,0.8220911622049731,0.9994999780319631,-0.0004137112236803901,8.885496072252863e-07,0.00243660715061674,0.0001806107128583534,-5.067556645582993e-08,5.825643062591553,5.82305383682251
2.540754795074463,6.2067437171936035,-9.600180625915527,4.2845854067318094e-08,0.8221637606622877,0.9894999782554805,-0.00041370252163395966,8.688564321346348e-07,0.0024386650542068387,0.00018061306177230563,-4.2845854067318094e-08,5.825612545013428,5.823023319244385
2.5513339042663574,6.214963912963867,-9.600180625915527,3.5598252654721257e-08,0.8220306634904914,0.9944999781437218,-0.0004136938777952556,8.657023613523052e-07,0.0024407251449429512,0.00018061523605261698,-3.5598252654721257e-08,5.8292927742004395,5.826702117919922
2.5611085891723633,6.2231879234313965,-9.600180625915527,2.8796637419923178e-08,0.8223608732225366,0.9994999780319631,-0.0004136852339565994,8.650189897707605e-07,0.0024427534040910833,0.00018061727653595483,-2.8796637419923178e-08,5.827548503875732,5.8249592781066895
2.570888042449951,6.231411933898926,-9.600180625915527,2.3057326249458542e-08,0.8224328756334097,0.9894999782554805,-0.00041367673563716536,8.476351354147482e-07,0.002444805362579245,0.00018061899833021755,-2.305732624945854e-08,5.827517032623291,5.824927806854248
2.581580638885498,6.239634990692139,-9.600180625915527,1.7700105696357962e-08,0.8222994804383943,0.9944999781437218,-0.0004136682664215963,8.465610790153733e-07,0.002446860016557147,0.00018062060549617343,-1.7700105696357962e-08,5.831197738647461,5.828607082366943
2.590963840484619,6.247861385345459,-9.600180625915527,1.260801641500902e-08,0.8226297497750885,0.9994999780319631,-0.0004136597972060516,8.47738135689724e-07,0.002448883385124551,0.0001806221331221991,-1.260801641500902e-08,5.8294453620910645,5.8268561363220215
2.60148549079895,6.2560882568359375,-9.600180625915527,8.415465932067975e-09,0.8227010369302282,0.9894999782554805,-0.000413651473509708,8.320172923959035e-07,0.0024509310337608265,0.00018062339088764645,-8.415465932067975e-09,5.829408645629883,5.82681941986084
2.6111483573913574,6.2643141746521,-9.600180625915527,4.456799809269966e-09,0.8225666880608995,0.9944999781437218,-0.00041364314981338066,8.324651048496889e-07,0.0024529817801524348,0.00018062457848699864,-4.456799809269966e-09,5.833087921142578,5.830496788024902
2.6211345195770264,6.272542953491211,-9.600180625915527,6.293536052409773e-10,0.8228965401650828,0.9994999780319631,-0.00041363479701323196,8.349986160283152e-07,0.00245500155891091,0.00018062572672228328,-6.293536052409773e-10,5.831335067749023,5.8287458419799805
2.6315176486968994,6.280772686004639,-9.600180625915527,-2.4195404142933284e-09,0.8229677081109358,0.9894999782554805,-0.00041362658973227246,8.205014978557301e-07,0.002457045951909803,0.00018062664138973616,2.4195404142933284e-09,5.831299781799316,5.828710079193115
2.641350269317627,6.289000988006592,-9.600180625915527,-5.343958778013389e-09,0.8228335380555433,0.9944999781437218,-0.0004136183824513205,8.220480367526761e-07,0.0024590937625681465,0.00018062751871461558,5.343958778013389e-09,5.834970951080322,5.832379341125488
2.6515166759490967,6.297232627868652,-9.600180625915527,-8.235400618435814e-09,0.823162734508636,0.9994999780319631,-0.00041361011696270717,8.255440775428724e-07,0.0024611109194569653,0.0001806283861487401,8.235400618435814e-09,5.833213806152344,5.830624103546143
2.6613316535949707,6.305464744567871,-9.600180625915527,-1.0438040603131197e-08,0.8232330679894636,0.9894999782554805,-0.00041360199699327617,8.119392305161455e-07,0.00246315295689148,0.0001806290469392735,1.0438040603131197e-08,5.827334880828857,5.8247480392456055
2.671382188796997,6.313690662384033,-9.600180625915527,-1.2179550649731431e-08,0.8225942254067559,0.9944999781437218,-0.00041359396433535535,8.035815994844597e-07,0.002465241714013325,0.00018062956939246533,1.2179550649731431e-08,5.826890468597412,5.82430362701416
2.6814444065093994,6.321913242340088,-9.600180625915527,-1.4166221979875454e-08,0.8222126960755493,0.9994999780319631,-0.000413585844365932,8.128155286613037e-07,0.0024673096654963273,0.00018063016539393573,1.4166221979875454e-08,5.823295593261719,5.8207106590271
2.691441774368286,6.330132007598877,-9.600180625915527,-1.569193555902841e-08,0.821913242340193,0.9894999782554805,-0.00041357781170801763,8.038197165660677e-07,0.002469385066683783,0.00018063062310780253,1.569193555902841e-08,5.822990894317627,5.82040548324585
2.7016165256500244,6.338348865509033,-9.600180625915527,-1.7334140889013568e-08,0.8216670155526258,0.9944999781437218,-0.0004135697208424356,8.091845984381507e-07,0.0024714441718500725,0.0001806311157697138,1.7334140889013568e-08,5.825331211090088,5.822745323181152
2.7114040851593018,6.346567630767822,-9.600180625915527,-1.8979318973141627e-08,0.821874797344312,0.9994999780319631,-0.00041356160087302105,8.114913612189412e-07,0.0024734726541123415,0.0001806316093233562,1.897931897314163e-08,5.823342323303223,5.8207573890686035
2.7211155891418457,6.354785919189453,-9.600180625915527,-2.014183204823272e-08,0.8218448758126303,0.9894999782554805,-0.0004135535973189477,8.012076477825758e-07,0.0024755200845963145,0.00018063195807727084,2.0141832048232725e-08,5.818113327026367,5.815531253814697
2.7309625148773193,6.3629984855651855,-9.600180625915527,-2.0995908337176283e-08,0.821256875991918,0.9944999781437218,-0.000413545622868713,7.95020184796158e-07,0.0024776040993651034,0.0001806322143007577,2.0995908337176283e-08,5.8189263343811035,5.816342830657959
2.741173028945923,6.371208667755127,-9.600180625915527,-2.2217967417992072e-08,0.8210240006447826,0.9994999780319631,-0.00041353759021080537,8.058416369749466e-07,0.0024796588495158848,0.00018063258091771672,2.221796741799207e-08,5.816887378692627,5.814305782318115
2.7516016960144043,6.37941837310791,-9.600180625915527,-2.307030017453381e-08,0.8209308981896402,0.9894999782554805,-0.00041352958665673734,7.977919267432299e-07,0.0024817154379580854,0.00018063283661717833,2.3070300174533806e-08,5.818202972412109,5.815620422363281
2.7610347270965576,6.387627124786377,-9.600180625915527,-2.410727816212944e-08,0.8209112882615098,0.9944999781437218,-0.00041352155399883273,8.036620897655666e-07,0.0024837533658311982,0.0001806331477105516,2.410727816212944e-08,5.824103355407715,5.8215179443359375
2.7710371017456055,6.395842552185059,-9.600180625915527,-2.534454307257029e-08,0.8215153813363096,0.9994999780319631,-0.00041351346313325826,8.099090109681129e-07,0.0024857456747358025,0.00018063351889097135,2.534454307257029e-08,5.824934959411621,5.822349548339844
2.781217336654663,6.404061794281006,-9.600180625915527,-2.607266752444193e-08,0.8219356536866168,0.9894999782554805,-0.00041350548868302465,7.980233363014122e-07,0.0024877548178056097,0.00018063373732779553,2.607266752444193e-08,5.827513217926025,5.824926853179932
2.7910447120666504,6.412283420562744,-9.600180625915527,-2.6899835602299377e-08,0.8221703767777425,0.9944999781437218,-0.000413497456025123,8.014381478460564e-07,0.0024897646432854013,0.00018063398547774057,2.6899835602299377e-08,5.833641529083252,5.831051826477051
2.8012444972991943,6.4205121994018555,-9.600180625915527,-2.7885064047360727e-08,0.8228548765183442,0.9994999780319631,-0.0004134893942633853,8.063405516622879e-07,0.0024917446092334824,0.00018063428104753143,2.788506404736073e-08,5.834083557128906,5.8314948081970215
2.81109881401062,6.428744316101074,-9.600180625915527,-2.8348196771195864e-08,0.823248684406371,0.9894999782554805,-0.0004134814780208213,7.938634780657594e-07,0.0024937521893711443,0.00018063441998705798,2.8348196771195867e-08,5.835938930511475,5.833348751068115
2.821512460708618,6.436978340148926,-9.600180625915527,-2.8915580224767843e-08,0.8233965039254144,0.9944999781437218,-0.00041347350357058923,7.971660807015724e-07,0.0024957670111457084,0.00018063459020112305,2.8915580224767843e-08,5.841187477111816,5.838594913482666
2.831291437149048,6.445218086242676,-9.600180625915527,-2.9656293629468434e-08,0.8239637613297429,0.9994999780319631,-0.00041346547091268787,8.022262818485615e-07,0.002497755537080076,0.00018063481241625823,2.9656293629468434e-08,5.840713977813721,5.8381218910217285
2.8414359092712402,6.453460216522217,-9.600180625915527,-2.9896058441165554e-08,0.8242295980454373,0.9894999782554805,-0.0004134575837739599,7.90068952483125e-07,0.002499773258366136,0.00018063488434449937,2.9896058441165554e-08,5.841691493988037,5.839098930358887
2.851109743118286,6.461702823638916,-9.600180625915527,-3.0263686416770774e-08,0.8242512941361362,0.9944999781437218,-0.0004134496384275634,7.937759960441326e-07,0.0025017985000251905,0.00018063499463316646,3.0263686416770774e-08,5.846156597137451,5.843562126159668
2.86137056350708,6.469949722290039,-9.600180625915527,-3.0829484017749516e-08,0.824703097343535,0.9994999780319631,-0.00041344163487349727,7.992900350473064e-07,0.0025037968388738003,0.00018063516437294425,3.0829484017749516e-08,5.845008373260498,5.842414855957031
2.871103525161743,6.478198528289795,-9.600180625915527,-3.091764492381138e-08,0.8248683214188487,0.9894999782554805,-0.00041343377683860397,7.875627829889709e-07,0.0025058232849645627,0.00018063519082112123,3.091764492381138e-08,5.845417499542236,5.8428239822387695
2.8811886310577393,6.486446857452393,-9.600180625915527,-3.115447083683206e-08,0.8248046040535847,0.9944999781437218,-0.00041342586059604195,7.916606250546465e-07,0.0025078560158662572,0.00018063526186828938,3.115447083683206e-08,5.849407196044922,5.846811294555664
2.891183853149414,6.494698524475098,-9.600180625915527,-3.1607433116471e-08,0.8251848220826083,0.9994999780319631,-0.0004134178861458101,7.975141329552571e-07,0.002509860678091831,0.00018063539775781123,3.1607433116471e-08,5.847875595092773,5.845281600952148
2.9011900424957275,6.502951622009277,-9.600180625915527,-3.159923678371985e-08,0.8252913951874633,0.9894999782554805,-0.0004134099990070849,7.861046356083534e-07,0.002511892146508373,0.00018063539529933337,3.159923678371985e-08,5.847984790802002,5.845390319824219
2.911118268966675,6.511203289031982,-9.600180625915527,-3.1753920427807485e-08,0.8251813054085643,0.9944999781437218,-0.00041340211186835664,7.904882863840612e-07,0.002513928937708,0.00018063544170310308,3.1753920427807485e-08,5.851749420166016,5.8491530418396
2.9216349124908447,6.519458293914795,-9.600180625915527,-3.213718256560196e-08,0.8255261182785913,0.9994999780319631,-0.00041339413741812547,7.96603046637756e-07,0.0025159366404313896,0.00018063555668312858,3.213718256560196e-08,5.850043773651123,5.847448348999023
2.931926965713501,6.527714729309082,-9.600180625915527,-3.206894644442376e-08,0.8256057500840079,0.9894999782554805,-0.00041338627938323374,7.854005161789246e-07,0.002517970450584436,0.00018063553621239237,3.206894644442376e-08,5.850020885467529,5.84742546081543
2.9413583278656006,6.535969257354736,-9.600180625915527,-3.2171925453622954e-08,0.8254749178887271,0.9944999781437218,-0.00041337839224450597,7.899805041233776e-07,0.0025200089161345604,0.00018063556710501416,3.2171925453622954e-08,5.853682518005371,5.851085186004639
2.951366662979126,6.544227123260498,-9.600180625915527,-3.2510116344068815e-08,0.8258038163185993,0.9994999780319631,-0.0004133704177942752,7.962647714521154e-07,0.002522017827740769,0.0001806356685634114,3.2510116344068815e-08,5.851901531219482,5.849306106567383
2.9615588188171387,6.552485942840576,-9.600180625915527,-3.240295914204804e-08,0.8258714675904162,0.9894999782554805,-0.00041336255975938366,7.852326575630286e-07,0.002524052459583671,0.00018063563641490532,3.240295914204804e-08,5.851823329925537,5.849227428436279
2.9716882705688477,6.56074333190918,-9.600180625915527,-3.247190955794252e-08,0.8257319331169982,0.9944999781437218,-0.00041335467262065617,7.899645879660966e-07,0.0025260914448194324,0.00018063565710058072,3.247190955794252e-08,5.855451583862305,5.852853298187256
2.981839656829834,6.569004058837891,-9.600180625915527,-3.278079731743013e-08,0.8260549902916825,0.9994999780319631,-0.00041334669817042564,7.964045494190941e-07,0.0025281006102981706,0.0001806357497660116,3.278079731743013e-08,5.853652477264404,5.851056098937988
2.9915084838867188,6.57726526260376,-9.600180625915527,-3.264807832434625e-08,0.8261193633080368,0.9894999782554805,-0.0004133388401355343,7.855072112761263e-07,0.0025301352766408797,0.0001806357099507494,3.264807832434625e-08,5.853565216064453,5.850968837738037
3.0015437602996826,6.585525035858154,-9.600180625915527,-3.269454036132136e-08,0.8259781599045651,0.9944999781437218,-0.0004133309529968069,7.903580581114511e-07,0.002532174146067366,0.00018063572388982152,3.269454036132136e-08,5.855149745941162,5.85255241394043
3.010688543319702,6.593786239624023,-9.600180625915527,-3.283768521409392e-08,0.8261243700981998,0.9994999780319631,-0.000413323007650412,7.931639629532583e-07,0.002534198127644755,0.0001806357668332481,3.283768521409392e-08,5.851904392242432,5.849308967590332
3.0208213329315186,6.60204553604126,-9.600180625915527,-3.261221169307732e-08,0.8259395956993935,0.9894999782554805,-0.00041331517871935494,7.841012461540231e-07,0.002536250996916325,0.00018063569919135603,3.261221169307732e-08,5.851168632507324,5.848573207855225
3.0312888622283936,6.610302448272705,-9.600180625915527,-3.262439877279779e-08,0.825668156147088,0.9944999781437218,-0.00041330726247679504,7.904182552920247e-07,0.0025383018398601647,0.0001806357028470984,3.262439877279779e-08,5.85469388961792,5.8520965576171875
3.0411014556884766,6.618561744689941,-9.600180625915527,-3.291564858553478e-08,0.8259506225586807,0.9994999780319631,-0.00041329928802656457,7.978711664691218e-07,0.002540315885317319,0.00018063579022253862,3.291564858553478e-08,5.853124618530273,5.850528717041016
3.0513224601745605,6.626821994781494,-9.600180625915527,-3.278695952400315e-08,0.8260320425034409,0.9894999782554805,-0.0004132914299916728,7.875445362515165e-07,0.0025423501746053324,0.00018063575161519907,3.278695952400315e-08,5.853447437286377,5.850851058959961
3.0610673427581787,6.6350812911987305,-9.600180625915527,-3.284802101251367e-08,0.8259404897690672,0.9944999781437218,-0.00041328348464527906,7.926706757643842e-07,0.0025443851832303525,0.00018063576993476715,3.284802101251367e-08,5.857558250427246,5.854959487915039
3.0712945461273193,6.643344879150391,-9.600180625915527,-3.3154822104403016e-08,0.8263280987740435,0.9994999780319631,-0.0004132755101950482,7.992893529262801e-07,0.0025463886325479634,0.00018063586197492043,3.3154822104403016e-08,5.856256008148193,5.853658676147461
3.0819265842437744,6.651609420776367,-9.600180625915527,-3.3021054588136783e-08,0.826462209224785,0.9894999782554805,-0.0004132676230563236,7.88442378052423e-07,0.002548416784933799,0.00018063582184346672,3.3021054588136783e-08,5.856647968292236,5.854050159454346
3.0916898250579834,6.6598734855651855,-9.600180625915527,-3.3065694348948684e-08,0.8263896107674498,0.9944999781437218,-0.0004132596777099301,7.932671337584907e-07,0.0025504489674008433,0.00018063583523542093,3.3065694348948684e-08,5.860705852508545,5.8581061363220215
3.1015737056732178,6.668140888214111,-9.600180625915527,-3.335031510179895e-08,0.8267754912377274,0.9994999780319631,-0.00041325167415586655,7.99714541699359e-07,0.0025524516788556647,0.00018063592062134148,3.335031510179895e-08,5.867158889770508,5.864556312561035
3.1109657287597656,6.676416873931885,-9.600180625915527,-3.37553898672816e-08,0.8275754451752589,0.9894999782554805,-0.0004132436414979681,8.032002369873226e-07,0.0025544224775393668,0.00018063604214546558,3.37553898672816e-08,5.872931957244873,5.870326995849609
3.1210198402404785,6.684700965881348,-9.600180625915527,-3.40620681212944e-08,0.828439593315212,0.9944999781437218,-0.00041323563794390427,8.011591035028687e-07,0.0025563854309198796,0.00018063613414831536,3.40620681212944e-08,5.8792853355407715,5.876677513122559
3.1308114528656006,6.692994117736816,-9.600180625915527,-3.4392246554434693e-08,0.8292988538742943,0.9994999780319631,-0.0004132276052860071,8.02227702934033e-07,0.002558343021454907,0.00018063623320152544,3.4392246554434693e-08,5.878040313720703,5.875433921813965
3.1414480209350586,6.701289653778076,-9.600180625915527,-3.414697874359142e-08,0.829543590545738,0.9894999782554805,-0.0004132197472511173,7.879995678194973e-07,0.0025603537982061978,0.00018063615962127244,3.414697874359142e-08,5.877183437347412,5.874577522277832
3.150846004486084,6.709583282470703,-9.600180625915527,-3.401211813508884e-08,0.8293550014496694,0.9944999781437218,-0.00041321183100855973,7.910800263744022e-07,0.002562389652695776,0.00018063611916296907,3.401211813508884e-08,5.879308223724365,5.876700401306152
3.161116123199463,6.717878341674805,-9.600180625915527,-3.4093162704409055e-08,0.8294988870621588,0.9994999780319631,-0.0004132038565583327,7.968507702571515e-07,0.002564409225157205,0.00018063614347596513,3.4093162704409055e-08,5.875679016113281,5.873073577880859
3.171227216720581,6.726171493530273,-9.600180625915527,-3.3734498626620267e-08,0.8293192386628027,0.9894999782554805,-0.0004131959985234448,7.85901420385926e-07,0.0025664617695938603,0.0001806360358767023,3.3734498626620267e-08,5.8737030029296875,5.871098518371582
3.1817026138305664,6.734460353851318,-9.600180625915527,-3.3573251977923244e-08,0.8289131522179493,0.9944999781437218,-0.0004131880822808877,7.910369390629057e-07,0.002568521633994256,0.00018063598750295284,3.3573251977923244e-08,5.875527858734131,5.872921943664551
3.191110372543335,6.74275016784668,-9.600180625915527,-3.3679732291609345e-08,0.8289764523507026,0.9994999780319631,-0.00041318010783066017,7.979857628015452e-07,0.002570552204553249,0.0001806360194471779,3.3679732291609345e-08,5.872096538543701,5.86949348449707
3.201488971710205,6.751038074493408,-9.600180625915527,-3.3373919416283165e-08,0.8288016915322183,0.9894999782554805,-0.00041317222069193847,7.876132599449193e-07,0.0025726070259478396,0.0001806359277036762,3.3373919416283165e-08,5.870593070983887,5.867990016937256
3.211287260055542,6.759322643280029,-9.600180625915527,-3.3276913673306294e-08,0.8284497857094657,0.9944999781437218,-0.0004131643044493803,7.929306775622535e-07,0.0025746639471849924,0.0001806358986016221,3.3276913673306294e-08,5.87302303314209,5.870419025421143
3.2213447093963623,6.767608642578125,-9.600180625915527,-3.344954626729005e-08,0.8285925984383495,0.9994999780319631,-0.0004131563008953188,7.998336286618724e-07,0.002576688556250065,0.00018063595039130576,3.344954626729005e-08,5.870233058929443,5.867630481719971
3.2313308715820312,6.775893688201904,-9.600180625915527,-3.3205651050779146e-08,0.8285070061684491,0.9894999782554805,-0.000413148413756596,7.892709277257381e-07,0.002578736132970231,0.00018063587722316754,3.3205651050779146e-08,5.869344711303711,5.866742134094238
3.2410478591918945,6.784176349639893,-9.600180625915527,-3.31630492933123e-08,0.8282434344292536,0.9944999781437218,-0.00041314046841020406,7.943228865769925e-07,0.0025807854678820885,0.00018063586444228008,3.31630492933123e-08,5.872336387634277,5.86973237991333
3.2515146732330322,6.792460918426514,-9.600180625915527,-3.3381669834816176e-08,0.8284682631493483,0.9994999780319631,-0.0004131324648561418,8.009454290913709e-07,0.0025828028713291186,0.0001806359300289273,3.3381669834816176e-08,5.870038032531738,5.867435455322266
3.2608485221862793,6.800745487213135,-9.600180625915527,-3.3175147576462706e-08,0.8284555673600081,0.9894999782554805,-0.0004131245486135855,7.901047638370073e-07,0.0025848438422113123,0.0001806358680713771,3.3175147576462706e-08,5.869571685791016,5.866969108581543
3.2711069583892822,6.809028148651123,-9.600180625915527,-3.3162188377144957e-08,0.8282549381256955,0.9944999781437218,-0.0004131166032671931,7.949064411150175e-07,0.0025868874248411756,0.00018063586418470834,3.3162188377144957e-08,5.872908115386963,5.870303630828857
3.281554698944092,6.817313194274902,-9.600180625915527,-3.3402827651364676e-08,0.8285322785378372,0.9994999780319631,-0.00041310859971313053,8.012871717255621e-07,0.002588899975305495,0.0001806359363758503,3.3402827651364676e-08,5.8708906173706055,5.868288040161133
3.2909560203552246,6.82559871673584,-9.600180625915527,-3.321245527567903e-08,0.828562319278801,0.9894999782554805,-0.0004131006834705741,7.90252727256302e-07,0.002590936924604974,0.00018063587926420155,3.321245527567903e-08,5.870643138885498,5.868040561676025
3.301071882247925,6.833882808685303,-9.600180625915527,-3.321027091790975e-08,0.828395724296655,0.9944999781437218,-0.0004130927381241815,7.948789289002889e-07,0.002592977259460065,0.00018063587860872587,3.321027091790975e-08,5.874146938323975,5.871542453765869
3.3109588623046875,6.842169761657715,-9.600180625915527,-3.345748944957005e-08,0.8286991119385635,0.9994999780319631,-0.0004130847345701189,8.011185741452209e-07,0.002594987262033326,0.00018063595277517663,3.345748944957005e-08,5.872262001037598,5.869658946990967
3.321002244949341,6.850457191467285,-9.600180625915527,-3.327106033212569e-08,0.8287494778633956,0.9894999782554805,-0.0004130768474313954,7.899845968495356e-07,0.002597022268971508,0.00018063589684658155,3.327106033212569e-08,5.872115135192871,5.869511604309082
3.3315091133117676,6.858743190765381,-9.600180625915527,-3.3270414150783716e-08,0.8285986185074703,0.9944999781437218,-0.0004130689020850029,7.945237712192466e-07,0.002599061034478782,0.0001806358966511823,3.3270414150783716e-08,5.875696659088135,5.873091697692871
3.3410496711730957,6.867032527923584,-9.600180625915527,-3.3517714318286074e-08,0.8289141058922682,0.9994999780319631,-0.0004130608985309404,8.007057772374537e-07,0.00260106978145158,0.00018063597084250205,3.3517714318286074e-08,5.873866081237793,5.871262550354004
3.3512091636657715,6.875322341918945,-9.600180625915527,-3.332984634561951e-08,0.8289732933045271,0.9894999782554805,-0.00041305298228838395,7.895130806900852e-07,0.002603103749895956,0.00018063591448225225,3.332984634561951e-08,5.8737568855285645,5.871152877807617
3.3608505725860596,6.883610725402832,-9.600180625915527,-3.3326912258126656e-08,0.8288285136223689,0.9944999781437218,-0.00041304503694199163,7.94018831129506e-07,0.002605141767369735,0.00018063591360117925,3.3326912258126656e-08,5.877356052398682,5.87475061416626
3.3712992668151855,6.891901969909668,-9.600180625915527,-3.357078770439957e-08,0.8291475176812084,0.9994999780319631,-0.0004130370333879292,8.001657647582761e-07,0.0026071500208280163,0.0001806359867639884,3.357078770439957e-08,5.875529766082764,5.872925758361816
3.381413221359253,6.90019416809082,-9.600180625915527,-3.3379043844333196e-08,0.8292078971863629,0.9894999782554805,-0.0004130291462492059,7.889556741247361e-07,0.0026091837789776443,0.00018063592924022487,3.3379043844333196e-08,5.875416278839111,5.872811794281006
3.391097068786621,6.90848445892334,-9.600180625915527,-3.337205625061656e-08,0.8290629386902704,0.9944999781437218,-0.0004130212300066466,7.934608561299683e-07,0.0026112217378696343,0.0001806359271441238,3.337205625061656e-08,5.879015922546387,5.876409530639648
3.401146173477173,6.916778564453125,-9.600180625915527,-3.3612606484638766e-08,0.829381644725886,0.9994999780319631,-0.0004130132264525844,7.996367230589385e-07,0.0026132298788976425,0.00018063599931039676,3.3612606484638766e-08,5.877193450927734,5.874588489532471
3.411055564880371,6.925073146820068,-9.600180625915527,-3.341811294009523e-08,0.829442441463554,0.9894999782554805,-0.0004130053393138612,7.884544857006404e-07,0.0026152634622837938,0.00018063594096240365,3.341811294009523e-08,5.8770856857299805,5.874480724334717
3.4213740825653076,6.933365821838379,-9.600180625915527,-3.3408759350560875e-08,0.8292981982231987,0.9944999781437218,-0.000412997423071302,7.929948537821474e-07,0.002617301199407386,0.00018063593815575985,3.3408759350560875e-08,5.880682945251465,5.878076076507568
3.4317805767059326,6.941661834716797,-9.600180625915527,-3.364653504513187e-08,0.8296170830727488,0.9994999780319631,-0.0004129894195172399,7.991947086338769e-07,0.002619309154672659,0.00018063600948892145,3.364653504513187e-08,5.878851890563965,5.876246452331543
3.4407999515533447,6.949958801269531,-9.600180625915527,-3.344921367399647e-08,0.829676985740745,0.9894999782554805,-0.0004129815323785168,7.880501016188646e-07,0.002621342613793379,0.00018063595029182977,3.344921367399647e-08,5.878732204437256,5.876126766204834
3.451707363128662,6.958254337310791,-9.600180625915527,-3.34370784427648e-08,0.8295311927796256,0.9944999781437218,-0.0004129736161359578,7.926443004180328e-07,0.0026233802674100566,0.0001806359466520746,3.34370784427648e-08,5.882324695587158,5.8797173500061035
3.4611172676086426,6.966552734375,-9.600180625915527,-3.367289314471968e-08,0.829848945140925,0.9994999780319631,-0.0004129656125818958,7.989286814336083e-07,0.0026253880984279053,0.00018063601739548574,3.367289314471968e-08,5.8804850578308105,5.8778791427612305
3.470881462097168,6.974851608276367,-9.600180625915527,-3.347352196297958e-08,0.8299078941346048,0.9894999782554805,-0.00041295775454700575,7.87851433869946e-07,0.0026274215066276283,0.0001806359575837746,3.347352196297958e-08,5.8803629875183105,5.8777570724487305
3.4812469482421875,6.983149528503418,-9.600180625915527,-3.3460036779402675e-08,0.8297613859177482,0.9944999781437218,-0.0004129498092006139,7.925464728941733e-07,0.0026294589166004556,0.00018063595353901007,3.3460036779402675e-08,5.88394832611084,5.881340503692627
3.491474151611328,6.991450309753418,-9.600180625915527,-3.369427060520321e-08,0.8300784230233103,0.9994999780319631,-0.0004129418347503849,7.989156642906892e-07,0.0026314666305929735,0.00018063602380813393,3.369427060520321e-08,5.882107257843018,5.879500865936279
3.5011792182922363,6.999751567840576,-9.600180625915527,-3.349399353428747e-08,0.830136835575187,0.9894999782554805,-0.0004129339476116621,7.879505119490204e-07,0.0026334997547515326,0.00018063596372641655,3.349399353428747e-08,5.881978511810303,5.8793721199035645
3.511066198348999,7.00805139541626,-9.600180625915527,-3.347932535196846e-08,0.8299897313118827,0.9944999781437218,-0.00041292603136910326,7.927382057459909e-07,0.002635537015457011,0.0001806359593246043,3.347932535196846e-08,5.885563373565674,5.8829545974731445
3.5210299491882324,7.016354560852051,-9.600180625915527,-3.371298721882988e-08,0.8303063511849313,0.9994999780319631,-0.0004129180278150414,7.992224482222809e-07,0.0026375444280497375,0.0001806360294231979,3.371298721882988e-08,5.866826057434082,5.889476776123047
3.5324203968048096,7.032961368560791,-9.600180625915527,1.3292302850181655e-05,0.830219030887277,0.9894999782554805,-0.0004231496660180297,0.00011254037963226438,0.002537670231090886,0.00017663822467284263,-1.3292302850181655e-05,5.8842244148254395,5.88075065612793
3.541529893875122,7.032961368560791,-9.600180625915527,1.3292302850181655e-05,0.830219030887277,0.9944999781437218,-0.0004231496660180297,0.00011254037963226438,0.00250918899580119,0.00017663822467284263,-1.3292302850181655e-05,5.889406204223633,5.886013031005859
3.551410675048828,7.0412678718566895,-9.600180625915527,1.2017761657938138e-05,0.830680609157547,0.9994999780319631,-0.00042209620315682855,0.00010534580360399559,0.002507968472050685,0.00017702058702973034,-1.201776165793814e-05,5.898161888122559,5.894839763641357
3.56129789352417,7.049585342407227,-9.600180625915527,1.0864870877705868e-05,0.8317587378946478,0.9894999782554805,-0.00042110746565821554,9.887365013128147e-05,0.0025141858328268027,0.00017736645426502662,-1.0864870877705868e-05,5.905187606811523,5.901931285858154
3.571683645248413,7.0579142570495605,-9.600180625915527,9.822355692358652e-06,0.8328701856472398,0.9944999781437218,-0.00042018572391761715,9.217465412802994e-05,0.002522944838746362,0.00017767920881972543,-9.822355692358652e-06,5.911774158477783,5.908576965332031
3.5813870429992676,7.0662522315979,-9.600180625915527,8.87953317348553e-06,0.8338173034039349,0.9994999780319631,-0.0004193491098448959,8.365969551960006e-05,0.0025345192018040065,0.00017796205557552014,-8.87953317348553e-06,5.918155193328857,5.915010929107666
3.590862512588501,7.074599742889404,-9.600180625915527,8.026869095719056e-06,0.8347334267533384,0.9894999782554805,-0.0004185916573383254,7.574677147204056e-05,0.002546436987451397,0.0001782178547991009,-8.026869095719056e-06,5.922199726104736,5.919105052947998
3.601231098175049,7.082953929901123,-9.600180625915527,7.255896236169015e-06,0.8354362846912146,0.9944999781437218,-0.00041790579955765017,6.858359120087698e-05,0.002557800377179978,0.00017844914665765543,-7.255896236169015e-06,5.925929546356201,5.922878742218018
3.611138343811035,7.09131383895874,-9.600180625915527,6.558643850484666e-06,0.8359705210951157,0.9994999780319631,-0.00041728472633460387,6.210721767274663e-05,0.0025683924811509377,0.0001786583223726268,-6.558643850484666e-06,5.921712398529053,5.918705940246582
3.621124744415283,7.099671840667725,-9.600180625915527,5.928625817389235e-06,0.8358147741361226,0.9894999782554805,-0.0004167224423832087,5.622976823360659e-05,0.002578262886405824,0.00017884732778306045,-5.928625817389234e-06,5.917878150939941,5.914910793304443
3.631885290145874,7.1080241203308105,-9.600180625915527,5.358762522097932e-06,0.8352085352759752,0.9944999781437218,-0.00041621315612802324,5.092749051982537e-05,0.002587427643416918,0.0001790182867704715,-5.358762522097932e-06,5.9172210693359375,5.914287567138672
3.641141891479492,7.116373538970947,-9.600180625915527,4.8431738721654685e-06,0.8349528313350332,0.9994999780319631,-0.0004157517744684222,4.613822602550499e-05,0.0025958986887401206,0.0001791729633655592,-4.8431738721654685e-06,5.911116123199463,5.90821647644043
3.6511147022247314,7.124717712402344,-9.600180625915527,4.377297990180093e-06,0.8344113827297612,0.9894999782554805,-0.0004153339027817867,4.178941162535921e-05,0.002603787869283976,0.0001793127261304761,-4.377297990180093e-06,5.90700626373291,5.904135704040527
3.661181688308716,7.133054733276367,-9.600180625915527,3.955784900764104e-06,0.8336899877041202,0.9944999781437218,-0.0004149551755410585,3.787078821915202e-05,0.00261112618935059,0.00017943918005691728,-3.955784900764104e-06,5.907036304473877,5.904190540313721
3.671860456466675,7.1413893699646,-9.600180625915527,3.5743034134374877e-06,0.8334859013922761,0.9994999780319631,-0.0004146118674938923,3.4332057111896574e-05,0.002617926131721852,0.00017955362450372547,-3.5743034134374877e-06,5.902679920196533,5.899857521057129
3.6830856800079346,7.149720191955566,-9.600180625915527,3.229680957980278e-06,0.83308994773039,0.9894999782554805,-0.00041430071904143673,3.1114315788727254e-05,0.0026242917924648385,0.00017965701124111888,-3.229680957980278e-06,5.893459320068359,5.890664100646973
3.6911966800689697,7.158041000366211,-9.600180625915527,2.9182415425132376e-06,0.8320422768837499,0.9944999781437218,-0.0004140186743071598,2.820548979798332e-05,0.0026302911654637463,0.00017975044306517418,-2.9182415425132376e-06,5.888578414916992,5.885803699493408
3.701601028442383,7.166352272033691,-9.600180625915527,2.636291638126426e-06,0.8311284184656124,0.9994999780319631,-0.0004137627647215788,2.5588813514332287e-05,0.0026359084952267513,0.00017983502803708973,-2.636291638126426e-06,5.881685733795166,5.878930568695068
3.7116963863372803,7.174654960632324,-9.600180625915527,2.3814807407461916e-06,0.8302928209468732,0.9894999782554805,-0.0004135306619946591,2.3210970539366826e-05,0.0026411944012157684,0.00017991147130480556,-2.3814807407461916e-06,5.879306793212891,5.876567840576172
3.7206428050994873,7.182951927185059,-9.600179672241211,2.1506971010477286e-06,0.8296964764729201,0.9944999781437218,-0.00041331992141885966,2.1074520191177726e-05,0.0026452038927914567,0.00017902703208072523,-2.1506971010477286e-06,5.880364894866943,5.877638816833496
3.7316396236419678,7.191248893737793,-9.600179672241211,1.9417738818812563e-06,0.8296878337969901,0.9994999780319631,-0.0004131285057371176,1.914084714371711e-05,0.002649555889490434,0.00017908970904656485,-1.9417738818812563e-06,5.8777337074279785,5.875021457672119
3.741821527481079,7.199544429779053,-9.600179672241211,1.7531132108821544e-06,0.8295375108808747,0.9894999782554805,-0.00041295472693612874,1.7379212295054458e-05,0.0026538674503562136,0.00017914630724824576,-1.7531132108821542e-06,5.878334999084473,5.875634670257568
3.7515876293182373,7.207838535308838,-9.600179672241211,1.5822376329591318e-06,0.8294143676831404,0.9944999781437218,-0.0004127967223786022,1.5799765606061555e-05,0.0026579997715289296,0.000179197569920575,-1.5822376329591318e-06,5.8813090324401855,5.878615856170654
3.7609059810638428,7.216135501861572,-9.600179672241211,1.4275458329460512e-06,0.8297296166480244,0.9994999780319631,-0.0004126530368790376,1.4369773452926893e-05,0.0026619173739230373,0.00017924397746149623,-1.4275458329460512e-06,5.8799147605896,5.877232074737549
3.7710952758789062,7.224433422088623,-9.600179672241211,1.28797886401792e-06,0.8297911286403432,0.9894999782554805,-0.0004125223898736565,1.306358080910286e-05,0.00266567744446343,0.00017928584755289023,-1.28797886401792e-06,5.881129264831543,5.878454208374023
3.7813074588775635,7.232731342315674,-9.600179672241211,1.1615346523181353e-06,0.8297920227091259,0.9944999781437218,-0.0004124034134867751,1.1896224350493867e-05,0.0026692674567366298,0.0001793237808147552,-1.1615346523181353e-06,5.8865227699279785,5.883852481842041
3.791032314300537,7.241034984588623,-9.600179672241211,1.046905488952252e-06,0.8303437829050843,0.9994999780319631,-0.00041229500177613807,1.0842712981684599e-05,0.002672669797365739,0.0001793581695643809,-1.046905488952252e-06,5.886637210845947,5.883974075317383
3.8017067909240723,7.2493414878845215,-9.600179672241211,9.436405413867542e-07,0.8306730985668723,0.9894999782554805,-0.0004121962816292937,9.87233124760678e-06,0.0026759579576531556,0.000179389149048248,-9.436405413867541e-07,5.888417720794678,5.8857598304748535
3.811490058898926,7.2576494216918945,-9.600179672241211,8.500858033866756e-07,0.8307991623900876,0.9944999781437218,-0.00041210617620692755,9.008791494125035e-06,0.002679126546094992,0.0001794172154703233,-8.500858033866756e-07,5.8937482833862305,5.8910932540893555
3.8210949897766113,7.265963554382324,-9.600179672241211,7.652394034246955e-07,0.8313713073748904,0.9994999780319631,-0.00041202387060357943,8.230211278714705e-06,0.002682154963056365,0.00017944266939018405,-7.652394034246955e-07,5.901383399963379,5.8987298011779785
3.830921173095703,7.27428674697876,-9.600179672241211,6.883630938087465e-07,0.8323428630844052,0.9894999782554805,-0.00041194863722490336,7.524098691646941e-06,0.002685051815282059,0.00017946573228400098,-6.883630938087465e-07,5.908145427703857,5.90549373626709
3.8408946990966797,7.282620429992676,-9.600179672241211,6.189096647850911e-07,0.8333570957196376,0.9944999781437218,-0.00041187983578776493,6.880045020807302e-06,0.0026878517625717737,0.00017948656831201504,-6.189096647850911e-07,5.915289402008057,5.912639141082764
3.8515713214874268,7.290963649749756,-9.600179672241211,5.56056674003312e-07,0.8343381285677797,0.9994999780319631,-0.00041181682600888864,6.300356290012132e-06,0.0026905665827154585,0.00017950542420841487,-5.56056674003312e-07,5.914661407470703,5.912015438079834
3.8611249923706055,7.299310684204102,-9.600179672241211,4.997680765785621e-07,0.8346787691124921,0.9894999782554805,-0.000411759229539176,5.760389285569545e-06,0.00269326265362479,0.0001795223107876609,-4.997680765785622e-07,5.914266109466553,5.911623954772949
3.8714449405670166,7.307656288146973,-9.600179672241211,4.4878439396616143e-07,0.8345632553107742,0.9944999781437218,-0.00041170634788745053,5.287675776344258e-06,0.0026959187511962812,0.00017953760589328738,-4.4878439396616143e-07,5.91672945022583,5.914088726043701
3.8815836906433105,7.316003799438477,-9.600179672241211,4.02480238934033e-07,0.8347612023359572,0.9994999780319631,-0.00041165771539294573,4.863372851104941e-06,0.0026984994793714913,0.0001795514971387746,-4.0248023893403303e-07,5.921115398406982,5.91847562789917
3.8911237716674805,7.324356555938721,-9.600179672241211,3.604858083247115e-07,0.8352915644650735,0.9894999782554805,-0.00041161295370626235,4.4778876144846436e-06,0.0027010024329488205,0.00017956409546826535,-3.604858083247115e-07,5.924771308898926,5.92213249206543
3.901468515396118,7.332715034484863,-9.600179672241211,3.225686246978837e-07,0.8358575105671372,0.9944999781437218,-0.00041157171358174833,4.124713541386882e-06,0.002703451564591422,0.00017957547062330548,-3.225686246978837e-07,5.929123878479004,5.926485538482666
3.911590576171875,7.3410797119140625,-9.600179672241211,2.8821754178788463e-07,0.8364282846454429,0.9994999780319631,-0.00041153361666989105,3.808381279668538e-06,0.0027058506889320036,0.00017958577594789915,-2.8821754178788463e-07,5.926084041595459,5.923449993133545
3.9209797382354736,7.349443435668945,-9.600179672241211,2.576827177363585e-07,0.8364093899729942,0.9894999782554805,-0.00041149854655555146,3.5069531350018224e-06,0.002708260572525862,0.00017959493639629898,-2.576827177363585e-07,5.923672676086426,5.921041488647461
3.9311206340789795,7.3578033447265625,-9.600179672241211,2.2996640888546294e-07,0.8359896540644444,0.9944999781437218,-0.0004114660375776697,3.250180270697456e-06,0.002710656105307489,0.0001796032512881851,-2.2996640888546292e-07,5.924490928649902,5.921860218048096
3.941087484359741,7.3661627769470215,-9.600179672241211,2.046826261855055e-07,0.8359370827677195,0.9994999780319631,-0.0004114358278019136,3.021074917342048e-06,0.0027129992385714,0.0001796108364242599,-2.046826261855055e-07,5.919785499572754,5.917159080505371
3.9513161182403564,7.374518871307373,-9.600179672241211,1.822346660053619e-07,0.83559447526952,0.9894999782554805,-0.0004114078590207046,2.7975843295280356e-06,0.002715342248254473,0.00017961757081152996,-1.822346660053619e-07,5.916929721832275,5.914305686950684
3.960907220840454,7.382869243621826,-9.600179672241211,1.6175855486637874e-07,0.8350548148157021,0.9944999781437218,-0.0004113817528843636,2.6104112293978687e-06,0.002717662583499968,0.00017962371364532714,-1.6175855486637874e-07,5.918046951293945,5.915423393249512
3.971470594406128,7.391219615936279,-9.600179672241211,1.4297797370649777e-07,0.8350100517274589,0.9994999780319631,-0.0004113573056661455,2.4435476007056423e-06,0.002719926701294322,0.00017962934781934337,-1.4297797370649777e-07,5.914053916931152,5.911434173583984
3.9824140071868896,7.399567127227783,-9.600179672241211,1.2638650650423065e-07,0.8347491025926145,0.9894999782554805,-0.00041133454646992255,2.2759049898013473e-06,0.0027221907683018035,0.0001796343252600252,-1.2638650650423065e-07,5.912106513977051,5.909488201141357
3.9912502765655518,7.407910346984863,-9.600179672241211,1.1119509223443885e-07,0.8343288898469371,0.9944999781437218,-0.0004113131551536176,2.138955551345134e-06,0.0027244349276636715,0.00017963888268290873,-1.1119509223443887e-07,5.914191246032715,5.911572456359863
4.0013017654418945,7.41625452041626,-9.600179672241211,9.719023883350021e-08,0.834418296814092,0.9994999780319631,-0.0004112929861981111,2.0173010852886364e-06,0.0027266273210654153,0.00017964308413986885,-9.719023883350021e-08,5.9189276695251465,5.91630744934082
4.01124119758606,7.4246039390563965,-9.600179672241211,8.436274159981479e-08,0.8349640965462931,0.9894999782554805,-0.00041127395229193533,1.90480932360515e-06,0.002728767933636064,0.00017964693238958773,-8.436274159981479e-08,5.9233317375183105,5.920710563659668
4.021402835845947,7.432960033416748,-9.600179672241211,7.27996631236152e-08,0.8356174230576693,0.9944999781437218,-0.0004112559661236167,1.7980917164095445e-06,0.002730881844789533,0.00017965040131251442,-7.27996631236152e-08,5.928610324859619,5.925987243652344
4.031724214553833,7.441323280334473,-9.600179672241211,6.227206872633374e-08,0.8363109230996261,0.9994999780319631,-0.0004112389112778513,1.7044005744537571e-06,0.0027329730894122403,0.0001796535595914861,-6.227206872633374e-08,5.926534652709961,5.923913955688477
4.041197061538696,7.449687480926514,-9.600179672241211,5.328015431379276e-08,0.8364266753197719,0.9894999782554805,-0.00041122287506615,1.6043483128669322e-06,0.002735101615928633,0.00017965625716520606,-5.328015431379276e-08,5.925049304962158,5.92242956161499
4.051559686660767,7.4580488204956055,-9.600179672241211,4.50489957818123e-08,0.8361396789551756,0.9944999781437218,-0.0004112075955540451,1.5297526942958939e-06,0.0027372410893031817,0.0001796587265125993,-4.50489957818123e-08,5.926709175109863,5.924089431762695
4.061077833175659,7.466411113739014,-9.600179672241211,3.739215223661557e-08,0.8362101912499437,0.9994999780319631,-0.00041119292722238476,1.4652976005891105e-06,0.0027393519309048793,0.0001796610235658136,-3.739215223661557e-08,5.922733783721924,5.920116901397705
4.073476552963257,7.474771022796631,-9.600179672241211,3.0892202151878336e-08,0.8359761238099056,0.9894999782554805,-0.0004111790155903388,1.3907720131101087e-06,0.002741484723434457,0.0001796629735508759,-3.0892202151878336e-08,5.920499324798584,5.917883396148682
4.087518930435181,7.483126163482666,-9.600179672241211,2.4845523664134307e-08,0.8355293869973135,0.9944999781437218,-0.00041116562782725737,1.3384096746449359e-06,0.0027436151062947265,0.0001796647875540458,-2.4845523664134307e-08,5.922123432159424,5.919506549835205
4.093360662460327,7.491481781005859,-9.600179672241211,1.912145346629059e-08,0.8355616927147822,0.9994999780319631,-0.0004111527057254802,1.2933985544805182e-06,0.002745708016633661,0.00017966650477596602,-1.9121453466290594e-08,5.921014308929443,5.918399333953857
4.105444669723511,7.5081915855407715,-9.600179672241211,9.701704534839893e-09,0.8353388905526082,0.9884999780915678,-0.00041112831671352164,1.1986040817646426e-06,0.0027479733044452146,0.0001796693307003494,-9.701704534839893e-09,5.919630527496338,5.91701602935791
4.114276647567749,7.5081915855407715,-9.600179672241211,9.701704534839893e-09,0.8353388905526082,0.9929999778978527,-0.00041112831671352164,1.1986040817646426e-06,0.002749947944930579,0.0001796693307003494,-9.701704534839893e-09,5.919539451599121,5.916924953460693
4.127070903778076,7.516544818878174,-9.600179672241211,5.5332578139513904e-09,0.8352794051171226,0.997999977786094,-0.0004111166751803509,1.163327965514327e-06,0.0027519915644829275,0.00017967058123424806,-5.5332578139513904e-09,5.9226975440979,5.920082092285156
4.136695146560669,7.524900436401367,-9.600179672241211,1.5625795655607633e-09,0.8355714678765228,0.9879999780096114,-0.00041110535378933386,1.1338192962284666e-06,0.0027540284832690233,0.00017967177243782828,-1.5625795655607633e-09,5.925761699676514,5.923144817352295
4.147033452987671,7.533260345458984,-9.600179672241211,-2.002210661507451e-09,0.8360259532929345,0.9929999778978527,-0.00041109432343664035,1.101439352169109e-06,0.002756056622188895,0.00017967284187392352,2.002210661507451e-09,5.9298834800720215,5.927265167236328
4.156717300415039,7.5416259765625,-9.600179672241211,-5.307275815593803e-09,0.8365471959114955,0.997999977786094,-0.00041108358412227157,1.0749408829724416e-06,0.0027580723047912416,0.0001796738333936787,5.307275815593803e-09,5.9268269538879395,5.924211025238037
4.166970491409302,7.549991130828857,-9.600179672241211,-7.777659204205647e-09,0.8365159034729844,0.9879999780096114,-0.0004110732231577323,1.0356792472521192e-06,0.0027601323973031576,0.00017967457450929203,7.777659204205647e-09,5.924530029296875,5.921915054321289
4.176961660385132,7.558352470397949,-9.600179672241211,-1.0121170367937723e-08,0.8361060619355095,0.9929999778978527,-0.00041106306592002137,1.0160483725485392e-06,0.002762209282723022,0.00017967527756290735,1.0121170367937723e-08,5.925524711608887,5.922908782958984
4.187187671661377,7.566712856292725,-9.600179672241211,-1.2462126984101403e-08,0.8360755443573861,0.997999977786094,-0.00041105305420147267,1.0011991662395303e-06,0.002764262833664904,0.00017967597984913652,1.2462126984101403e-08,5.921020984649658,5.918408393859863
4.196805000305176,7.575070858001709,-9.600179672241211,-1.4162707399364332e-08,0.8357601165772317,0.9879999780096114,-0.0004110433335212574,9.715182613945217e-07,0.0027663429233021385,0.00017967649002414987,1.4162707399364332e-08,5.918370723724365,5.915759086608887
4.207172393798828,7.583423137664795,-9.600179672241211,-1.5875751095800528e-08,0.8352493047715078,0.9929999778978527,-0.0004110337292563724,9.596351446816698e-07,0.0027684248233385642,0.000179677003936618,1.5875751095800528e-08,5.919683933258057,5.917071342468262
4.216719150543213,7.591775417327881,-9.600179672241211,-1.7687073240589698e-08,0.8352325558663278,0.997999977786094,-0.00041102424140681697,9.51156664541486e-07,0.0027704731673879046,0.00017967754733305696,1.7687073240589698e-08,5.915868759155273,5.9132585525512695
4.22672700881958,7.600125312805176,-9.600179672241211,-1.893080223459791e-08,0.8349975347519757,0.9879999780096114,-0.00041101495728409755,9.267807854485e-07,0.0027725417713305943,0.000179677920451482,1.8930802234597913e-08,5.9140753746032715,5.911465644836426
4.237044095993042,7.608471393585205,-9.600179672241211,-2.0240805339595725e-08,0.8346002101899043,0.9929999778978527,-0.0004110057604728757,9.193915389005269e-07,0.0027746090599447015,0.00017967831345266916,2.0240805339595728e-08,5.91627836227417,5.913667678833008
4.246905565261841,7.616818428039551,-9.600179672241211,-2.1689554548238314e-08,0.8347080349923048,0.997999977786094,-0.00041099662186931755,9.147668720288493e-07,0.0027766416948478397,0.00017967874807744977,2.168955454823831e-08,5.913093090057373,5.910578727722168
4.257055044174194,7.6251630783081055,-9.600173950195312,-1.8650120736233974e-05,0.8344645971923274,0.9879999780096114,-0.0004109527493084319,4.387967692309758e-06,0.0027878433673644027,0.00017954523153385082,1.8650120736233974e-05,5.911827087402344,5.90979528427124
4.267309188842773,7.633505821228027,-9.600174903869629,-1.4629270666729467e-05,0.8342864576950539,0.9929999778978527,-0.0004107883536922175,1.6437510566902347e-05,0.0027764763278171154,0.00017929265082905488,1.4629270666729467e-05,5.914653301239014,5.9125657081604
4.276790142059326,7.64185094833374,-9.600175857543945,-1.3209882577360618e-05,0.834491491758049,0.997999977786094,-0.0004105692126019454,2.1914218450547196e-05,0.0027676541204767896,0.00017982050871800936,1.3209882577360618e-05,5.9122490882873535,5.9101152420043945
4.286792516708374,7.650195598602295,-9.600175857543945,-1.1925798661742308e-05,0.8344568613448153,0.9879999780096114,-0.00041033572136627206,2.33487971854629e-05,0.002763006319456362,0.00017943528354358307,1.1925798661742308e-05,5.911718368530273,5.909541130065918
4.296853065490723,7.658537864685059,-9.600175857543945,-1.0764678486159387e-05,0.8342416288846879,0.9929999778978527,-0.0004100891609069847,2.465647048666142e-05,0.0027598404138432335,0.00017908694749202425,1.0764678486159385e-05,5.915030479431152,5.912812232971191
4.306528091430664,7.6668829917907715,-9.600176811218262,-9.71484634146133e-06,0.8345102669518943,0.997999977786094,-0.00040983060835726753,2.5854898922261782e-05,0.0027582220501528145,0.00017972567216517632,9.71484634146133e-06,5.913007736206055,5.9107561111450195
4.316810369491577,7.675228595733643,-9.600176811218262,-8.764975665323306e-06,0.8345358372950811,0.9879999780096114,-0.00040956149004576245,2.6914472982753068e-05,0.0027563559219218204,0.00017944071096209768,8.764975665323306e-06,5.91276741027832,5.910484790802002
4.3269877433776855,7.683571815490723,-9.600176811218262,-7.90538226706337e-06,0.8343670369051551,0.9929999778978527,-0.00040928294121583955,2.7853893698193133e-05,0.002754616335024311,0.00017918283294271475,7.90538226706337e-06,5.9162774085998535,5.91396427154541
4.33697772026062,7.691918849945068,-9.600176811218262,-7.127545144396347e-06,0.8346691132192968,0.997999977786094,-0.00040899571872617634,2.8722013666993007e-05,0.0027530163487870314,0.00017894948180519066,7.127545144396347e-06,5.913445472717285,5.966445446014404
4.347019195556641,7.700263023376465,-9.60016918182373,1.4122616677476416e-05,0.8344288082974579,0.9879999780096114,-0.0004480942040597863,-0.003909848164767027,0.007085466872024056,0.0001649666556491347,0.00015025002815179285,5.838133335113525,5.990275859832764
4.357142448425293,7.70859432220459,-9.60013484954834,0.0002203729249581242,0.8331642017705709,0.9779999782331288,-0.0007308823501218928,-0.028278816491365433,0.03819514350000061,9.181846613115496e-05,0.005150791494727978,5.784364700317383,6.019294738769531
4.367073059082031,7.7169270515441895,-9.600105285644531,0.0005812644030223212,0.8332899870053383,0.9679999784566462,-0.0011277347266898724,-0.03968522697687149,0.0639425408278441,2.04462441111275e-05,0.009998173294472711,5.743863105773926,6.051570892333984
4.37678074836731,7.725264072418213,-9.600086212158203,0.0010760351638118423,0.833713367794554,0.9579999786801636,-0.001603510844575912,-0.047577619552612305,0.084536395334827,-3.712358484131428e-05,0.014714924168737974,5.673862457275391,6.0797014236450195
4.386870861053467,7.733597755432129,-9.600074768066406,0.0017249413476803865,0.8333679453286565,0.947999978903681,-0.0021798278489178068,-0.057631708681583405,0.10603331471635712,-8.991186513807037e-05,0.019276100612351556,5.567513465881348,6.089639186859131
4.397101163864136,7.741911888122559,-9.600068092346191,0.002564767720987059,0.8314527041546631,0.9379999791271985,-0.0028963038236073445,-0.07164758443832397,0.13220485228508863,-0.00015227701931430637,0.023635036182069368,5.603510856628418,6.139472961425781
4.407186269760132,7.750169277191162,-9.600126266479492,0.0035012565349068527,0.8257231588637054,0.9279999793507159,-0.003482959663357405,-0.058665577322244644,0.1310528450435479,-0.00013735615290411118,0.02786122553180159,5.540473461151123,6.1559600830078125
4.4170613288879395,7.758360385894775,-9.60024356842041,0.004538005406129379,0.8192226229044268,0.9179999795742333,-0.003963948312492619,-0.04809887334704399,0.12391448650511161,-5.319702583261865e-05,0.03194461025918859,5.488236427307129,5.9734721183776855
4.426964044570923,7.766493797302246,-9.600342750549316,0.005559253875681521,0.81343071004149,0.9079999797977507,-0.004402939754594417,-0.04389914870262146,0.12156109394865387,5.703329486017594e-05,0.036006959142697845,5.584001541137695,5.83663272857666
4.437215328216553,7.77454948425293,-9.60030460357666,0.006172328672113962,0.8055830967499086,0.8979999800212681,-0.004797610567261953,-0.039467085152864456,0.12055161321069069,0.0001901451392338771,0.040428856467803545,5.48797082901001,5.7400102615356445
4.44714617729187,7.782524585723877,-9.600220680236816,0.006586689808754757,0.7975248888162941,0.8879999802447855,-0.005216605083657162,-0.04189945384860039,0.1273766183600235,0.00037349221792748466,0.044997947316116844,5.36797571182251,5.7543816566467285
4.457098960876465,7.790395259857178,-9.600211143493652,0.007218234956273491,0.7870990243833588,0.877999980468303,-0.005644540374330895,-0.04279351234436035,0.1348090726174625,0.0005998635609882896,0.049282803238167805,5.2205986976623535,5.702698707580566
4.467214584350586,7.798151969909668,-9.600251197814941,0.008066978698738639,0.7756651058253855,0.8679999806918204,-0.006054144144925433,-0.04096037521958351,0.1393258886341966,0.000842345311987458,0.053278094382239946,5.286763668060303,5.552062034606934
4.476720333099365,7.805812835693359,-9.600198745727539,0.008702827039109882,0.7661093253035454,0.8579999809153378,-0.0063633558435241796,-0.030921200290322304,0.13418273829772537,0.0010874891773489104,0.05742636817698574,5.195016384124756,5.476430416107178
4.487008571624756,7.813384056091309,-9.600129127502441,0.009176133577883341,0.7571284722955804,0.8479999811388552,-0.006736335510380601,-0.03729797527194023,0.14369520009139897,0.0013944571172817,0.06167857840056016,5.074872970581055,5.492842197418213
4.497222423553467,7.820846080780029,-9.600136756896973,0.009871769667168207,0.7462302195376475,0.8379999813623726,-0.007122172690739215,-0.03858369216322899,0.15213285413581162,0.0017393978639443919,0.06563761918076036,5.027261257171631,5.357656002044678
4.507008790969849,7.82820987701416,-9.600090980529785,0.010580672789272326,0.7363898928139031,0.82799998158589,-0.007496511817742906,-0.03743394464254379,0.15757925279154633,0.002053948579759046,0.06952292237670665,4.794628143310547,5.315773963928223
4.516908168792725,7.835504055023193,-9.600011825561523,0.011443050103910503,0.7294838186473513,0.8179999818094075,-0.008259531080658532,-0.07630187273025513,0.20504853663746936,0.0023172230061259125,0.07321333167625305,4.69395112991333,5.340455532073975
4.526890516281128,7.8426995277404785,-9.599994659423828,0.012543390693827183,0.7195635114043095,0.8079999820329249,-0.009034804061749358,-0.07752730697393417,0.2254460813476819,0.00259545454645127,0.07660267375009451,4.61421012878418,5.366866111755371
4.537045001983643,7.849806785583496,-9.600037574768066,0.013843287386276337,0.7108417170918794,0.7979999822564423,-0.009788581754666376,-0.07537779957056046,0.23396694432622034,0.0028978460198172407,0.07973526733030827,4.547544479370117,5.24936056137085
4.54706597328186,7.856849193572998,-9.600053787231445,0.015213474792838641,0.7043166929222141,0.7879999824799597,-0.01041241639099095,-0.06238340958952904,0.22707517083258044,0.0031777405068416087,0.08275795743833378,4.646228313446045,5.12233829498291
4.557184457778931,7.863821029663086,-9.5999116897583,0.01624596469697471,0.6973729876286048,0.7779999827034771,-0.010904371035045907,-0.04919547587633133,0.21516433480385022,0.0034247558974453973,0.08607725906559949,4.543590545654297,5.042485237121582
4.566997289657593,7.870724678039551,-9.59979248046875,0.01711999778957056,0.6904976524001931,0.7679999829269946,-0.011543168230011768,-0.06387980282306671,0.23160255493043458,0.0037649451923171817,0.08950695225650403,4.4429931640625,5.076429843902588
4.576769828796387,7.87753438949585,-9.599753379821777,0.018216141043497714,0.681073397280147,0.757999983150512,-0.012189780275845049,-0.06466115266084671,0.24181260361437262,0.004137679150135298,0.09265261067846162,4.305079936981201,5.022406101226807
4.586544990539551,7.884254455566406,-9.599751472473145,0.01951801255640984,0.6720505777785223,0.7479999833740294,-0.012751148916608715,-0.0561368353664875,0.23995866909622815,0.004504444867796442,0.09553578179821454,4.2698540687561035,5.052502155303955
4.597116470336914,7.890862464904785,-9.599637985229492,0.020872729197628462,0.6609117398292771,0.7379999835975468,-0.013728106455179339,-0.09769578278064728,0.2880484494292134,0.004759357824745791,0.09830371592319348,4.168581485748291,5.0585103034973145
4.6070311069488525,7.897360801696777,-9.599587440490723,0.022437580865839545,0.6498800738532714,0.7279999838210642,-0.014747361610355942,-0.10192554444074631,0.3118677656639687,0.005027741337831015,0.10079111821936651,4.076251983642578,5.066134929656982
4.617388486862183,7.903745651245117,-9.599589347839355,0.024183045557309275,0.6384693224532917,0.7179999840445817,-0.015746485239445263,-0.09991239756345749,0.32163468128681993,0.005306125222362956,0.10302523685724313,4.0134782791137695,4.9053874015808105
4.626680135726929,7.910037994384766,-9.599453926086426,0.0258940137570193,0.6293971298690838,0.7079999842680991,-0.016431872059206574,-0.06853856891393661,0.29534873960134456,0.005471869355650361,0.10524523054843869,4.06524133682251,4.747556209564209
4.637029647827148,7.9162211418151855,-9.599202156066895,0.02730176685187321,0.6188226986055197,0.6979999844916165,-0.016984934749626965,-0.05530638247728348,0.27708269290435306,0.005622769808346417,0.10770330717271505,3.9317126274108887,4.649049758911133
4.6471381187438965,7.922303199768066,-9.599055290222168,0.028592290158575697,0.6083955889030971,0.6879999847151339,-0.017810210304055024,-0.08252739161252975,0.3046540036366887,0.005922455785473124,0.11020366824099756,3.7975709438323975,4.663275241851807
4.656776428222656,7.928244113922119,-9.598993301391602,0.030121332946467898,0.5941310544999938,0.6779999849386513,-0.018629186726271077,-0.08189763873815536,0.31651742715470976,0.0062380169176656786,0.11237424706089272,3.6325087547302246,4.568252086639404
4.667791128158569,7.934062957763672,-9.5989351272583,0.0318455412038731,0.5819250976028291,0.6679999851621687,-0.019280308223179325,-0.06511233747005463,0.3059934821638677,0.006503302022439872,0.1142763642613763,3.680803060531616,4.435874938964844
4.676747798919678,7.939787864685059,-9.598698616027832,0.03339022008885774,0.5729886312439355,0.6579999853856862,-0.01961178467787416,-0.033147454261779785,0.27188134285287946,0.006652742286935132,0.1163110722943129,3.7532103061676025,4.3050737380981445
4.686825752258301,7.945416450500488,-9.598341941833496,0.03459423163051927,0.5639635875746553,0.6629999852739275,-0.01988086360546024,-0.026907898485660553,0.2577185095365979,0.006790702726864994,0.11862994786990105,3.6537232398986816,4.150378704071045
4.697013854980469,7.950977802276611,-9.5980224609375,0.03559467902315403,0.5570643368071085,0.6529999854974449,-0.020345479480703175,-0.04646158590912819,0.27739149804984076,0.007035414146067787,0.12110194425714885,3.5346126556396484,4.186222076416016
4.706608772277832,7.9564361572265625,-9.597837448120117,0.0367592103035157,0.5461737591672594,0.6429999857209623,-0.020961816687378346,-0.06163391098380089,0.3029845761593396,0.00736693422693202,0.12333574462140584,3.4063973426818848,4.212717056274414
4.7173261642456055,7.961795330047607,-9.597716331481934,0.038178324131831254,0.5360399808179899,0.6329999859444797,-0.021588276571554755,-0.06264578551054001,0.31528280375601014,0.007688087226431994,0.12525187558413803,3.263456344604492,4.2313079833984375
4.726896047592163,7.967085361480713,-9.597614288330078,0.03987684639087771,0.529162189593356,0.6229999861679971,-0.0223784836836812,-0.07902081310749054,0.3398893557747118,0.007951225143029594,0.12684908815615717,3.1899194717407227,4.2670087814331055
4.736961603164673,7.972307205200195,-9.597552299499512,0.041792944455633314,0.5223070770045438,0.6129999863915145,-0.023197368683491548,-0.08188850432634354,0.3538868867950954,0.008194914941541898,0.12818626857352622,3.1381447315216064,4.126927852630615
4.747076034545898,7.977489471435547,-9.597383499145508,0.04368529337807881,0.5185232193959041,0.602999986615032,-0.0237537777776458,-0.05564100295305252,0.3332960758708007,0.008350506489344323,0.12953213456517843,3.253972053527832,4.019213676452637
4.757017374038696,7.98262357711792,-9.596996307373047,0.0452837587379935,0.5148787156745933,0.6079999865032732,-0.024021145314006943,-0.02673674002289772,0.2987938175665038,0.008386772780710317,0.131157756973884,3.2339894771575928,3.872572898864746
4.767043113708496,7.987724781036377,-9.596561431884766,0.046561536601658064,0.512003889947848,0.6129999863915145,-0.024392581373952588,-0.03714357316493988,0.30195879258696345,0.008482216309846802,0.13308065922336576,3.1603047847747803,3.9031741619110107
4.777045249938965,7.992778778076172,-9.596288681030273,0.04788994124215814,0.5061313088959672,0.602999986615032,-0.025060861100966444,-0.06682799756526947,0.33761256457649647,0.008729859671648077,0.13490631185357707,3.0863494873046875,4.456668376922607
4.786717414855957,7.997740268707275,-9.596062660217285,0.049383333008819655,0.49668205496424706,0.5929999868385494,-0.025684688152031225,-0.062382545322179794,0.34690851908457443,0.008973218820171658,0.1365079673235085,3.0334887504577637,4.4845967292785645
4.796802520751953,8.002642631530762,-9.595874786376953,0.05101819591376044,0.490620449002059,0.5829999870620668,-0.026271914936644346,-0.058722738176584244,0.34888363087522273,0.009216216357662121,0.1379298608621332,2.985504388809204,4.3691253662109375
4.806864023208618,8.007497787475586,-9.595614433288574,0.052677630868580176,0.4862313653597805,0.5879999869503081,-0.02665711109539541,-0.03851964697241783,0.3306084046111786,0.009386677213154337,0.1393061743890462,3.0309135913848877,4.222206115722656
4.817114353179932,8.012301445007324,-9.595170021057129,0.05405223523647471,0.4824851587946042,0.5929999868385494,-0.026809024971657196,-0.015191424638032913,0.3024059799236015,0.009465903167963363,0.14094945820453011,2.993851661682129,4.218837738037109
4.826915979385376,8.017075538635254,-9.594857215881348,0.055350660726137715,0.47842773112740894,0.5979999867267907,-0.027288392077128937,-0.047936610877513885,0.33123145803811005,0.009705546565015766,0.14263213840739974,2.9298765659332275,4.264822959899902
4.837594032287598,8.021787643432617,-9.594595909118652,0.05682686875885098,0.4720010165636179,0.5879999869503081,-0.02773743099910547,-0.04490393400192261,0.3393735511263553,0.00994472614740971,0.1440964586931987,2.8779098987579346,4.209043979644775
4.846792697906494,8.026455879211426,-9.594324111938477,0.058413783365051104,0.4675790521672361,0.5929999868385494,-0.028066118700526815,-0.03286879137158394,0.3313769764164196,0.010145711235320709,0.14542640032544196,2.9244625568389893,4.10483455657959
4.857268810272217,8.031092643737793,-9.593864440917969,0.05978355068683716,0.46600946890460526,0.5979999867267907,-0.028119360708891313,-0.005324122961610556,0.3014929276845588,0.010234390161649287,0.1469711755613725,2.9117588996887207,4.116625785827637
4.867398023605347,8.035726547241211,-9.593520164489746,0.06107832194262858,0.4646247264605561,0.602999986615032,-0.028472378258066824,-0.03530178591609001,0.3264880824319377,0.010471184962779656,0.14857153668733766,2.8673386573791504,4.177183628082275
4.87697696685791,8.040327072143555,-9.593221664428711,0.06253634726127964,0.4610678415510222,0.5929999868385494,-0.028801982081754673,-0.03296054154634476,0.3338315554622137,0.010710678402532148,0.1499857544756582,2.8415639400482178,4.139228343963623
4.887436151504517,8.044904708862305,-9.592915534973145,0.06410210127360458,0.4588203329338385,0.5979999867267907,-0.029030575587388294,-0.022859331220388412,0.3273251224691769,0.010919064606112139,0.151281131756042,2.889267683029175,4.084055423736572
4.89640212059021,8.049481391906738,-9.592507362365723,0.06547410679855252,0.4595474772032741,0.602999986615032,-0.02916605179822195,-0.013547409325838089,0.31732410520073967,0.011098140912673582,0.152776691870039,2.862712860107422,4.158417701721191
4.907166481018066,8.054060935974121,-9.59217357635498,0.0669198199261812,0.45916628445636454,0.6079999865032732,-0.029419030823724775,-0.02529805898666382,0.3287426956222093,0.011341727843862337,0.15419125289121385,2.904275894165039,4.105757236480713
4.917137622833252,8.058633804321289,-9.59179973602295,0.068364954287717,0.45892301514551176,0.5979999867267907,-0.029564786137335448,-0.01457560807466507,0.3226595207939514,0.011558030256114238,0.15560658495043728,2.8389930725097656,4.172060012817383
4.926968336105347,8.063187599182129,-9.591379165649414,0.0698620361198274,0.4573138219098637,0.5879999869503081,-0.030049675160976817,-0.04848875477910042,0.35905294731825316,0.011722201374086083,0.156965295716252,2.8096654415130615,4.220672130584717
4.937324047088623,8.067720413208008,-9.59096908569336,0.07151266267035337,0.45511826747670703,0.5779999871738255,-0.030589701287590372,-0.05400262773036957,0.37838413241299734,0.011859357708889462,0.1581597919828076,2.7766051292419434,4.270843982696533
4.946942090988159,8.072222709655762,-9.590590476989746,0.07329347291174679,0.4519149187588206,0.5679999873973429,-0.031098446323525757,-0.05087451636791229,0.38333514819296977,0.011994460163885945,0.15920401901900064,2.7301416397094727,4.286983489990234
4.957073926925659,8.076676368713379,-9.590209007263184,0.075196074350203,0.44701597800951365,0.5579999876208603,-0.03170230935587112,-0.06038646772503853,0.39737608010803793,0.012092080660442761,0.1601000664047471,2.6862356662750244,4.289731025695801
4.967189311981201,8.081086158752441,-9.58985424041748,0.07716767690118548,0.44242944161639236,0.5479999878443778,-0.03229331025049351,-0.05909999459981918,0.40271037467985704,0.012197320985217086,0.16089779548716315,2.6364588737487793,4.304705619812012
4.9769837856292725,8.085440635681152,-9.589534759521484,0.07925368500979034,0.43662185969259387,0.552999987732619,-0.032849244196148535,-0.05559338629245758,0.4029067747365585,0.012301935312891699,0.161544911748834,2.5751748085021973,4.142254829406738
4.986728191375732,8.089738845825195,-9.589162826538086,0.08134338732990375,0.4314411742638376,0.5579999876208603,-0.03318281491059469,-0.03335690498352051,0.38118763682630635,0.012352813198473811,0.16216124773989715,2.637387275695801,3.9682047367095947
4.996652364730835,8.093973159790039,-9.588573455810547,0.0830804752797395,0.42748874161416167,0.5629999875091016,-0.03312162694222918,0.006118715740740299,0.33378774909676845,0.012293211199123633,0.16311299627662348,2.6175758838653564,3.9239985942840576
5.006500959396362,8.098180770874023,-9.58807373046875,0.084669821396984,0.4237359908796007,0.5679999873973429,-0.03340414174376246,-0.028251521289348602,0.3574195403838407,0.012369150815973784,0.1641778743981933,2.538466691970825,3.958841323852539
5.01714015007019,8.102335929870605,-9.58764934539795,0.086375138065526,0.4177331133589542,0.5579999876208603,-0.033847496396097465,-0.044335488229990005,0.38355912661660546,0.012481923065745137,0.16508646479599776,2.460796356201172,3.99885892868042
5.026707887649536,8.106449127197266,-9.587249755859375,0.0882766343786633,0.413251658754154,0.5479999878443778,-0.03434435444747257,-0.04968598857522011,0.3991308752588027,0.012560972406288728,0.16577493444385427,2.4193239212036133,4.031347751617432
5.037359237670898,8.110544204711914,-9.586858749389648,0.0903128044935025,0.41139450284661006,0.5379999880678952,-0.034918677361839186,-0.057431962341070175,0.4141207087906349,0.012614514310644198,0.16631972621868238,2.395087242126465,4.069538593292236
5.046798467636108,8.114619255065918,-9.586494445800781,0.09245093188056552,0.4091478439009659,0.5429999879561365,-0.035460515850035706,-0.05418388545513153,0.4172256597461714,0.012669103572441998,0.1667485131656543,2.381805658340454,3.9467697143554688
5.056688070297241,8.118678092956543,-9.586069107055664,0.09457671900376723,0.4080471423937041,0.5479999878443778,-0.035786629479991346,-0.03261171281337738,0.39686569435030505,0.01267458585725012,0.16718831307813392,2.410933256149292,3.8401083946228027
5.06708288192749,8.122708320617676,-9.585442543029785,0.09642642566159207,0.4079453973521743,0.552999987732619,-0.035729939555095284,0.0056693353690207005,0.35091380070655853,0.012570404298227533,0.16791023019411114,2.4208831787109375,3.8485050201416016
5.076642036437988,8.126745223999023,-9.58493423461914,0.09820444861990574,0.40686424646964525,0.5579999876208603,-0.03610671127611923,-0.03767722100019455,0.3844234016901864,0.012613743479748862,0.16868593222720396,2.3833980560302734,3.9160163402557373
5.086726903915405,8.130757331848145,-9.584487915039062,0.10012133281908807,0.4037316358480896,0.5479999878443778,-0.03652678444929246,-0.042007286101579666,0.40085339532776654,0.012679527109550559,0.16930134167947986,2.35921049118042,3.9889798164367676
5.096812725067139,8.134753227233887,-9.584078788757324,0.10220236440449061,0.4016318948236663,0.552999987732619,-0.03690355888329756,-0.03767751529812813,0.40280953231712546,0.012738398521949357,0.16974099025607525,2.3252005577087402,3.911360502243042
5.106658458709717,8.138747215270996,-9.583646774291992,0.10433388221305971,0.40174070966309855,0.5579999876208603,-0.03715581754591372,-0.025225795805454254,0.39146910477839636,0.01276981794111487,0.1701334572258082,2.3891336917877197,3.780557632446289
5.1170432567596436,8.142723083496094,-9.582969665527344,0.10619162962733412,0.4033993009016929,0.5629999875091016,-0.03687406495241133,0.02817505970597267,0.33166936600661,0.012651508190032912,0.17082085167278122,2.4314239025115967,3.786228895187378
5.126770496368408,8.146732330322266,-9.582357406616211,0.1079107743865803,0.40556034789921797,0.5679999873973429,-0.03695306452072117,-0.007899665273725986,0.35253149048284116,0.012655980345429363,0.1716509693858082,2.4086368083953857,3.8706274032592773
5.136793375015259,8.150750160217285,-9.58183765411377,0.10971361099357053,0.4051226465223263,0.5579999876208603,-0.03724453339074208,-0.029147116467356682,0.3826600767129429,0.012737282844207387,0.17238863800183893,2.392875909805298,3.967291831970215
5.146806001663208,8.154767036437988,-9.58135986328125,0.11170382211316804,0.40458704153251246,0.5629999875091016,-0.03749598150577041,-0.025144677609205246,0.388806630228588,0.012813455904768567,0.17293619132428423,2.3866467475891113,4.0455803871154785
5.156416177749634,8.158795356750488,-9.58090877532959,0.11382734675480015,0.40540639499661224,0.552999987732619,-0.03772284309297785,-0.022686254233121872,0.38921337451866794,0.012889264083353336,0.17335584367896656,2.347424030303955,3.9890217781066895
5.167029857635498,8.162832260131836,-9.580456733703613,0.11603959193785864,0.40627356592902997,0.5579999876208603,-0.037861570720233016,-0.01387280784547329,0.380904733715386,0.01295058898248902,0.17369381512655868,2.6248879432678223,3.8715708255767822
5.176739692687988,8.166855812072754,-9.579750061035156,0.11799400999166985,0.4085363485920296,0.5629999875091016,-0.037431581797345286,0.04299892485141754,0.3179303399485366,0.012850645486081724,0.17431776022329215,2.4472920894622803,3.8669159412384033
5.186777114868164,8.170907020568848,-9.579032897949219,0.11979470124431006,0.4115322468365073,0.5679999873973429,-0.03712726452788602,0.030431730672717094,0.3119929028845283,0.012804637794046947,0.17510835429144073,2.4336538314819336,3.9308342933654785
5.197160720825195,8.174972534179688,-9.578458786010742,0.12164320119030825,0.4104975242392188,0.5729999872855842,-0.037242619091383836,-0.011535356752574444,0.35535151165337087,0.012896127857632056,0.17583471410277637,2.4135546684265137,4.038013458251953
5.206791639328003,8.179025650024414,-9.577946662902832,0.12369745578508591,0.4086635574749206,0.5779999871738255,-0.03735145086049313,-0.01088341698050499,0.3685892580740693,0.012992915155991991,0.17634240059361467,2.4092304706573486,4.133931636810303
5.216793775558472,8.183095932006836,-9.577461242675781,0.12590289689368933,0.4099318917628065,0.5679999873973429,-0.03742337606257543,-0.007192337419837713,0.3693733994680892,0.013086018953706535,0.17670797376938724,3.2900185585021973,3.934295177459717
5.226656436920166,8.187164306640625,-9.576760292053223,0.1279285024423756,0.41289900193719625,0.5729999872855842,-0.036980484793894215,0.04428896680474281,0.3147706003793689,0.013036486659375068,0.17728530389106903,2.499814748764038,3.905747652053833
5.236961603164673,8.191271781921387,-9.575977325439453,0.12970096361382563,0.41818772793186126,0.5779999871738255,-0.03653756317742426,0.044292423874139786,0.2978076114606035,0.013006093407389008,0.17814534085114367,2.4357645511627197,3.956855058670044
5.246706485748291,8.195363998413086,-9.575360298156738,0.13156311002386933,0.4139265756975769,0.5829999870620668,-0.036520894283612514,0.001666564610786736,0.3382208802248675,0.013113578134514414,0.1788777328954253,2.4042139053344727,4.066364288330078
5.257076263427734,8.199409484863281,-9.574833869934082,0.13366297834996438,0.4080128065511119,0.5879999869503081,-0.03652638720792168,-0.0005491951596923172,0.3533108915214774,0.013233368639969045,0.1793344445125224,2.617464542388916,4.018041133880615
5.267527103424072,8.203473091125488,-9.57430648803711,0.13589059582844684,0.4098746230817469,0.5929999868385494,-0.03640165325912901,0.012473530136048794,0.3442830764445148,0.013330472008957983,0.17967731089300523,4.052545070648193,3.911670446395874
5.276793479919434,8.207518577575684,-9.57352352142334,0.13788328507135203,0.4121970743673461,0.5979999867267907,-0.03570991075685682,0.0691744014620781,0.28055428642596436,0.013258875749036392,0.18028493219459651,2.4931392669677734,3.900941848754883
5.287020206451416,8.211618423461914,-9.572684288024902,0.13963054881169762,0.4185081330853403,0.602999986615032,-0.035106421114156794,0.06034868583083153,0.26968809099129504,0.013234140132105887,0.18117222385697546,2.3554184436798096,3.9516358375549316
5.297043323516846,8.215646743774414,-9.57201862335205,0.14157454271193426,0.40839938761294375,0.6079999865032732,-0.03477136944459573,0.03350517898797989,0.294377514349885,0.013304230100898318,0.18179267992448878,2.3317997455596924,4.035639762878418
5.306727409362793,8.219594955444336,-9.571491241455078,0.14372971966540504,0.3984163428861018,0.5979999867267907,-0.03463311143216589,0.013825898058712482,0.3226288724597365,0.013427772251988435,0.1821336616067608,2.4499073028564453,3.9552841186523438
5.317142486572266,8.223523139953613,-9.570816040039062,0.14574068204334295,0.3985784102248495,0.602999986615032,-0.034484831589050316,0.014828127808868885,0.3301386308960145,0.013457275115128287,0.1826305394032381,2.457775831222534,4.0358781814575195
5.3265228271484375,8.227485656738281,-9.57016372680664,0.1477330189010237,0.4017977338386816,0.5929999868385494,-0.03463311104104184,-0.014828040264546871,0.36450712730342166,0.013534996417720713,0.1831600806733596,2.435533285140991,4.103823184967041
5.336877822875977,8.231476783752441,-9.569517135620117,0.14984811208693125,0.4043559257210661,0.5829999870620668,-0.03481389010517382,-0.018077973276376724,0.37921644879082606,0.013601321508940556,0.18358564242680434,2.4187216758728027,4.1736626625061035
5.3470869064331055,8.235486030578613,-9.568873405456543,0.1521001807139988,0.4061503329813797,0.5729999872855842,-0.03505674674684261,-0.02428572252392769,0.3912018938287598,0.013646088738518136,0.1838878607424012,2.3866190910339355,4.2354912757873535
5.356975793838501,8.239516258239746,-9.568235397338867,0.15448738186296027,0.408106285619483,0.5629999875091016,-0.03535258166577393,-0.02958328276872635,0.40145831278130867,0.013673612254453849,0.18406954738936712,2.34208345413208,4.240604877471924
5.366984844207764,8.243556022644043,-9.567594528198242,0.15701175123632607,0.40903830096050986,0.552999987732619,-0.03573911193486018,-0.03865334391593933,0.41529552485576593,0.013671507015003748,0.18412375310147075,2.2777950763702393,4.276561260223389
5.376744031906128,8.247596740722656,-9.56694507598877,0.15968625200691505,0.4092204627929757,0.5429999879561365,-0.036257455954397916,-0.051834166049957275,0.43475002416802705,0.01362773836213993,0.1840341114417106,2.4004204273223877,4.400999069213867
5.386745929718018,8.251619338989258,-9.566306114196777,0.16251740417544933,0.4073369712578914,0.5329999881796539,-0.03673952355261232,-0.048206813633441925,0.43800177066234564,0.013551867668168072,0.18377918973903576,2.521329164505005,4.146305561065674
5.396949529647827,8.25562858581543,-9.565608024597168,0.1652367673796142,0.40695179469817305,0.5379999880678952,-0.03688743251326002,-0.014790812507271767,0.40422801805361624,0.0134591047454653,0.18363577390447341,2.3236591815948486,4.018953800201416
5.406832933425903,8.259581565856934,-9.564640045166016,0.16761665402683965,0.40701615684911563,0.5429999879561365,-0.03651634411351804,0.03710861876606941,0.3385390424776432,0.013204005518541395,0.18384408030010568,2.274167060852051,3.928772211074829
5.417248249053955,8.263508796691895,-9.563645362854004,0.1697746344874322,0.40512541034735167,0.5479999878443778,-0.03622101329999301,0.02953304909169674,0.32613983867465435,0.012990873618911047,0.1842572671106091,2.2985355854034424,3.953402519226074
5.427070617675781,8.267434120178223,-9.562833786010742,0.17195620070104706,0.4008264479690132,0.552999987732619,-0.036444235955730285,-0.022322045639157295,0.3778470269342791,0.012952114299521922,0.18460674720399767,2.2709789276123047,4.044592380523682
5.437293529510498,8.271345138549805,-9.562108039855957,0.17428504767942746,0.397849309846536,0.5429999879561365,-0.03678116295019778,-0.03369288891553879,0.40651881402173284,0.012955320711968588,0.18478621423770644,2.2569663524627686,4.127904891967773
5.446416139602661,8.275253295898438,-9.561421394348145,0.17677790333958887,0.3967791647110113,0.5479999878443778,-0.03708888087653682,-0.03077169507741928,0.4130584288372858,0.012955568444333876,0.18479602886084567,2.243283748626709,4.2029709815979
5.456564426422119,8.279160499572754,-9.560768127441406,0.17941276246688329,0.3961676606595743,0.5379999880678952,-0.03736897615000492,-0.02800927311182022,0.41294200789282515,0.012954546486784624,0.18465961804951084,2.593419313430786,4.024674892425537
5.467387676239014,8.283056259155273,-9.5599946975708,0.18200009620720273,0.3971923399328912,0.5429999879561365,-0.037274663653777816,0.009431182406842709,0.3732950402163284,0.012860939869784982,0.18458790823710944,2.9894895553588867,3.9046263694763184
5.476682186126709,8.286892890930176,-9.558968544006348,0.18426404032692884,0.397187936572035,0.5479999878443778,-0.03668361744445082,0.05910446494817734,0.30761436088518695,0.012615499705441291,0.18484993692971768,2.2358875274658203,3.8576481342315674
5.487110614776611,8.290740966796875,-9.55794620513916,0.18636043736467148,0.39814867006211746,0.552999987732619,-0.036245172948720816,0.04384461045265198,0.30291879193583693,0.012437180309403884,0.1852793422845351,2.202296018600464,3.89016056060791
5.4970927238464355,8.294541358947754,-9.55711555480957,0.18857652821607848,0.3890162847082743,0.5579999876208603,-0.03622367730946114,0.0021495388355106115,0.3455319679452188,0.01239461429056421,0.18552192485310018,2.10198712348938,3.935655355453491
5.507300853729248,8.298237800598145,-9.556442260742188,0.19098804736430441,0.37580375391606435,0.5629999875091016,-0.03637734238066288,-0.015366445295512676,0.37733660795508733,0.012412012621492163,0.18547917058022745,1.9263436794281006,3.7753005027770996
5.517279863357544,8.301846504211426,-9.555755615234375,0.1935485580883349,0.3673473057894364,0.5679999873973429,-0.036231642336305936,0.014569899998605251,0.35497715266949337,0.012349348250054515,0.18524391114798336,2.4744253158569336,3.653878688812256
5.527016878128052,8.305398941040039,-9.554827690124512,0.1958171047696178,0.3671717468605096,0.5729999872855842,-0.03555533619441261,0.06763043254613876,0.29058390935126244,0.012136231089667326,0.18531285421433516,2.169990062713623,3.5450127124786377
5.536787033081055,8.30895709991455,-9.553750991821289,0.1976340045810048,0.37187614526962387,0.5779999871738255,-0.03480842824873393,0.074691042304039,0.26198955524836476,0.011928976551129455,0.1858554194236006,2.194334030151367,3.597376823425293
5.5469748973846436,8.312637329101562,-9.552823066711426,0.1993965900083378,0.3795757877733888,0.5829999870620668,-0.034829086599021175,-0.0020658124703913927,0.3345829985956708,0.011930301541347665,0.18648584224606388,2.2144312858581543,3.7378880977630615
5.55715537071228,8.316350936889648,-9.551990509033203,0.2013215371650097,0.38060758432152286,0.5729999872855842,-0.03492948489525688,-0.010040001012384892,0.3655346899263285,0.011993728656588099,0.1869557035320428,2.265226364135742,3.885383129119873
5.566951513290405,8.320128440856934,-9.551187515258789,0.20340851422364342,0.38617403544480944,0.5779999871738255,-0.03495821647383097,-0.0028729585465043783,0.3677938560479621,0.012070101929974708,0.18729793748242957,2.2901437282562256,4.016109466552734
5.57679295539856,8.323969841003418,-9.55040454864502,0.2056425821475672,0.3920204359758226,0.5829999870620668,-0.03492571094672021,0.003250408684834838,0.36230019772194794,0.0121553656290736,0.18752899556187635,2.275606393814087,4.124100685119629
5.587444543838501,8.327858924865723,-9.549630165100098,0.20805759528034015,0.39660224878471423,0.5729999872855842,-0.03491711162396685,0.0008599457214586437,0.3633684541282787,0.012223109752903971,0.18760944239833643,2.254260540008545,4.232266426086426
5.598207950592041,8.331786155700684,-9.548860549926758,0.21067445893796988,0.4002488024741162,0.5779999871738255,-0.0349689878223486,-0.0051878271624445915,0.3702618464306007,0.012260255851344048,0.18751441519539067,2.2747368812561035,4.369670867919922
5.606374025344849,8.335746765136719,-9.548105239868164,0.21348580532915382,0.40326888277831874,0.5679999873973429,-0.03502378270853924,-0.005479383282363415,0.3727245476555141,0.012276135000625077,0.18724586277313784,2.286015033721924,4.482140064239502
5.6169593334198,8.339729309082031,-9.54741096496582,0.21645276121666981,0.4044540532683554,0.5729999872855842,-0.03492067570393388,0.010310536250472069,0.35646664378477794,0.012320868163400167,0.18682322740470922,4.166611194610596,4.201129913330078
5.6268744468688965,8.343725204467773,-9.546525955200195,0.21931924515408177,0.4092707971825632,0.5779999871738255,-0.03429029357489688,0.0630384236574173,0.2942605737970569,0.012235189810961833,0.1865501440917807,5.715656280517578,4.076822757720947
5.636798143386841,8.347674369812012,-9.545411109924316,0.22176462411549086,0.4105227982824433,0.5829999870620668,-0.03337555813588229,0.09147360175848007,0.2431938341896966,0.012054545172468067,0.18671241902402752,2.2081971168518066,4.016646862030029
5.646954536437988,8.351548194885254,-9.544173240661621,0.22405502123790808,0.40682866688601194,0.5879999869503081,-0.032551113829021344,0.08244433254003525,0.23508008354159707,0.011787330880553393,0.18701143967699946,0.7787804007530212,3.4025659561157227
5.656760931015015,8.355244636535645,-9.543132781982422,0.22661287745704806,0.3840398981476208,0.5929999868385494,-0.031774444033593155,0.07766707241535187,0.23538772315832718,0.01156126993764195,0.18690212410224138,1.9848613739013672,3.274454355239868
5.667717456817627,8.358818054199219,-9.54211711883545,0.2290337319099425,0.37158013526053196,0.5979999867267907,-0.031028886274252834,0.07455559819936752,0.23656181164429052,0.011357865162017422,0.18684849229835418,4.093347072601318,3.194038152694702
5.676701784133911,8.362343788146973,-9.540997505187988,0.23118153802343702,0.3698624459052552,0.602999986615032,-0.03024517118011926,0.07837161421775818,0.23070447853034737,0.011129291763519955,0.1870571329881687,2.1461029052734375,3.167215347290039
5.686495780944824,8.365883827209473,-9.539786338806152,0.23310163228223096,0.3742278296045965,0.6079999865032732,-0.029395074970296198,0.08500972390174866,0.21972566988547754,0.010898792138706037,0.18751670914548751,1.996990442276001,3.2317593097686768
5.696778297424316,8.369416236877441,-9.538761138916016,0.2352039764414584,0.3677808399808718,0.6129999863915145,-0.02883354032742789,0.056153327226638794,0.24532853592273318,0.010789941469540043,0.18774865765453352,1.8905175924301147,3.219038724899292
5.706728458404541,8.372864723205566,-9.537910461425781,0.23754740252859416,0.35528432509099256,0.6179999862797558,-0.0283909721261155,0.04425673559308052,0.2643074007363967,0.010742922852729375,0.1876552404128109,5.149548530578613,3.235609769821167
5.717517375946045,8.376246452331543,-9.536920547485352,0.2398535793377948,0.3523130133175251,0.6229999861679971,-0.027978422729508932,0.04125512018799782,0.2718522541720283,0.010560343843740494,0.18759501285921423,5.313361167907715,3.1561496257781982
5.72667121887207,8.379607200622559,-9.535785675048828,0.24196076913454753,0.3547026089847586,0.6279999860562384,-0.027446672562614124,0.053175024688243866,0.2599990776630491,0.01030371707181632,0.18775203891215567,1.8738198280334473,3.233139753341675
5.736737489700317,8.383071899414062,-9.534777641296387,0.24398054232796554,0.36091597512040735,0.6179999862797558,-0.027480423249250506,-0.003375094849616289,0.3160900035528368,0.010239568254231335,0.18801898359041555,1.7429649829864502,3.2785139083862305
5.74690580368042,8.386265754699707,-9.533960342407227,0.24655428335275564,0.32971568104268933,0.6229999861679971,-0.027230045795336534,0.02503778040409088,0.30211867726360825,0.01007944216270329,0.1875482294147228,1.5916707515716553,3.0577290058135986
5.75682258605957,8.38933277130127,-9.533235549926758,0.2492754710367559,0.3151629690931139,0.6279999860562384,-0.026933064605862606,0.029698112979531288,0.2916746605045194,0.009912861887054536,0.1868386476992741,3.5579631328582764,2.9690489768981934
5.767179489135742,8.392369270324707,-9.532378196716309,0.25168206011801014,0.3155699127128867,0.6329999859444797,-0.026500988704565655,0.04320748895406723,0.27272248681538225,0.009712140222856824,0.18644962702865103,7.473513603210449,2.908156394958496
5.7767863273620605,8.395379066467285,-9.53136920928955,0.25377545314966576,0.3174694553595301,0.637999985832721,-0.02601320592648684,0.048778265714645386,0.2595568662025573,0.009461422603047831,0.1863875609711677,2.837313652038574,2.748387098312378
5.786611557006836,8.3983793258667,-9.530208587646484,0.25551633810552077,0.3216896447113759,0.6429999857209623,-0.025468123370138394,0.05450822412967682,0.24801254405999243,0.00917989060841462,0.1867006065708996,-2.5171797275543213,2.649627923965454
5.797436714172363,8.401288986206055,-9.529044151306152,0.257196108702124,0.31335695804027613,0.6479999856092036,-0.024988741351601396,0.04793819412589073,0.25009634912757595,0.008880611763569135,0.18702297623079794,1.4340146780014038,2.5337400436401367
5.806774616241455,8.404065132141113,-9.527928352355957,0.25883985709122653,0.29924352190439674,0.6529999854974449,-0.024579835536764388,0.040890660136938095,0.25695655119936667,0.008584505016744792,0.18729241407061065,1.7099579572677612,2.526573419570923
5.817801475524902,8.406888961791992,-9.526944160461426,0.2603857164024037,0.2991005857883163,0.6419999855570495,-0.02453364525450563,0.0046190181747078896,0.29716554174367504,0.008462261039706043,0.1876478120230507,1.6445696353912354,2.6122803688049316
5.826385974884033,8.409728050231934,-9.526124954223633,0.2621319106082617,0.29545335157089814,0.6329999859444797,-0.024701993575163648,-0.01683484949171543,0.33238354789813823,0.0084418568829141,0.18777363138615902,1.6118254661560059,2.769841432571411
5.837332010269165,8.412543296813965,-9.525394439697266,0.2641829669082101,0.2908537868652415,0.6229999861679971,-0.024831809344143942,-0.012981492094695568,0.33918627567445936,0.008406451211143917,0.18756727483126315,3.4667985439300537,2.7203876972198486
5.847100496292114,8.415399551391602,-9.524615287780762,0.2663741741077267,0.2960423590170222,0.6129999863915145,-0.024797367139109364,0.0034442220348864794,0.32361437447902397,0.008309223371080643,0.18726111027201864,7.719377040863037,2.639007329940796
5.857146739959717,8.418213844299316,-9.523625373840332,0.26835703481345674,0.29842293555718546,0.6179999862797558,-0.02443434028024476,0.036302629858255386,0.28315999137898473,0.008071123199613561,0.18718963104129016,3.0756843090057373,2.581695079803467
5.867342710494995,8.421001434326172,-9.52249813079834,0.2700411237713058,0.30069789640204764,0.6229999861679971,-0.02399020215368861,0.0444137267768383,0.2611654358027694,0.007791740015149706,0.18742920754700393,1.2926579713821411,2.543574571609497
5.877074480056763,8.423704147338867,-9.52147388458252,0.27181835026273277,0.28902613999199356,0.6279999860562384,-0.02361239172163944,0.037781186401844025,0.2603549219201551,0.007545385015846895,0.1875032959027098,1.468055248260498,2.393761396408081
5.887319564819336,8.426274299621582,-9.520529747009277,0.2735678410887452,0.2738024985873193,0.6329999859444797,-0.023239373261502102,0.037301816046237946,0.2594461652147954,0.007325295689576183,0.18750810102429052,1.5735408067703247,2.3960554599761963
5.896761178970337,8.428878784179688,-9.519617080688477,0.27511733203375294,0.27600215807238365,0.637999985832721,-0.023103533422953765,0.013584022410213947,0.2837758620885779,0.007212417695392936,0.18771622840009625,1.6442344188690186,2.5734148025512695
5.906731367111206,8.431593894958496,-9.518826484680176,0.2767771311168526,0.2827459085044154,0.6279999860562384,-0.023111746892322184,-0.0008213573019020259,0.30639062764501024,0.007230558724961034,0.18784519879762213,1.666072130203247,2.6577298641204834
5.91766619682312,8.434399604797363,-9.518054008483887,0.27860176513247764,0.29105280174505643,0.6179999862797558,-0.023046159206235824,0.006558737717568874,0.3053395090841476,0.007262033683752556,0.18785980817548462,1.7041957378387451,2.760915756225586
5.92668890953064,8.437302589416504,-9.51720905303955,0.28051729137877934,0.30236596364740287,0.6079999865032732,-0.023134687599903666,-0.008852895349264145,0.3214788587102776,0.007251204921556731,0.18786036570440412,1.7424471378326416,2.863245964050293
5.9368896484375,8.440299034118652,-9.516332626342773,0.28255036601654315,0.3121730995372121,0.5979999867267907,-0.02326029054968941,-0.012560231611132622,0.3305412303538752,0.00722572493174245,0.1878075275121054,1.7802647352218628,2.96506929397583
5.94783878326416,8.443387985229492,-9.515426635742188,0.2847017838705052,0.32191087035481286,0.5879999869503081,-0.02342288759278848,-0.016259629279375076,0.33752272122565263,0.007187198189753552,0.18769939018963694,4.605335712432861,2.9478020668029785
5.957273006439209,8.446501731872559,-9.514410972595215,0.286932687732237,0.3275509124740719,0.5929999868385494,-0.02323668494483189,0.018620146438479424,0.30226338754770476,0.007045462841754002,0.18755867672098947,8.513219833374023,2.867037296295166
5.967042922973633,8.449563980102539,-9.513214111328125,0.288939326380597,0.32879244487533715,0.5979999867267907,-0.022705581693533865,0.053110271692276,0.2538229495194913,0.006791936927224684,0.1876571228362683,3.41475510597229,2.8994998931884766
5.977112770080566,8.452787399291992,-9.512032508850098,0.29053792182122645,0.34335003908372624,0.602999986615032,-0.022361664609448568,0.03439170867204666,0.25836756309943915,0.0067533499477516745,0.18823395175391694,1.7708606719970703,2.9169023036956787
5.986571311950684,8.456076622009277,-9.510912895202637,0.2923897823414523,0.3474769326673988,0.6079999865032732,-0.02258770218300648,-0.022603590041399002,0.3204948715203989,0.006732990295005514,0.18858447161090755,1.7977509498596191,3.132510185241699
5.997387409210205,8.459208488464355,-9.509900093078613,0.2947916654774353,0.32918358589307367,0.6129999863915145,-0.022240680366895704,0.034702118486166,0.27773807632885045,0.006579635303011644,0.18828602665576122,1.8590013980865479,3.2669169902801514
6.007174968719482,8.462419509887695,-9.509040832519531,0.2973144050123897,0.3324317498540554,0.6179999862797558,-0.022183151594112598,0.00575287314131856,0.29491022658880406,0.00657018060102077,0.1878692879945032,5.314250469207764,3.1136465072631836
6.018515348434448,8.465657234191895,-9.508033752441406,0.29986886406374363,0.33919321141339376,0.6229999861679971,-0.02183451122883519,0.034864019602537155,0.2681433211432168,0.006440033518527066,0.18747855487485238,9.211027145385742,3.030402183532715
6.027139186859131,8.468847274780273,-9.506855964660645,0.30215227438291437,0.3400421118324692,0.6279999860562384,-0.02127272031590511,0.05617895722389221,0.2358982308397179,0.006223852389653839,0.187372362496103,12.054142951965332,2.96010684967041
6.0374274253845215,8.472006797790527,-9.50553035736084,0.30411369307766156,0.34263580024284185,0.6329999859444797,-0.02062160169828276,0.06511197239160538,0.2149383406872174,0.005965182862896379,0.18760327837967972,3.1902549266815186,2.930955410003662
6.046918153762817,8.475156784057617,-9.50412368774414,0.3058962887385886,0.3449952901576814,0.637999985832721,-0.019925183706310082,0.06964190304279327,0.20197451377874825,0.0056908240441662095,0.18802546920495827,1.541137933731079,2.9058125019073486
6.056443214416504,8.478203773498535,-9.50291919708252,0.3079395298814991,0.3276742447949071,0.6429999857209623,-0.01933012908327777,0.05950547754764557,0.20696048155680868,0.00547606501155351,0.18807992746933924,1.6327764987945557,2.748173475265503
6.067279577255249,8.481100082397461,-9.5018310546875,0.31001883467392777,0.30938780345472555,0.6479999856092036,-0.01878507839657912,0.05450495332479477,0.21200191453152373,0.005287737381544533,0.1879822813251032,2.301645040512085,2.689572334289551
6.0770509243011475,8.483951568603516,-9.500648498535156,0.31182601236376534,0.3086823598088257,0.6529999854974449,-0.01818455436998214,0.06005251035094261,0.20594105822262124,0.0050813244881644515,0.18815061167021468,1.8269754648208618,2.791181802749634
6.086603403091431,8.486949920654297,-9.499578475952148,0.31354753474330954,0.3184309167873334,0.6579999853856862,-0.018005270563064786,0.01792825572192669,0.24808956724771725,0.005075550360770231,0.18844798121641737,1.8739352226257324,2.9779446125030518
6.096731901168823,8.49005126953125,-9.498594284057617,0.3154772811044746,0.3253206251304334,0.6479999856092036,-0.017856917203155576,0.014835361391305923,0.2637762255901519,0.0051396916782897595,0.18857425065801814,1.9235119819641113,3.159634590148926
6.106744289398193,8.493233680725098,-9.497653007507324,0.3176564721451718,0.3318850601571404,0.6529999854974449,-0.017608655307579425,0.024826079607009888,0.2573710838995194,0.005213732954875594,0.18849016646570238,1.897555947303772,3.194243907928467
6.117050647735596,8.496508598327637,-9.496625900268555,0.31996864274049563,0.34324015912747985,0.6429999857209623,-0.017590574754369804,0.0018081719754263759,0.27951690999754203,0.0052254021387194705,0.18835304658896435,3.4011526107788086,3.2266016006469727
6.126545190811157,8.499844551086426,-9.495527267456055,0.32242807385863304,0.3512785070709777,0.6479999856092036,-0.017413148105717452,0.017742564901709557,0.2687467402136512,0.005168382004739014,0.1881277392356634,7.687002182006836,3.146639108657837
6.136773586273193,8.503130912780762,-9.494264602661133,0.32477553971858014,0.3520549929713007,0.6529999854974449,-0.01672997248011501,0.06831765174865723,0.21027041093202054,0.004984765281865311,0.1880327411386135,4.7000274658203125,3.0822997093200684
6.147037982940674,8.506386756896973,-9.492873191833496,0.3268425512070664,0.3540649379924526,0.6579999853856862,-0.015965286913176353,0.07646852731704712,0.1819555626344312,0.004764558049743295,0.1882308564913503,1.801167607307434,3.0195229053497314
6.1567888259887695,8.509567260742188,-9.491515159606934,0.32887142873212877,0.3458477593605816,0.6629999852739275,-0.01521148228880459,0.07538050413131714,0.17244480456288874,0.004555333643689208,0.18841449813517083,1.7732089757919312,2.9381279945373535
6.16703724861145,8.512635231018066,-9.490262985229492,0.3309405640552787,0.33133844927054545,0.6679999851621687,-0.014516174771021883,0.06953074783086777,0.17369418821602842,0.00437790072233768,0.18846546021044452,1.8214788436889648,2.9591848850250244
6.1775736808776855,8.515718460083008,-9.48904037475586,0.3329637262845461,0.3317276487720357,0.67299998505041,-0.013929485159310551,0.05866894870996475,0.1837963710706249,0.004254220639801964,0.18855952326954456,1.9396555423736572,3.111506462097168
6.189387559890747,8.518939971923828,-9.487956047058105,0.33495727130694675,0.3398984669757845,0.6779999849386513,-0.013706629134364209,0.02228560857474804,0.224640108711631,0.004335128333923466,0.18871327424789486,1.9998465776443481,3.2656946182250977
6.200841665267944,8.522212028503418,-9.486856460571289,0.33714180770326413,0.34516848063437006,0.6679999851621687,-0.013566111375769302,0.014051745645701885,0.24523402684903894,0.004379099979376022,0.18871380146589428,2.0501596927642822,3.3521668910980225
6.209109306335449,8.525554656982422,-9.48569393157959,0.3393987227626011,0.3539643075942637,0.6579999853856862,-0.01353067591818977,0.0035435897298157215,0.2623789260143414,0.004390321821010623,0.18870124410399555,2.099473714828491,3.4524471759796143
6.21879768371582,8.528980255126953,-9.484495162963867,0.34173233850293233,0.3628703185829004,0.6479999856092036,-0.013507191730925527,0.0023484183475375175,0.26872554346923694,0.004397442850394118,0.18866973348305469,2.137221336364746,3.5349814891815186
6.229314804077148,8.532486915588379,-9.483263969421387,0.3441500352388001,0.37165473511898395,0.6529999854974449,-0.013491596521996307,0.0015594991855323315,0.2714046834122841,0.004401218598434786,0.18860984502195438,2.181924819946289,3.635861396789551
6.238958120346069,8.536073684692383,-9.481999397277832,0.3466544633826599,0.380327350568514,0.6429999857209623,-0.01348539313391378,0.0006204023957252502,0.2731403510054446,0.004400162915635164,0.18851872664774116,2.223510265350342,3.727142572402954
6.249706983566284,8.539740562438965,-9.480700492858887,0.34924515163229886,0.38899575530826375,0.6479999856092036,-0.01348706181972613,-0.00016689574113115668,0.2744286599221308,0.004394207723513066,0.18839705190064093,2.3639793395996094,3.6575729846954346
6.259927034378052,8.543486595153809,-9.479348182678223,0.35190098886135296,0.39833996119711435,0.637999985832721,-0.01355379788733394,-0.006673634983599186,0.2817486806334115,0.004373354964347209,0.1882707104039904,2.263793468475342,3.7314579486846924
6.269721269607544,8.54731273651123,-9.477869033813477,0.35453930342161716,0.41018038186078787,0.6279999860562384,-0.013836765480015464,-0.028296709060668945,0.30736073682205056,0.004300293953991785,0.18824362375772336,2.3063032627105713,3.8116021156311035
6.278912782669067,8.551214218139648,-9.476354598999023,0.3572454526910887,0.4185575652312073,0.6179999862797558,-0.01412070510422824,-0.028394021093845367,0.31585905785600393,0.004226704189425945,0.18820157810779967,2.3470990657806396,3.8920109272003174
6.288375616073608,8.555191040039062,-9.47480297088623,0.3600237974714522,0.42681718354087356,0.6079999865032732,-0.014408450544076913,-0.02877451293170452,0.3195169443952003,0.00415032347102251,0.18814091012553624,2.370861530303955,3.935840606689453
6.2994911670684814,8.559242248535156,-9.473214149475098,0.3628721087598188,0.43520030821355543,0.6129999863915145,-0.014701603013907766,-0.029315287247300148,0.3218934456049427,0.004071980555005794,0.18806319320189147,2.4218766689300537,4.0540361404418945
6.308981657028198,8.563364028930664,-9.47159194946289,0.36580926078402526,0.4429535567952354,0.602999986615032,-0.01500229636576246,-0.030069388449192047,0.32410014557235495,0.003988027939322514,0.1879468659636881,2.6848816871643066,4.115964889526367
6.318896532058716,8.567547798156738,-9.469925880432129,0.3688310070971689,0.45036309467213326,0.6079999865032732,-0.015266001930854653,-0.02637040801346302,0.32143427012483433,0.003886918522964411,0.1877948520699665,6.670953273773193,4.036644458770752
6.328452825546265,8.571656227111816,-9.468093872070312,0.37187609689949874,0.44984225216315266,0.6129999863915145,-0.01484127694469248,0.042472414672374725,0.24678530876149912,0.0036109953121290506,0.187634074409343,7.987180233001709,3.949773073196411
6.33917236328125,8.575688362121582,-9.46609878540039,0.3746478866660046,0.44988771789146137,0.6179999862797558,-0.01421309705973102,0.06281799077987671,0.20098709040169063,0.0032497999612668416,0.1877503030308884,2.3710708618164062,3.8413987159729004
6.349416017532349,8.579663276672363,-9.464029312133789,0.3771952690346562,0.4480760248877942,0.6229999861679971,-0.013535188708753604,0.06779088079929352,0.1799776612301752,0.0028742171516926707,0.1880776694969702,0.2677687406539917,3.745258092880249
6.358612537384033,8.583483695983887,-9.462186813354492,0.3799520422624162,0.4241784293455102,0.6279999860562384,-0.012935507000157428,0.059968121349811554,0.179899669826207,0.0025580156690132583,0.18804564507735635,2.152937650680542,3.603163003921509
6.368748903274536,8.587159156799316,-9.46039867401123,0.38258348099621253,0.40878173220009545,0.6329999859444797,-0.012339584438078704,0.05959230288863182,0.17831112520974413,0.002257661157072377,0.18803976431058825,2.246859550476074,3.51103138923645
6.378893136978149,8.590771675109863,-9.458536148071289,0.38492164966102205,0.40642299671034327,0.637999985832721,-0.011703215276167238,0.0636368915438652,0.17168878188227016,0.0019577572283662192,0.18830874715570659,2.295746088027954,3.550208568572998
6.388559579849243,8.594502449035645,-9.456817626953125,0.38715552878550996,0.4107759349425676,0.6429999857209623,-0.011599939867610584,0.01032751053571701,0.22560674923308066,0.0018843436816375903,0.18869127593092383,2.295862913131714,3.699615478515625
6.399258375167847,8.598286628723145,-9.45522689819336,0.38958813506349804,0.41053043009136936,0.6479999856092036,-0.011645448448158482,-0.00455088634043932,0.25771226030667843,0.0018992555514203424,0.18886567185395214,2.3472959995269775,3.8619954586029053
6.409070730209351,8.602134704589844,-9.453676223754883,0.39225482734354883,0.4148674387311237,0.6529999854974449,-0.011597112819258786,0.004833657294511795,0.2573973664470035,0.0019242948233519908,0.1888326764591621,2.404287815093994,4.015100955963135
6.41879940032959,8.606061935424805,-9.452153205871582,0.39509664117782417,0.42123176962033,0.6579999853856862,-0.011413289718301736,0.018382295966148376,0.242534840891096,0.0019751385571580293,0.18866101815647196,2.3680849075317383,4.0013508796691895
6.42868709564209,8.61005973815918,-9.450495719909668,0.39799879756175705,0.43279551019599816,0.6479999856092036,-0.011542526732243468,-0.0129237687215209,0.27120168290509683,0.0019462179982556727,0.18851260626733127,5.007666110992432,3.9868409633636475
6.438899993896484,8.614070892333984,-9.448746681213379,0.4010189845647091,0.4375387780733399,0.6529999854974449,-0.011268086681539252,0.027444077655673027,0.23638590977481877,0.0018254910962531845,0.18828752514144953,8.952969551086426,3.897899866104126
6.449188470840454,8.617992401123047,-9.446823120117188,0.40387012884459295,0.4368205681016732,0.6579999853856862,-0.010560827009131104,0.07072588801383972,0.17822674893019386,0.001571733646005713,0.18823865781277271,2.3865647315979004,3.825915575027466
6.459088325500488,8.621862411499023,-9.444785118103027,0.4064449921364327,0.4373755345787593,0.6629999852739275,-0.009776623738979116,0.07842043042182922,0.15037303465949511,0.0012878713121329266,0.18846916966228378,-1.4876375198364258,3.6882431507110596
6.4688286781311035,8.625622749328613,-9.442779541015625,0.40891437121441737,0.4262384379653891,0.6679999851621687,-0.008988965738296927,0.07876574248075485,0.1393540691029583,0.001012408901534645,0.18873318742247042,2.1445541381835938,3.5854532718658447
6.478862524032593,8.629229545593262,-9.44093132019043,0.41145466313694995,0.40524442200961297,0.67299998505041,-0.008246842920314516,0.07421225309371948,0.13855187704928457,0.0007707766936961846,0.18879390833246218,2.157782554626465,3.609398126602173
6.48913311958313,8.632813453674316,-9.439088821411133,0.4139708869847712,0.4029985783559978,0.6779999849386513,-0.007504477691164656,0.07423654198646545,0.13601227465815946,0.0005384372600383269,0.18886362410313068,2.1183204650878906,3.5457026958465576
6.499686241149902,8.636367797851562,-9.437255859375,0.4164673239881618,0.3999482475625361,0.6829999848268926,-0.006753917979572728,0.07505599409341812,0.13209901530546542,0.00031328978405031904,0.18893341656923834,2.2083771228790283,3.6097283363342285
6.508772611618042,8.639952659606934,-9.435515403747559,0.41893827338755174,0.3984702889538545,0.6879999847151339,-0.006247926441871466,0.05059913173317909,0.15513047221000612,0.00019920058719735678,0.18900999013172703,2.264026403427124,3.728750228881836
6.51897668838501,8.64366626739502,-9.433916091918945,0.42149176241065345,0.4043458143962025,0.6929999846033752,-0.006084290468501647,0.016363564878702164,0.19762900067338862,0.00026028356081608806,0.18902151232460251,5.627894401550293,3.695725679397583
6.528781175613403,8.647371292114258,-9.432194709777832,0.4241453841669639,0.4085183464516443,0.6979999844916165,-0.0056285019970439025,0.04557889699935913,0.178339244202726,0.00019724063883264087,0.18897452194663977,9.35343074798584,3.6146562099456787
6.538788080215454,8.650994300842285,-9.430294036865234,0.4266265334041833,0.40910595732124666,0.7029999843798578,-0.004843764825178342,0.07847368717193604,0.13570403633632683,1.7560710465769347e-06,0.18911569175761161,2.298499584197998,3.6312875747680664
6.54918360710144,8.654735565185547,-9.428462982177734,0.42889364523123186,0.4165464544150164,0.7079999842680991,-0.00444849204213207,0.039527297019958496,0.16298755309103363,5.268710167705137e-06,0.18949783431643896,1.814684510231018,3.685570001602173
6.559126615524292,8.658302307128906,-9.426905632019043,0.4315786926553087,0.38926460198175794,0.7129999841563404,-0.004107536535942115,0.03409557417035103,0.17580303272422476,1.7653882871782045e-05,0.1892875923959103,1.9943770170211792,3.561757802963257
6.56943416595459,8.66169261932373,-9.425403594970703,0.434422380930367,0.3708308673953844,0.7179999840445817,-0.003748092888710508,0.035944342613220215,0.17628315657486526,-6.539020187279476e-05,0.18881320185990935,3.522782325744629,3.472907781600952
6.579086542129517,8.664956092834473,-9.423765182495117,0.4371256530250898,0.3652031804333572,0.7229999839328229,-0.003389356132623302,0.03587367385625839,0.17500241871280459,-0.0002833556207315624,0.1884586887556326,7.3994951248168945,3.375267267227173
6.5890796184539795,8.668160438537598,-9.42197036743164,0.43947878517471,0.3672594337164327,0.7279999838210642,-0.002912013989386449,0.04773421958088875,0.1605290498732143,-0.0005510272944226902,0.1884688353654999,3.598031759262085,3.2868552207946777
6.59940505027771,8.671347618103027,-9.420052528381348,0.44147971753535614,0.37195844817742973,0.7329999837093055,-0.002361201072461838,0.055081307888031006,0.146897798202503,-0.0008157941986666195,0.18885521905461417,1.9786466360092163,3.2935147285461426
6.609301805496216,8.674585342407227,-9.41831111907959,0.443541019823407,0.3676975012983413,0.7229999839328229,-0.00225591738418069,0.010528359562158585,0.18938225682076332,-0.0009172930045799887,0.18914364847996235,1.9209598302841187,3.3721671104431152
6.619263172149658,8.677739143371582,-9.416816711425781,0.44591122542964917,0.34900045359991233,0.7129999841563404,-0.0022601827600080776,-0.000426549551775679,0.21349916238981018,-0.0009521429113679147,0.18899969835397162,1.9280762672424316,3.5046651363372803
6.628816843032837,8.680907249450684,-9.415399551391602,0.44852287953046854,0.3470873735339438,0.7029999843798578,-0.0022707652761310014,-0.0010582390241324902,0.22112143040518517,-0.0009799338541653935,0.18860030174027242,1.8896297216415405,3.3616416454315186
6.639286279678345,8.684142112731934,-9.413930892944336,0.45122745160207195,0.3553513818736666,0.6929999846033752,-0.0023630356462847803,-0.009227040223777294,0.23189129200969733,-0.0010291634952086515,0.188162778564334,4.981956481933594,3.318723678588867
6.649645090103149,8.687373161315918,-9.412209510803223,0.4537857157905361,0.36609541914277255,0.6979999844916165,-0.002326070413122957,0.003696521744132042,0.22107902670723195,-0.0012322048791699736,0.1879579175820681,8.775016784667969,3.234712839126587
6.658722400665283,8.690528869628906,-9.410324096679688,0.45601008615499117,0.36758274280866593,0.7029999843798578,-0.002000978657182663,0.03250916674733162,0.18645584041779328,-0.0015047628615838526,0.18809855256639973,3.945415496826172,3.216515302658081
6.668918132781982,8.693811416625977,-9.408395767211914,0.4577691987931284,0.3808029625556247,0.7079999842680991,-0.0017463902289695803,0.025458846241235733,0.18314357740961462,-0.0015894003165051185,0.18876747979936515,1.9823029041290283,3.2122976779937744
6.679036855697632,8.69718074798584,-9.406518936157227,0.4596878400812148,0.38578412543370383,0.6979999844916165,-0.002036876518602965,-0.029048623517155647,0.2405501465266267,-0.001618313999723009,0.18930597234947583,2.0099947452545166,3.3850455284118652
6.6891515254974365,8.70044231414795,-9.404754638671875,0.4620817711991692,0.370769727619162,0.6879999847151339,-0.0021668703169305335,-0.012999378144741058,0.24110825905225025,-0.0017536692415489608,0.18928907409670573,2.065800666809082,3.515235424041748
6.6995062828063965,8.703771591186523,-9.40311336517334,0.4645910080101989,0.3711765452648801,0.6779999849386513,-0.0022440090476718608,-0.007713878061622381,0.23582499963173006,-0.0017754570818475646,0.18914709123394557,2.1382203102111816,3.6586568355560303
6.7089526653289795,8.70718002319336,-9.40149211883545,0.4672359840276212,0.377438662087153,0.6829999848268926,-0.00217241063232787,0.007159831002354622,0.2182784838005947,-0.0017644877282307903,0.18890464484188957,2.108182907104492,3.6169252395629883
6.719208002090454,8.710654258728027,-9.399755477905273,0.4699152402215518,0.3884756586136303,0.67299998505041,-0.0023338616258518664,-0.016145098954439163,0.23776605439719528,-0.0018057835894857988,0.18870453829948924,2.1526601314544678,3.697192668914795
6.72889256477356,8.71419620513916,-9.397913932800293,0.47262414091960336,0.39923548560268446,0.6629999852739275,-0.002586823654625373,-0.025296177715063095,0.25374296640814836,-0.0018876262230773655,0.1885483662324823,6.452709197998047,3.6115975379943848
6.738967657089233,8.717683792114258,-9.395928382873535,0.47529766163806453,0.40132907595160217,0.6679999851621687,-0.0022336841543326045,0.03531394526362419,0.19360733710287775,-0.0020959667014057715,0.18845394481916733,9.850659370422363,3.5288169384002686
6.750098943710327,8.724685668945312,-9.391708374023438,0.47972628552981067,0.4137959810982552,0.6734999851323664,-0.001772451956790999,-0.0017400095239281654,0.2134236129900034,-0.002390052741409354,0.18925887424437293,2.0477793216705322,3.5579731464385986
6.759236812591553,8.724685668945312,-9.391708374023438,0.47972628552981067,0.4137959810982552,0.6779999849386513,-0.001772451956790999,-0.0017400095239281654,0.21937407897956462,-0.002390052741409354,0.18925887424437293,2.0076324939727783,3.567429780960083
6.768659353256226,8.728070259094238,-9.389898300170898,0.4823089418589171,0.3838834876500473,0.6829999848268926,-0.0016561355912309557,0.011631644330918789,0.20658452883231748,-0.002467212236189509,0.18913151730011918,1.7860381603240967,3.42261004447937
6.778836011886597,8.731334686279297,-9.38827896118164,0.4851645488879484,0.3643954793363077,0.6879999847151339,-0.0015219445047638712,0.013419104740023613,0.20002109909271315,-0.002541484134070515,0.18860653937448799,3.85066819190979,3.332225799560547
6.7889649868011475,8.73452091217041,-9.38652515411377,0.4878053025724302,0.36374344679659437,0.6929999846033752,-0.0011522723598849634,0.0369672030210495,0.17189609513187828,-0.0026980468917430223,0.1883020565439823,7.6111249923706055,3.248964548110962
6.79909873008728,8.737642288208008,-9.384617805480957,0.4900782424912065,0.36580565744041305,0.6979999844916165,-0.0006923956435882772,0.045987676829099655,0.15252265466399026,-0.002898128209406936,0.18838034311412072,3.5300562381744385,3.188335657119751
6.809183597564697,8.740711212158203,-9.382576942443848,0.4920380601377798,0.36861452569897457,0.7029999843798578,-0.00015451603292195512,0.053787961602211,0.13702482436567195,-0.003134164728420874,0.18878744751623794,1.8608083724975586,3.0796263217926025
6.819387912750244,8.743705749511719,-9.380599975585938,0.493987597003112,0.3588751036185621,0.7079999842680991,0.00037637157118693533,0.05308875814080238,0.13159233804836606,-0.003355841935284154,0.18914305161473624,1.7943341732025146,3.0934195518493652
6.82937216758728,8.746655464172363,-9.378904342651367,0.4961982467403026,0.3401832004895003,0.7129999841563404,0.0006694540375008434,0.029308246448636055,0.15393586873239898,-0.0034567514149899115,0.18911342593914252,3.9491236209869385,3.0179250240325928
6.8396384716033936,8.749540328979492,-9.377142906188965,0.49833540992046116,0.3380677615387793,0.7179999840445817,0.0011210887359953943,0.04516346752643585,0.1425471436832872,-0.003620700598647275,0.1891488177822554,2.059561014175415,3.052548408508301
6.849181652069092,8.752524375915527,-9.37533187866211,0.5001129348253548,0.34898660284154465,0.7229999839328229,0.0014607631074207794,0.03396744281053543,0.1502342020388387,-0.0036465595935539774,0.18959841651766596,2.1184282302856445,3.2176153659820557
6.858545780181885,8.755678176879883,-9.3735933303833,0.5019496327787571,0.36022455385305263,0.7279999838210642,0.001737824572055825,0.027706149965524673,0.15881747399926988,-0.003517992922088986,0.19004332974964788,2.177589178085327,3.389631748199463
6.868832349777222,8.758923530578613,-9.371879577636719,0.5039875889047457,0.36704579051840064,0.7329999837093055,0.002153237222321094,0.041541244834661484,0.14608908121632652,-0.003362961537843656,0.1903272706301471,2.1681876182556152,3.4332218170166016
6.878743886947632,8.762249946594238,-9.370111465454102,0.5061693903376914,0.37673255257817573,0.7379999835975468,0.002482978565570624,0.03297414258122444,0.15064833939573194,-0.0032316128484921602,0.19053203706662614,2.1987521648406982,3.5392305850982666
6.888922691345215,8.76564884185791,-9.368253707885742,0.5084566304441628,0.3873791029054695,0.7429999834857881,0.0026675581536656245,0.018457965925335884,0.16697198334117858,-0.0031444741143940025,0.1907047034995386,2.2278778553009033,3.6452085971832275
6.899582386016846,8.76912784576416,-9.366347312927246,0.5108807958967024,0.39670155044436156,0.7329999837093055,0.0028068081992996693,0.013925012201070786,0.17639406746839909,-0.0030737464225849553,0.19080204907830536,2.259514331817627,3.749610424041748
6.909144163131714,8.772686004638672,-9.364391326904297,0.5134355001399905,0.40602909753552374,0.7229999839328229,0.0029069766600311638,0.010016847401857376,0.18313179073277566,-0.0030182003763707943,0.1908300641063596,2.2927329540252686,3.852825403213501
6.918879270553589,8.776323318481445,-9.362385749816895,0.5161148867274498,0.4153420794743573,0.7279999838210642,0.0029738956166085644,0.006691886577755213,0.18848464797269932,-0.0029754050939967414,0.1907942940548797,2.3250739574432373,3.9560539722442627
6.928766489028931,8.780037879943848,-9.360329627990723,0.5189198573943585,0.4245719213474229,0.7179999840445817,0.003007820694360974,0.0033924991730600595,0.19342468831034038,-0.0029468722313139573,0.1906932419172872,2.3569319248199463,4.059025764465332
6.9390950202941895,8.783828735351562,-9.358223915100098,0.5218512484156846,0.4337199981683849,0.7079999842680991,0.003009183467234945,0.0001362804468953982,0.19822359449915172,-0.0029320222116455685,0.19052515035222994,2.388383626937866,4.162229061126709
6.948934555053711,8.787697792053223,-9.356066703796387,0.524904427816343,0.44297097885711073,0.7129999841563404,0.0029810487625181446,-0.0028134628664702177,0.20268476804012212,-0.0029289497509012996,0.1902960541718528,2.418520927429199,4.26497220993042
6.958784818649292,8.791638374328613,-9.353860855102539,0.5280926996465777,0.4517297268863444,0.7029999843798578,0.002917984645987711,-0.00630641495808959,0.20763781309686313,-0.0029430451981808936,0.18998867063941538,3.7182486057281494,4.389920711517334
6.969192028045654,8.795629501342773,-9.351600646972656,0.5313740288760023,0.4586752513735747,0.7079999842680991,0.002921594142924372,0.0003609415143728256,0.2018238919915746,-0.002979353378796068,0.1896359205610223,2.6220829486846924,4.4461750984191895
6.979703426361084,8.799640655517578,-9.349287033081055,0.5344539284849905,0.4630617135737445,0.7129999841563404,0.002962161866834688,0.004056783393025398,0.19600167833438537,-0.002969980311248177,0.18950714404907065,2.5121569633483887,4.499569416046143
6.988620281219482,8.803654670715332,-9.346941947937012,0.5376909556131222,0.4648920401108856,0.7029999843798578,0.002828931335731281,-0.013323059305548668,0.2126307795975449,-0.0030151539014506845,0.18923941993754279,4.680081844329834,4.452733039855957
6.9986891746521,8.807612419128418,-9.344534873962402,0.5410933854506106,0.4632824930382038,0.7079999842680991,0.0029376784300601936,0.010874716565012932,0.19140763391248522,-0.003179300288870701,0.18880996261943492,8.513216018676758,4.351450443267822
7.008814334869385,8.811483383178711,-9.341971397399902,0.5441903085736978,0.46427369443032634,0.7129999841563404,0.003359560289663069,0.04218818619847298,0.15062521231024206,-0.003414270481825854,0.18869883917962726,2.5532326698303223,4.279363632202148
7.019099950790405,8.815357208251953,-9.339349746704102,0.5470571752717514,0.46773329364257393,0.7179999840445817,0.0035720033180953507,0.02124430052936077,0.1596537521752173,-0.003608959956027169,0.18883453423534557,1.6645820140838623,4.220417499542236
7.028841733932495,8.819150924682617,-9.336990356445312,0.5502206157075558,0.44679103421223276,0.7229999839328229,0.0034792011707468,-0.009280208498239517,0.1942696598360109,-0.003737183893382845,0.18853556019491724,2.1213738918304443,3.9824941158294678
7.038768768310547,8.822807312011719,-9.334750175476074,0.5535414195462913,0.4288124232017379,0.7279999838210642,0.00354062814767886,0.0061426893807947636,0.18765564327632744,-0.0039041071509120506,0.18796945061736814,4.068656921386719,3.8888866901397705
7.049128770828247,8.826361656188965,-9.332375526428223,0.5565208336101741,0.4275735851894239,0.7329999837093055,0.003754220237129682,0.021359214559197426,0.16866387341912337,-0.0041269629270890285,0.18774132898620813,7.693737983703613,3.799583673477173
7.0589704513549805,8.829833030700684,-9.329846382141113,0.559095171407549,0.4294315162683595,0.7379999835975468,0.004056526754310487,0.030230658128857613,0.1526254418577653,-0.004388581493882215,0.18793081510122334,4.01470422744751,3.730633020401001
7.068983316421509,8.833229064941406,-9.327178001403809,0.5613233724447131,0.4319975143930479,0.7429999834857881,0.004430702081091174,0.03741750121116638,0.13924690673550508,-0.0046896197197598966,0.18847883317465264,2.1951959133148193,3.6274499893188477
7.078765153884888,8.836581230163574,-9.324624061584473,0.5636173274182587,0.42138091783343634,0.7479999833740294,0.004769098070103038,0.0338396281003952,0.13799847314181335,-0.004944463951871425,0.1888944142087261,2.1853559017181396,3.6547441482543945
7.088594198226929,8.839912414550781,-9.322365760803223,0.5661443419371662,0.40245819698532254,0.7529999832622707,0.00482408161275019,0.0054983533918857574,0.1670746153292914,-0.005055672628490049,0.1889484211493514,2.179316282272339,3.7761290073394775
7.098740816116333,8.843290328979492,-9.320231437683105,0.568848244912626,0.3996135456008838,0.7429999834857881,0.004715836153546115,-0.010824579745531082,0.19307536629255356,-0.0050865650362035275,0.18879881481860783,6.042173385620117,3.6503708362579346
7.108468532562256,8.846620559692383,-9.317971229553223,0.571534985882207,0.402480067747931,0.7479999833740294,0.004907415519355919,0.019157985225319862,0.16861319320560222,-0.005226496129188796,0.18869722087219964,9.499377250671387,3.568373918533325
7.1188578605651855,8.84986400604248,-9.315543174743652,0.573869642124594,0.40520020743885615,0.7529999832622707,0.005250848411796664,0.03434326872229576,0.14430504755674345,-0.00543372955778576,0.18896777273223464,2.23540997505188,3.576838970184326
7.128795146942139,8.853245735168457,-9.313149452209473,0.5760197681509788,0.4143875625077751,0.7429999834857881,0.005194683285446849,-0.005616534501314163,0.17945535943150853,-0.0054555116656871405,0.18946358911812056,1.7506684064865112,3.6059999465942383
7.138819217681885,8.856475830078125,-9.311022758483887,0.5786071161665635,0.38671544374155614,0.7329999837093055,0.005236934641039276,0.004225148353725672,0.17931654923197576,-0.0055084882685643155,0.18935214598556216,1.8446849584579468,3.4356331825256348
7.150915622711182,8.862608909606934,-9.306968688964844,0.5839466105703521,0.36791111236477236,0.7384999836795032,0.0056549031498342225,0.029105661436915398,0.15122276973683627,-0.005720497478559627,0.18873282314081352,4.0851969718933105,3.3394014835357666
7.160736083984375,8.862608909606934,-9.306968688964844,0.5839466105703521,0.36791111236477236,0.7429999834857881,0.0056549031498342225,0.029105661436915398,0.14277682294413924,-0.005720497478559627,0.18873282314081352,7.514827251434326,3.2675914764404297
7.170517206192017,8.865556716918945,-9.304718017578125,0.5860740840621187,0.37093453866749937,0.7479999833740294,0.006030639783340131,0.03757369890809059,0.13025864364597886,-0.005896843190598355,0.18898971966917255,2.1464433670043945,3.1635475158691406
7.181223154067993,8.868539810180664,-9.302386283874512,0.5878731344185333,0.3786156413088708,0.7529999832622707,0.006322295479763909,0.02916555665433407,0.1348306572944254,-0.006000638111379075,0.18961452888425523,1.9308955669403076,3.240630626678467
7.19072151184082,8.871520042419434,-9.300264358520508,0.5899618861799937,0.3658271021207652,0.757999983150512,0.006372181616295025,0.004988596774637699,0.16152498796439038,-0.006033434784257663,0.18986580457048052,1.872028112411499,3.3284835815429688
7.200826168060303,8.874434471130371,-9.298384666442871,0.5923865763273424,0.34682184601414123,0.7479999833740294,0.006412075484692957,0.003989413846284151,0.1702461768808982,-0.006031251718937369,0.18965596124082376,2.954425573348999,3.2509701251983643
7.210488319396973,8.877348899841309,-9.29651927947998,0.5949999205741342,0.3460385262295501,0.7529999832622707,0.00656598626903133,0.015391025692224503,0.16011231512002175,-0.00606704362392918,0.18925670507010028,7.0699286460876465,3.172239065170288
7.220741271972656,8.88019847869873,-9.294475555419922,0.5972979798050962,0.35060874418465465,0.757999983150512,0.006904332907816154,0.033834703266620636,0.13658890936272725,-0.006174382250128563,0.18921087480652443,9.01112174987793,3.1005594730377197
7.230831623077393,8.882980346679688,-9.292282104492188,0.5992245426906482,0.35435365645505673,0.7629999830387533,0.0073342892181121975,0.042995601892471313,0.11876824247298753,-0.006318035015859369,0.1895594084677773,1.5555734634399414,3.1303629875183105
7.2407426834106445,8.885886192321777,-9.290111541748047,0.6010306172095888,0.36279116249829746,0.7679999829269946,0.007444225059664804,0.0109935961663723,0.1470782572208203,-0.006313899290709912,0.1900683432371746,1.7199000120162964,3.1584441661834717
7.250847339630127,8.888628005981445,-9.288219451904297,0.6033409142719941,0.3330982398001584,0.7729999828152359,0.007704757710221852,0.0260532945394516,0.1387154855177896,-0.006371508156524097,0.18989364108458673,1.6006157398223877,2.963993787765503
7.260815143585205,8.891283988952637,-9.286491394042969,0.6058241166211695,0.31686938547365984,0.7779999827034771,0.007960422906847172,0.025566505268216133,0.13554497868662727,-0.006419554625819002,0.1894401175634578,3.692617416381836,2.9002585411071777
7.270930290222168,8.893875122070312,-9.28464412689209,0.6079624799157138,0.31821716850575843,0.7829999825917184,0.008292315438092876,0.03318924084305763,0.12548393570512084,-0.006489464336731032,0.1893432916267649,7.348665237426758,2.8268449306488037
7.281203031539917,8.896397590637207,-9.28264331817627,0.6097376891155009,0.3220483576675618,0.7879999824799597,0.008704483343817232,0.04121674597263336,0.1129334066558024,-0.006602265945791386,0.1896351086028527,1.926327109336853,2.804677724838257
7.291058540344238,8.899025917053223,-9.280584335327148,0.6112051768309785,0.33388166962954136,0.792999982368201,0.00898800020930173,0.028351763263344765,0.12237811065053035,-0.006582208372414522,0.19029584532546961,1.605878233909607,2.9198966026306152
7.300844430923462,8.901623725891113,-9.27865982055664,0.6131234062287265,0.32325116751343824,0.7829999825917184,0.00913905524899711,0.01510548684746027,0.13869387127623822,-0.0066164599408529146,0.19044742199052087,1.6618373394012451,3.0169990062713623
7.311096429824829,8.904183387756348,-9.276970863342285,0.615375485483428,0.30674982752705204,0.7729999828152359,0.009324167087893404,0.018511183559894562,0.1392104439680782,-0.006606786322385538,0.1901532352308486,3.369007110595703,2.920069932937622
7.321277618408203,8.906760215759277,-9.275266647338867,0.6177368355772381,0.30898209837110135,0.7779999827034771,0.00955590445106253,0.023173749446868896,0.13350683785147008,-0.006621632812407352,0.18976705779283168,7.454353332519531,2.8402013778686523
7.330713987350464,8.909289360046387,-9.273392677307129,0.6197199044328783,0.31471186526866207,0.7829999825917184,0.009935752864023551,0.037984829396009445,0.11513014289614083,-0.006670757720059317,0.1898012203602282,6.6996941566467285,2.780092477798462
7.34075140953064,8.91180419921875,-9.271387100219727,0.6213429541877971,0.32166241308543414,0.7879999824799597,0.010370523375745204,0.04347700625658035,0.10287944799174494,-0.006708532768442188,0.1902357216369758,1.708426594734192,2.836174249649048
7.350922107696533,8.914462089538574,-9.269392967224121,0.6230366638176548,0.3324137507737123,0.7779999827034771,0.010449401580085886,0.007887864485383034,0.1367202063494241,-0.006648695959677431,0.19065813215773486,1.6250019073486328,2.9866323471069336
7.360474348068237,8.916985511779785,-9.267602920532227,0.6252445719797247,0.309368862403045,0.7829999825917184,0.010829891241621507,0.038048915565013885,0.1138109661889802,-0.006691409676104598,0.19043288896419552,1.5638808012008667,2.8607091903686523
7.371089458465576,8.9194974899292,-9.265934944152832,0.6275822775686658,0.3015489255039102,0.7879999824799597,0.011105527548702194,0.02756366692483425,0.11682128278073886,-0.006691235798101269,0.1900208587076836,4.097114086151123,2.8806560039520264
7.3818230628967285,8.921950340270996,-9.264118194580078,0.6295607694074431,0.30531039247440334,0.792999982368201,0.011320027035371555,0.021449968218803406,0.12345997435092919,-0.006724396047585568,0.1899971754110913,1.9066736698150635,2.852713108062744
7.39096999168396,8.9244384765625,-9.262178421020508,0.631220923497326,0.3154987514612565,0.7979999822564423,0.011543475067387631,0.022344792261719704,0.12414021196145017,-0.006715866443906204,0.19035147105882044,1.7301130294799805,2.9269509315490723
7.401177883148193,8.926994323730469,-9.26026725769043,0.6330361684494005,0.3193045279052042,0.7879999824799597,0.011562591242678756,0.0019115934846922755,0.1459185998388945,-0.006677598289645648,0.1905713776299307,1.7367596626281738,3.0615663528442383
7.410643815994263,8.929535865783691,-9.258386611938477,0.63516881236028,0.31617655078658574,0.7779999827034771,0.011409317651340775,-0.015327366068959236,0.17080973489658696,-0.0067162355939192064,0.19046432811263247,1.8423157930374146,3.2233619689941406
7.420485496520996,8.932161331176758,-9.2565279006958,0.6374158682526778,0.32171421369535325,0.7679999829269946,0.011462449547160585,0.005313201807439327,0.15631285942542622,-0.006705661816432507,0.1902716922169405,1.9428026676177979,3.3739845752716064
7.430835008621216,8.934883117675781,-9.254666328430176,0.6397349213596566,0.3297371915776253,0.7729999828152359,0.011705567133918605,0.024311700835824013,0.13124491081653242,-0.006640731519921728,0.19005078424559432,1.9405533075332642,3.3313379287719727
7.440502405166626,8.937653541564941,-9.252631187438965,0.6420150219872472,0.34376056101391417,0.7629999830387533,0.011692417756000528,-0.0013148761354386806,0.15062027124618135,-0.00663855510267819,0.189967351694035,2.0101287364959717,3.4209909439086914
7.450815439224243,8.940503120422363,-9.250532150268555,0.6443279154483823,0.35391625288271034,0.7679999829269946,0.011718634393932099,0.002621633466333151,0.15220083825546632,-0.006622936830507076,0.18991439148436529,2.076216220855713,3.512524127960205
7.461042881011963,8.94343090057373,-9.248368263244629,0.6466802660693455,0.3640627673572244,0.7729999828152359,0.011777396291826297,0.005876239854842424,0.14909674351488014,-0.0065965130592833265,0.1898854279418332,2.102243185043335,3.443148612976074
7.4708411693573,8.946409225463867,-9.246050834655762,0.6489738532376618,0.3773676768362104,0.7629999830387533,0.011646602071187156,-0.013079371303319931,0.1685064345294825,-0.006609496696858841,0.1900049099397696,2.167085886001587,3.5234193801879883
7.4809277057647705,8.949457168579102,-9.243659973144531,0.6512810609751073,0.38739117508704607,0.7529999832622707,0.011527653550952472,-0.011894900351762772,0.17352332903818263,-0.006614545469615374,0.19017378705732457,2.228907823562622,3.6042025089263916
7.490865230560303,8.952576637268066,-9.241206169128418,0.6536175089906416,0.39689771766547266,0.7429999834857881,0.011439756472896441,-0.00878970604389906,0.17215278373464596,-0.0066071207342848215,0.19037283066455035,2.2893433570861816,3.685028076171875
7.501262903213501,8.955765724182129,-9.238689422607422,0.6559859494304104,0.40633704544011784,0.7479999833740294,0.011381153856150272,-0.005860222037881613,0.16899953672273765,-0.006588750050535719,0.19059850956566837,2.3465023040771484,3.766577959060669
7.511162757873535,8.959025382995605,-9.236109733581543,0.6583931496255084,0.415649618625321,0.7529999832622707,0.011346918587281441,-0.003423570189625025,0.16578637466670124,-0.006559992886883803,0.19084461116300977,2.4013209342956543,3.848445177078247
7.521177053451538,8.962352752685547,-9.233469009399414,0.6608441678353102,0.42483890024801774,0.757999983150512,0.011333404066163622,-0.001351450104266405,0.16289860880444523,-0.006522497311585607,0.19110408443633742,2.4554531574249268,3.9346773624420166
7.531018257141113,8.96574878692627,-9.230765342712402,0.6633403968016411,0.4340739935478501,0.7479999833740294,0.011340536629776543,0.0007132447208277881,0.16007708442812424,-0.006476478879661407,0.19137679165812915,2.5040359497070312,4.01364803314209
7.541064023971558,8.969209671020508,-9.228002548217773,0.6658944288944506,0.44287293132661487,0.7529999832622707,0.011358426934538994,0.0017890132730826735,0.15828596765627018,-0.00642527565800588,0.19164712209712265,2.5525035858154297,4.096283912658691
7.551207780838013,8.972735404968262,-9.225178718566895,0.6685055686471316,0.4517335045198702,0.757999983150512,0.011388129627866558,0.0029702784959226847,0.15666453298375427,-0.006369198066926929,0.1919165588287457,2.599074363708496,4.17916202545166
7.560691833496094,8.976325035095215,-9.222295761108398,0.671177559926732,0.46049311148957167,0.7629999830387533,0.011427273395757012,0.003914366476237774,0.15531712914164264,-0.006308079280105128,0.19218010025775822,2.644181966781616,4.2623515129089355
7.570923328399658,8.97997760772705,-9.21934986114502,0.6739117806082003,0.4691953096739633,0.7679999829269946,0.011469108590302323,0.004183560144156218,0.1547504083591496,-0.006244772296037926,0.1924377526024307,2.687087297439575,4.34578800201416
7.580974102020264,8.983692169189453,-9.216347694396973,0.6767173902085141,0.4776649343186015,0.757999983150512,0.011522348538761726,0.0053240275010466576,0.15346107771362075,-0.006177611161199303,0.19267701109938962,2.7284131050109863,4.429444313049316
7.59057354927063,8.987468719482422,-9.213286399841309,0.6795949721111887,0.48613075614122114,0.7629999830387533,0.011578394463212745,0.005604477599263191,0.15283976395307844,-0.006107862470515313,0.19289857375298836,2.7682111263275146,4.513330459594727
7.601171016693115,8.991304397583008,-9.210165977478027,0.6825467983691685,0.49452650579805724,0.7679999829269946,0.011636218661956174,0.005782491527497768,0.1525061043063991,-0.006037615504995042,0.19309899056616375,2.806993246078491,4.597348213195801
7.610642194747925,8.995200157165527,-9.206986427307129,0.685576707909866,0.5028064800509264,0.757999983150512,0.011693647741088387,0.005742837209254503,0.15247098531833267,-0.0059664947298945226,0.19327483978158322,2.8440396785736084,4.681704044342041
7.62083101272583,8.999153137207031,-9.20374870300293,0.6886878722066857,0.5110047810330628,0.7629999830387533,0.011749091565461263,0.00554446829482913,0.15267504471237167,-0.005896247679390898,0.19342134816946954,2.8795416355133057,4.766409873962402
7.63084864616394,9.00316333770752,-9.200451850891113,0.6918833447154512,0.5191166660545808,0.7679999829269946,0.011801024292978848,0.005193284247070551,0.15309595820186095,-0.005827601639166291,0.1935359254497443,2.9138073921203613,4.851374626159668
7.640956163406372,9.00722885131836,-9.197096824645996,0.6951665066921017,0.5271429876998873,0.757999983150512,0.011847861045732887,0.0046836682595312595,0.1537330076089076,-0.005761638074691877,0.19361398079921677,2.947201728820801,4.936283588409424
7.651196479797363,9.011351585388184,-9.193687438964844,0.6985426787579174,0.5349873145640637,0.7629999830387533,0.011900146920680484,0.005228547379374504,0.15328163792536395,-0.005695259614274084,0.19364915995124973,2.9803435802459717,5.021182060241699
7.66081166267395,9.01552677154541,-9.190215110778809,0.7020047169893795,0.5430042180029166,0.7679999829269946,0.011936007885509085,0.003586068283766508,0.1548161384528264,-0.005634673854032934,0.19365053418194855,3.0123281478881836,5.1064887046813965
7.670877933502197,9.019754409790039,-9.186684608459473,0.7055589762969671,0.5508196808432207,0.757999983150512,0.011966771460016618,0.0030763959512114525,0.15573618493533253,-0.005577959929408793,0.19360954201266523,3.0470495223999023,5.200608253479004
7.68122935295105,9.024030685424805,-9.183094024658203,0.7092087715424615,0.5583962191407996,0.7629999830387533,0.01197994207022771,0.0013170740567147732,0.15779081748115192,-0.0055294745730873895,0.1935223233562091,3.0724565982818604,5.278504371643066
7.69070029258728,9.028361320495605,-9.179447174072266,0.7129570243727827,0.5662335704265319,0.7529999832622707,0.011997760452585451,0.0017817923799157143,0.1578019573656182,-0.005482425764058441,0.19338628990990336,3.1017463207244873,5.36492919921875
7.701066255569458,9.032743453979492,-9.175742149353027,0.716805423616105,0.5738311160943941,0.757999983150512,0.012007729891923325,0.000996974646113813,0.1584925464114768,-0.005439930214088617,0.19319950044530643,3.1296894550323486,5.451969623565674
7.711200714111328,9.0371732711792,-9.171977996826172,0.7207568159902654,0.581372271292056,0.7629999830387533,0.012008951516774086,0.00012215097376611084,0.1594583508834512,-0.005405613257489783,0.19295808141969795,3.160100221633911,5.535391330718994
7.7214155197143555,9.041653633117676,-9.168157577514648,0.7248096013410773,0.588861139086289,0.7529999832622707,0.01201104595316198,0.00020951233454979956,0.15945293151993872,-0.005374186336181808,0.1926631157461025,3.1979801654815674,5.751570224761963
7.731442451477051,9.046092987060547,-9.16428279876709,0.7290203399026488,0.5892162044752061,0.7429999834857881,0.011765110324553935,-0.02459355629980564,0.18577168194021043,-0.005433251922501325,0.19222423693142432,3.2552735805511475,5.788827896118164
7.740752696990967,9.050553321838379,-9.160358428955078,0.7332227176258712,0.5941443632972437,0.7329999837093055,0.011584379442751137,-0.018073150888085365,0.18696492001017836,-0.005481292169587926,0.19182312989983052,3.3080947399139404,5.846128463745117
7.751377582550049,9.055039405822754,-9.156352043151855,0.7374125203162407,0.601510761295236,0.7229999839328229,0.01138802295090656,-0.019635623320937157,0.1891966586462101,-0.005532099797828982,0.19148193003288827,3.3591408729553223,5.907409191131592
7.760985612869263,9.059566497802734,-9.152289390563965,0.741614393342792,0.6082514261867417,0.7279999838210642,0.011251425456026445,-0.013659806922078133,0.18369678052036864,-0.005564439629032192,0.1911697052645701,3.335003137588501,5.704267978668213
7.77122688293457,9.064108848571777,-9.148109436035156,0.745780892629085,0.617295152023492,0.7179999840445817,0.010991162309039076,-0.026026243343949318,0.19553111516306845,-0.005620465853532819,0.19095337059643824,3.383462429046631,5.759012222290039
7.781358957290649,9.068647384643555,-9.143774032592773,0.7498652137781,0.627653862890939,0.7079999842680991,0.010530590469539861,-0.04605717211961746,0.2212370957198468,-0.005723088674573162,0.19089066287200585,3.428040027618408,5.814014911651611
7.790809392929077,9.073219299316406,-9.139387130737305,0.7539743048735826,0.6336248475432009,0.6979999844916165,0.010112929388527411,-0.0417662188410759,0.22546193710887166,-0.005811313104631344,0.19083988802511864,3.4706292152404785,5.8716206550598145
7.801051378250122,9.077828407287598,-9.134943008422852,0.7581011220325204,0.6402133930963932,0.6879999847151339,0.009745382934848263,-0.03675461187958717,0.22238257301619263,-0.00588258715351242,0.19081205143049096,3.4923462867736816,5.928041458129883
7.810520172119141,9.082465171813965,-9.130450248718262,0.7622783315766026,0.6457261398718086,0.6929999846033752,0.00940052031788023,-0.034486282616853714,0.2199218926747416,-0.005948535021960577,0.1907676955211265,3.4945976734161377,5.982949733734131
7.821141481399536,9.087122917175293,-9.125916481018066,0.7665415564153166,0.6499408601019653,0.6979999844916165,0.009046334716288084,-0.0354185551404953,0.22098592240480258,-0.006020064057840502,0.1906660548673097,3.477440595626831,6.042641639709473
7.831201553344727,9.091788291931152,-9.121344566345215,0.7709124765058306,0.6532498406580245,0.6879999847151339,0.008643982762992369,-0.04023510962724686,0.22723907070709515,-0.0061123436303676115,0.1904798672113525,3.4650492668151855,6.076807498931885
7.840652227401733,9.096466064453125,-9.116743087768555,0.7754055383718594,0.6561692734980221,0.6779999849386513,0.008215753030691457,-0.04282306879758835,0.23269463509224256,-0.00622042247926613,0.1901924485979286,3.4701385498046875,6.147934913635254
7.850780963897705,9.101156234741211,-9.112112998962402,0.7800210842756349,0.6590750830471374,0.6829999848268926,0.0077660295492514705,-0.044972311705350876,0.23742490950929857,-0.00634351517633025,0.1898028701479948,3.6147191524505615,6.17250919342041
7.8607165813446045,9.105850219726562,-9.10744571685791,0.7847440199154199,0.6620518073081736,0.6879999847151339,0.007431587116851042,-0.03344422206282616,0.22717152759856094,-0.006488761466127091,0.18932700130268054,5.8833723068237305,6.050831317901611
7.871082305908203,9.110464096069336,-9.10269546508789,0.7892004797405452,0.662217326097548,0.6929999846033752,0.007877645482700054,0.04460583254694939,0.14056195361911183,-0.006640814291189345,0.1891198806781954,6.621016979217529,5.9551239013671875
7.881015300750732,9.114954948425293,-9.097829818725586,0.7932768987574513,0.662166773658122,0.6979999844916165,0.008420095100670807,0.054244983941316605,0.10284321085575159,-0.006819633740041242,0.18929382187400465,2.168952226638794,5.833151817321777
7.89075231552124,9.11933422088623,-9.092925071716309,0.7970868044502734,0.6575747561002859,0.7029999843798578,0.009002128978163151,0.05820334702730179,0.08578805297037266,-0.007006748811957619,0.18970448265692352,1.254944086074829,5.694974422454834
7.902084827423096,9.123627662658691,-9.088289260864258,0.8010722800543941,0.6318219201575354,0.7079999842680991,0.00957342020230282,0.05712915584445,0.07999781818858615,-0.0071424905805683725,0.18977328551269945,3.317052125930786,5.538538932800293
7.911181688308716,9.127793312072754,-9.083759307861328,0.8049229820143731,0.6153709814083412,0.7129999841563404,0.01015698043166391,0.058355994522571564,0.07519441546591159,-0.007262780918528167,0.18987032132784776,3.400458574295044,5.531357765197754
7.921289443969727,9.131966590881348,-9.0792818069458,0.8085883465433045,0.6121476784823149,0.7179999840445817,0.010520882887487995,0.03639029338955879,0.09591856470710967,-0.007269691118335864,0.19011879785734997,3.446403741836548,5.685270309448242
7.93079400062561,9.136262893676758,-9.074865341186523,0.8123619340397853,0.6160758704099936,0.7229999839328229,0.010777598691881461,0.025671571493148804,0.11288112920242047,-0.007148323708466631,0.1902696603381172,3.3459396362304688,5.772192001342773
7.9407384395599365,9.140575408935547,-9.070463180541992,0.8164089631678808,0.6163171025430393,0.7279999838210642,0.0109767981872999,0.019919969141483307,0.12342270326833903,-0.007062455029390957,0.19015138589345248,5.438004493713379,5.638322830200195
7.950943470001221,9.144784927368164,-9.065969467163086,0.8204500467804561,0.615721285646587,0.7329999837093055,0.011576945458699486,0.060014642775058746,0.08266552621039727,-0.007087101212027269,0.19004965815575714,8.802042007446289,5.544274806976318
7.960827112197876,9.148886680603027,-9.061354637145996,0.8241010060142401,0.6174262264227787,0.7379999835975468,0.012259673887092582,0.0682729110121727,0.05998355975981723,-0.0071285173137207725,0.19035005173293384,3.3097658157348633,5.643168926239014
7.970917701721191,9.153027534484863,-9.056746482849121,0.8277453763609053,0.6197558415931591,0.7429999834857881,0.012180657073759722,-0.007901675999164581,0.1335901820324182,-0.00710710559303096,0.1906637924365544,3.24228835105896,5.636524200439453
7.981048583984375,9.157024383544922,-9.05244255065918,0.8317461244414845,0.5873601301585181,0.7479999833740294,0.012060730208201373,-0.011992723681032658,0.1599708385362015,-0.007130731715341065,0.19042114850519498,3.0405166149139404,5.691216945648193
7.990701198577881,9.16092300415039,-9.048389434814453,0.8360293931612225,0.5624114804181795,0.7529999832622707,0.011998598647226235,-0.006213149055838585,0.16135117717175657,-0.007170001710104401,0.18973650822051547,3.070934772491455,5.514128684997559
8.00091814994812,9.164769172668457,-9.04434871673584,0.8404221992257156,0.5579089265903078,0.757999983150512,0.011939105511147068,-0.005949327722191811,0.16092813620274338,-0.007260537198419348,0.18891930383427635,6.857425212860107,5.433644771575928
8.01077914237976,9.168475151062012,-9.040128707885742,0.8444994353997725,0.5616591050495151,0.7629999830387533,0.01191499848969048,-0.0024106395430862904,0.15658973908734372,-0.007451063960001392,0.18845492260902183,9.946968078613281,5.057068824768066
8.021131038665771,9.172050476074219,-9.035693168640137,0.8479763847345525,0.5697041591509676,0.7679999829269946,0.011944136477522103,0.0029137134552001953,0.14949549347852495,-0.007667037165028701,0.18864211807268585,3.1317880153656006,5.037285804748535
8.031101703643799,9.175701141357422,-9.031244277954102,0.8511386840098956,0.5755395855763327,0.757999983150512,0.011669071635032354,-0.027506448328495026,0.1803728726064782,-0.0077113756647493314,0.18916270877207575,2.775125503540039,5.0400590896606445
8.040701150894165,9.179282188415527,-9.027093887329102,0.8546729517561013,0.5481758800989566,0.7479999833740294,0.011411206690541291,-0.025786442682147026,0.18835819137985207,-0.007754359145764278,0.18913880235055613,2.7079830169677734,4.870011329650879
8.050832271575928,9.182770729064941,-9.023136138916016,0.8584501671222188,0.5275819322052973,0.7379999835975468,0.011325808177757139,-0.008539882488548756,0.17241096044588228,-0.007833830415698628,0.188744549190769,4.078823566436768,4.781750202178955
8.0607430934906,9.18612003326416,-9.01908016204834,0.8619160716795623,0.5260027427071883,0.7429999834857881,0.011409607177788855,0.008379891514778137,0.14936555753732683,-0.007973800363229255,0.18865833875280213,7.467406749725342,4.692046165466309
8.071003675460815,9.189340591430664,-9.01489543914795,0.8649596518969787,0.528124754499681,0.7479999833740294,0.011576039679343939,0.01664324291050434,0.13332900425381136,-0.008147371875874665,0.18900819899255183,3.0206384658813477,4.605410099029541
8.083003520965576,9.192627906799316,-9.010637283325195,0.8676412819894503,0.5379117781561976,0.7529999832622707,0.011619546424986893,0.004350624512881041,0.141798869092882,-0.008174416390177353,0.18976692650484095,0.9414234161376953,4.721613883972168
8.092813491821289,9.195880889892578,-9.006514549255371,0.8707376953626936,0.5251929659482831,0.757999983150512,0.011538274038974386,-0.008127190172672272,0.15766923747683112,-0.008269078367124871,0.19003962307372502,2.7402241230010986,4.7327799797058105
8.102958917617798,9.199134826660156,-9.002649307250977,0.8741094058526667,0.505305083245741,0.7629999830387533,0.011530487702664943,-0.0007786707719787955,0.15449206107525273,-0.008301527624300586,0.1899042613681,2.73982834815979,4.849573612213135
8.112685680389404,9.202437400817871,-8.998848915100098,0.8776743750670617,0.5034781023115552,0.7529999832622707,0.01148442301738521,-0.004606419242918491,0.15739935602929578,-0.008301004527881739,0.18955956292224196,4.0480499267578125,4.677402973175049
8.122660398483276,9.20569133758545,-8.994937896728516,0.8811574317537745,0.5087607273540165,0.757999983150512,0.011634410005643239,0.014998717233538628,0.13702806616199348,-0.008356315131748504,0.18933781086000653,7.647816181182861,4.587089538574219
8.133152484893799,9.208812713623047,-8.990891456604004,0.884235492466025,0.5110619611384782,0.7629999830387533,0.01188998117822067,0.025557074695825577,0.11911064121994346,-0.008457157360750367,0.18953971315834917,2.941783905029297,4.5482683181762695
8.142792701721191,9.211987495422363,-8.986760139465332,0.8869582344092838,0.5210482088993894,0.7679999829269946,0.012053459504348704,0.01634780876338482,0.12339703855923592,-0.008429937160129741,0.19014578075293997,2.6492693424224854,4.629418849945068
8.153541326522827,9.215137481689453,-8.982760429382324,0.8900788471710798,0.5091215781101825,0.7729999828152359,0.012105888506243499,0.005242946557700634,0.1361713688826452,-0.008462600044304214,0.190286375429903,2.6677303314208984,4.692313194274902
8.163091897964478,9.218297004699707,-8.978996276855469,0.8934792426807608,0.49148169644797723,0.7779999827034771,0.012200386502629211,0.009449736215174198,0.1350536299634937,-0.008442607815917214,0.1900274792944333,4.673031330108643,4.546197414398193
8.17275595664978,9.221421241760254,-8.975196838378906,0.8968758272250871,0.4919022907876493,0.7829999825917184,0.012415447239256668,0.021506113931536674,0.12122845409316521,-0.008454106670611417,0.18977931298837547,8.286813735961914,4.45758581161499
8.183078289031982,9.224420547485352,-8.971254348754883,0.8998578300233901,0.49538259928032347,0.7879999824799597,0.012750052633770567,0.03346053510904312,0.10363811121355143,-0.008505289826399531,0.18997223681263328,2.77315616607666,4.429344177246094
8.193156480789185,9.2274808883667,-8.967242240905762,0.9025621899723073,0.5045807556553763,0.792999982368201,0.012889736500319505,0.013968381099402905,0.11886392641824199,-0.008436962605061105,0.19048790852029174,1.8111718893051147,4.51027774810791
8.202849864959717,9.23048210144043,-8.963417053222656,0.9057259350756494,0.48622386025173864,0.7979999822564423,0.013169773114093864,0.02800363302230835,0.10773918311592737,-0.008455050902741235,0.19043750784988978,2.4658401012420654,4.372018814086914
8.21316647529602,9.2334623336792,-8.959806442260742,0.9090699679354454,0.46820260450608897,0.8029999821446836,0.013433347959237322,0.02635752223432064,0.10505457340914182,-0.008432609963381577,0.19008533922984572,4.606536865234375,4.2825775146484375
8.223389387130737,9.236339569091797,-8.956098556518555,0.9120753357283113,0.4693657881224539,0.8079999820329249,0.013781457069045003,0.03481089696288109,0.09435299345785417,-0.008432622415472713,0.19008290476768974,5.795732498168945,4.201800346374512
8.232685089111328,9.239137649536133,-8.95226764678955,0.9146786368315406,0.4743519721436215,0.8129999819211662,0.014205599376058354,0.04241418093442917,0.08224938117725962,-0.008426323525902779,0.19051324293545602,2.877871513366699,4.362208843231201
8.24276328086853,9.24215030670166,-8.948379516601562,0.9170977539410509,0.49191515010652503,0.8179999818094075,0.01469472139621457,0.04891221225261688,0.07120193633975959,-0.008185021181483343,0.19121219230933673,2.6833224296569824,4.430830478668213
8.253803968429565,9.24516773223877,-8.944514274597168,0.9198891508955994,0.4904049179188312,0.8229999816976488,0.014987870112258378,0.029314925894141197,0.08799572894944613,-0.008023801793583418,0.1915386136027798,2.6767046451568604,4.640423774719238
8.263196229934692,9.2481689453125,-8.940678596496582,0.9230821368555463,0.4870263784010658,0.8129999819211662,0.015016954079152406,0.0029083334375172853,0.12061926527661673,-0.007967361727739153,0.19145460196580866,2.689459800720215,4.772099494934082
8.272917985916138,9.25117301940918,-8.936845779418945,0.9264891414859657,0.4870261869030404,0.8029999821446836,0.014956449517794596,-0.006050406023859978,0.13973827432052777,-0.007955335989191292,0.19116127387021153,2.8022022247314453,4.90433931350708
8.283298015594482,9.254227638244629,-8.932995796203613,0.9299210517314795,0.4914933760176851,0.792999982368201,0.015072076638490896,0.011562732979655266,0.12647710151087702,-0.007897838649473021,0.19086522546745122,2.8094332218170166,4.868684768676758
8.292718887329102,9.257290840148926,-8.929031372070312,0.9333181853435307,0.5009368062952293,0.7829999825917184,0.015089751665269525,0.0017674386035650969,0.13262245401165945,-0.007856835561132591,0.19066742729971145,2.8768680095672607,4.937108993530273
8.303207397460938,9.260369300842285,-8.92495346069336,0.9366862916049885,0.510989677108979,0.7729999828152359,0.015041882155144118,-0.0047868541441857815,0.14142585071547248,-0.007826576895293869,0.19056378199525947,2.937347412109375,5.010382652282715
8.312946796417236,9.263489723205566,-8.920802116394043,0.9400698625380152,0.5193352454064956,0.7779999827034771,0.015047348628389794,0.00054654770065099,0.13843432329667438,-0.007777897449717797,0.1904959207552802,2.937089681625366,4.862253189086914
8.322392463684082,9.266595840454102,-8.916495323181152,0.9433835006825712,0.5309763952106971,0.7679999829269946,0.0148460857716336,-0.020126190036535263,0.15986005480452414,-0.007770509303461681,0.1905777987871492,2.995939254760742,4.927369117736816
8.332855939865112,9.26971435546875,-8.912079811096191,0.9466652672486631,0.5406702557356589,0.757999983150512,0.014597438174392213,-0.02486483007669449,0.17206438771958554,-0.00777041755871033,0.1907535465924144,3.054980516433716,5.0040740966796875
8.34263563156128,9.272870063781738,-8.90759563446045,0.9499666450867852,0.5483167110704533,0.7479999833740294,0.014394353510148977,-0.02030842937529087,0.17164771775761942,-0.007752500604188084,0.19095728744168028,3.103045701980591,5.059093475341797
8.352873802185059,9.27606201171875,-8.90303897857666,0.9532838333123234,0.5562992460310466,0.7529999832622707,0.014233767488247213,-0.016058579087257385,0.167691407092256,-0.007717288449537119,0.19119450365022705,3.153082847595215,5.127460479736328
8.36549997329712,9.279288291931152,-8.89841365814209,0.9566293632187981,0.564028080897439,0.757999983150512,0.014110466527418646,-0.012330081313848495,0.16314402911914788,-0.007667807290948403,0.19145032957850772,3.20054030418396,5.196716785430908
8.376051187515259,9.282549858093262,-8.893718719482422,0.9600095343208505,0.5716672357483552,0.7629999830387533,0.014020107368107508,-0.009035948663949966,0.15880689255754296,-0.00760462576126697,0.1917193714457509,3.2455825805664062,5.266811847686768
8.387615442276001,9.289172172546387,-8.884122848510742,0.9668969468129975,0.5867000847580497,0.7689999830909073,0.013923005241308404,-0.0035789101384580135,0.152595586318046,-0.007445633241616623,0.1922709768622051,3.2799930572509766,5.323465824127197
8.399017572402954,9.289172172546387,-8.884122848510742,0.9668969468129975,0.5867000847580497,0.7609999827109277,0.013923005241308404,-0.0035789101384580135,0.1506932100296696,-0.007445633241616623,0.1922709768622051,3.3292369842529297,5.409337520599365
8.407498598098755,9.29253101348877,-8.879222869873047,0.9704134075718344,0.5941291860621928,0.765999982599169,0.013906481342490236,-0.001652445294894278,0.14841183594654345,-0.0073522663024587764,0.1925433926659158,3.3679497241973877,5.481751441955566
8.417927026748657,9.295923233032227,-8.87425708770752,0.9739901432216653,0.6013917741945981,0.7709999824874103,0.013914561694230472,0.000808088923804462,0.1453855169490739,-0.0072496878894856565,0.1928011524113582,3.404282331466675,5.555044174194336
8.427740097045898,9.299346923828125,-8.86922550201416,0.9776273502010124,0.6085817164530253,0.7759999823756516,0.013942167969846412,0.0027606042567640543,0.1426114093857287,-0.007138897178029957,0.19304345718786298,3.4392287731170654,5.629534721374512
8.437812566757202,9.3027982711792,-8.864123344421387,0.9813250850672937,0.6160055711590873,0.7809999822638929,0.01398073514843451,0.003856710158288479,0.14077551112819095,-0.00702445573641719,0.19327195212217108,3.472923517227173,5.703956127166748
8.447937250137329,9.306279182434082,-8.858957290649414,0.9850963652545376,0.622940305828694,0.7859999821521342,0.014028092434566142,0.004735741298645735,0.13940644804812508,-0.006905024565467821,0.19347057092742237,3.5051448345184326,5.779052257537842
8.457465648651123,9.309786796569824,-8.853724479675293,0.9889404794691568,0.6299867329589393,0.7759999823756516,0.014085835182903515,0.005774273537099361,0.13796277726554718,-0.006783324754737974,0.1936408382203596,3.5359935760498047,5.854819297790527
8.467920064926147,9.313322067260742,-8.84842586517334,0.9928609740031024,0.6369708045168111,0.7809999822638929,0.014152229077706658,0.006639426574110985,0.13663429215533934,-0.0066583322600644035,0.19377888265114984,3.565208911895752,5.931427478790283
8.479107141494751,9.320467948913574,-8.837631225585938,1.0009454547735335,0.6506173568579849,0.7859999821521342,0.01429491301307179,0.006966347806155682,0.13585963909508905,-0.006406474282716346,0.1939421469832221,3.5995407104492188,6.020928859710693
8.488493204116821,9.320467948913574,-8.837631225585938,1.0009454547735335,0.6506173568579849,0.7909999820403755,0.01429491301307179,0.006966347806155682,0.13557721098258652,-0.006406474282716346,0.1939421469832221,3.621659517288208,6.0855793952941895
8.497838735580444,9.324079513549805,-8.832136154174805,1.0051141748441457,0.657562635615421,0.7809999822638929,0.014379998801155057,0.0085086515173316,0.1337514394780666,-0.006278115584556376,0.19396219754123223,3.6491987705230713,6.1630988121032715
8.50777554512024,9.327714920043945,-8.826576232910156,1.0093693342414582,0.6643234604931726,0.7859999821521342,0.014471004070048157,0.009100539609789848,0.13241218307158914,-0.006149320798481961,0.19393833440603325,3.675299644470215,6.2417073249816895
8.518299341201782,9.33137321472168,-8.820951461791992,1.0137143768188563,0.671043535350737,0.7909999820403755,0.014566672224774044,0.009566744789481163,0.1313026008055516,-0.0060211705150934325,0.1938668781243087,3.7027065753936768,6.319818019866943
8.527753114700317,9.335055351257324,-8.815261840820312,1.0181505619386297,0.6777304884043613,0.7959999819286168,0.01467301618059359,0.010634448379278183,0.12956586497099198,-0.005892316430144318,0.1937466754500408,3.7387306690216064,6.538264751434326
8.538125276565552,9.338659286499023,-8.809534072875977,1.0227481610989255,0.6767262771106075,0.7859999821521342,0.014474952012857369,-0.01980648934841156,0.16134144368892755,-0.005869035735320383,0.1934719009910839,3.79722261428833,6.576258182525635
8.547715663909912,9.342266082763672,-8.803765296936035,1.0273267498984993,0.6803605172079715,0.7759999823756516,0.014384269703356626,-0.009068182669579983,0.15969382498956902,-0.00582299981726897,0.19323612033341364,3.8505778312683105,6.626562118530273
8.55776047706604,9.345863342285156,-8.7979097366333,1.0318825711665667,0.6872863917974301,0.765999982599169,0.014269104679563882,-0.011516568250954151,0.16198532801585255,-0.005779824174549919,0.19306726919421324,3.892587900161743,6.6824259757995605
8.568318128585815,9.34947681427002,-8.791993141174316,1.036447999482087,0.693216532202006,0.7559999828226864,0.014219602784685514,-0.004950149916112423,0.15584738872618342,-0.005715180042157764,0.19292448455314792,3.863515615463257,6.4492106437683105
8.579324960708618,9.356511116027832,-8.779705047607422,1.0452999947124058,0.7111935071389285,0.7449999828822911,0.013374607870385224,-0.041174110025167465,0.19450504368266308,-0.005744546275652906,0.19312493602119707,3.9015276432037354,6.491052150726318
8.588114738464355,9.356511116027832,-8.779705047607422,1.0452999947124058,0.7111935071389285,0.7359999832697213,0.013374607870385224,-0.041174110025167465,0.20606021015662887,-0.005744546275652906,0.19312493602119707,3.9382386207580566,6.536710739135742
8.59912657737732,9.360037803649902,-8.77346420288086,1.0497360575176964,0.7168238464207772,0.7259999834932387,0.013017213662537802,-0.035739459097385406,0.20489662234349532,-0.005737082861460685,0.19326938854754472,3.9767322540283203,6.588795185089111
8.607858896255493,9.36357593536377,-8.767166137695312,1.054194485760856,0.7223953999802762,0.7159999837167561,0.0127104946646647,-0.030671793967485428,0.20018831154343544,-0.005711237214455878,0.19342482717839915,3.9797394275665283,6.637794494628906
8.618248701095581,9.367118835449219,-8.760821342468262,1.058712036029217,0.7267028021484417,0.7209999836049974,0.012422114661504396,-0.028838055208325386,0.1977419085715877,-0.0056801398326176145,0.19354814093836414,3.9531679153442383,6.682718753814697
8.627924680709839,9.370654106140137,-8.754450798034668,1.0633496784947898,0.7285806369051068,0.7109999838285148,0.012095558140435109,-0.032655611634254456,0.20191866798946628,-0.005666473281222828,0.1935655481232441,3.9066600799560547,6.72492790222168
8.637899160385132,9.374175071716309,-8.748067855834961,1.0681403820779622,0.7290193624727961,0.7009999840520322,0.011696331352185221,-0.03992271423339844,0.21177335516239398,-0.005681990795990188,0.1934359610497467,3.8639633655548096,6.767818927764893
8.647864580154419,9.377679824829102,-8.74167537689209,1.0730954556705168,0.7289528241355392,0.6909999842755497,0.011222118892686303,-0.04742122441530228,0.2236386239290577,-0.005730944434785057,0.19314635562027416,3.817542791366577,6.8104095458984375
8.657747983932495,9.381165504455566,-8.735273361206055,1.0782107469895832,0.7290365866597927,0.6809999844990671,0.010676028141719255,-0.05460911616683006,0.23583892342171672,-0.005814856598492346,0.19270014423159698,3.7630152702331543,6.853169918060303
8.667699337005615,9.384624481201172,-8.728867530822754,1.0835044946103864,0.7281378268508639,0.6709999847225845,0.010026978994215167,-0.06490492075681686,0.25151887682142143,-0.005944760107860159,0.1920748674731776,3.7016055583953857,6.894014835357666
8.67760968208313,9.388063430786133,-8.722465515136719,1.0889908532100596,0.7269325671873189,0.6609999849461019,0.009294057521163565,-0.0732920914888382,0.26629515895930084,-0.00611638350372723,0.19125346837034773,3.6426777839660645,6.9502716064453125
8.687624454498291,9.391477584838867,-8.716072082519531,1.0946818598117443,0.7250140014103682,0.6509999851696193,0.008465060307550258,-0.08289974182844162,0.28215375459675435,-0.006336726194535958,0.19022049988027168,3.9598445892333984,6.850397109985352
8.698015451431274,9.394899368286133,-8.709707260131836,1.1002114083847219,0.7227069848027803,0.6559999850578606,0.008137616945029963,-0.03274436667561531,0.23437414698179337,-0.00646151985193244,0.18932255613559512,4.119226932525635,6.603673458099365
8.70773458480835,9.398294448852539,-8.703288078308105,1.1050634653476161,0.726190643016659,0.6609999849461019,0.008594601006927036,0.04569840803742409,0.13628791850406735,-0.006394789231787934,0.18910138764338713,3.9733188152313232,6.564610958099365
8.71760368347168,9.401559829711914,-8.6968355178833,1.1095395264723116,0.7231359214447249,0.6659999848343432,0.009026919070861629,0.04323181137442589,0.10837560724386903,-0.006318356406264769,0.18923638652192687,3.995405435562134,6.449023246765137
8.727788925170898,9.404667854309082,-8.690385818481445,1.1138084058192308,0.7160177190280725,0.6709999847225845,0.009539767615620314,0.05128488689661026,0.0902915189647644,-0.006299164659750334,0.1895391597685103,4.066377639770508,6.348605155944824
8.737880945205688,9.407646179199219,-8.683914184570312,1.1177776219029147,0.7124791735097052,0.6759999846108258,0.010150397702554551,0.061063021421432495,0.07326080252977346,-0.006290382551940477,0.19011951425441476,3.8818604946136475,6.397548675537109
8.74797534942627,9.410661697387695,-8.677473068237305,1.121819145151167,0.7113714146582458,0.6809999844990671,0.010161866558448267,0.001146860420703888,0.1314051157229747,-0.006227071112345994,0.19061453671765394,3.916107654571533,6.51851224899292
8.75809931755066,9.413649559020996,-8.671113967895508,1.1260749205237022,0.7027183935378133,0.6859999843873084,0.009915236458901886,-0.02466297522187233,0.17677237095969295,-0.006201192829908386,0.19084532521703013,3.9160709381103516,6.613668918609619
8.769014835357666,9.419659614562988,-8.658528327941895,1.1350706548339593,0.6964844598333703,0.6909999842755497,0.009583418909091392,-0.016080526635050774,0.18225770959738172,-0.006133570099900565,0.19075364554704732,3.8772494792938232,6.659442901611328
8.778018951416016,9.419659614562988,-8.658528327941895,1.1350706548339593,0.6964844598333703,0.6959999841637909,0.009583418909091392,-0.016080526635050774,0.18386976922325626,-0.006133570099900565,0.19075364554704732,3.8058323860168457,6.59131383895874
8.78821063041687,9.422654151916504,-8.652260780334473,1.1398346457460429,0.694609443652161,0.7009999840520322,0.009341714895240386,-0.024170417338609695,0.1932562955515448,-0.0061367149946722765,0.19042814133036012,3.717754602432251,6.620467662811279
8.798560380935669,9.425621032714844,-8.646002769470215,1.1447958028391114,0.6926414166985685,0.7059999839402735,0.008968370267979094,-0.037334367632865906,0.21047482908849918,-0.006192523091129498,0.18989834252554583,3.6626665592193604,6.6660566329956055
8.807953596115112,9.428569793701172,-8.639758110046387,1.14995812921666,0.6906123349513558,0.6959999841637909,0.008500904093098905,-0.046746693551540375,0.2261765509616972,-0.006292300941740381,0.1891594120349378,4.239926815032959,6.44401741027832
8.818241357803345,9.431398391723633,-8.633402824401855,1.1549739144443147,0.6956013764304919,0.6859999843873084,0.007962580138132938,-0.053832340985536575,0.23925712712338462,-0.006461243038626163,0.18860804472891912,6.4619245529174805,6.324635982513428
8.828113079071045,9.434115409851074,-8.626970291137695,1.159415751333144,0.6983520396879883,0.6909999842755497,0.00797718885211313,0.0014608476776629686,0.1849837719994883,-0.006556614605208733,0.18863841438013695,4.511516094207764,6.234586238861084
8.838154554367065,9.436662673950195,-8.620468139648438,1.163482504209621,0.698310144298916,0.6959999841637909,0.008052966052070088,0.007577717769891024,0.16218460994655143,-0.006691525874931825,0.18904699631237842,3.703531265258789,6.12586784362793
8.848415613174438,9.439230918884277,-8.614105224609375,1.1675441786128178,0.6861753375406283,0.7009999840520322,0.008040502176220486,-0.0012464059982448816,0.16476090564192514,-0.006743927969473651,0.18937548131896145,1.958333969116211,5.986637592315674
8.857786417007446,9.441821098327637,-8.608076095581055,1.171889850549698,0.6561566098926188,0.7059999839402735,0.008040330600258131,-1.7154434317490086e-05,0.16401449040176463,-0.006759348260686027,0.18922514289883743,3.4219062328338623,5.82613468170166
8.867824792861938,9.44429874420166,-8.602177619934082,1.1761242942516614,0.6398191211178132,0.7109999838285148,0.008144911909164753,0.010458108969032764,0.15228568820693653,-0.006798540368953665,0.18908391890373766,4.611302375793457,5.727736949920654
8.877816200256348,9.44663143157959,-8.596272468566895,1.1800112386676982,0.6349306619094389,0.7159999837167561,0.008319932265493135,0.01750207133591175,0.14090410675993464,-0.006853040915071329,0.18926060744386386,3.5253794193267822,5.617451190948486
8.887766599655151,9.448888778686523,-8.590313911437988,1.18359754552294,0.6372084320145484,0.7209999836049974,0.008474594043314713,0.01546619925647974,0.13948587139166554,-0.006877880983036766,0.1897482772475334,3.450883150100708,5.692221641540527
8.898247718811035,9.451264381408691,-8.584486961364746,1.187351517227125,0.6292921300902513,0.7259999834932387,0.008439088027067112,-0.0035506568383425474,0.15935462086387522,-0.006785068977297248,0.19000513129905516,3.4194579124450684,5.799837589263916
8.907533407211304,9.453673362731934,-8.578764915466309,1.1913838591411374,0.6208514174600503,0.73099998338148,0.008467156155307756,0.002806846983730793,0.15854971728632017,-0.006696914885527594,0.18992966664772037,4.4567437171936035,5.7658586502075195
8.917566299438477,9.456082344055176,-8.573019981384277,1.1955577330419747,0.6228806530501256,0.7359999832697213,0.008611180334094089,0.014402418397367,0.1456347794378204,-0.0066306765579797755,0.18972831132380508,8.179880142211914,5.667638301849365
8.927861452102661,9.458328247070312,-8.567176818847656,1.1994072159353484,0.6260293864332577,0.7409999831579626,0.00893378526196974,0.03226053714752197,0.12219657421066678,-0.0066228623508211015,0.18987837605140825,3.534968376159668,5.677355766296387
8.938204765319824,9.460618019104004,-8.561246871948242,1.2029947759051618,0.6357014941072407,0.7459999830462039,0.00910086513044933,0.016707925125956535,0.13148841200971045,-0.006485399449134288,0.19033666896546886,3.337312936782837,5.738410949707031
8.948328495025635,9.462892532348633,-8.55549144744873,1.206999437362122,0.618800368398158,0.7509999829344451,0.009362300586922489,0.026143589988350868,0.12357847176045755,-0.006430376013960348,0.19028006747831117,3.2489230632781982,5.59246826171875
8.958009243011475,9.46518325805664,-8.549912452697754,1.2111285376235637,0.6031669182073681,0.7559999828226864,0.00966624369238161,0.030394284054636955,0.11570966792579762,-0.006342339816066023,0.1899927557498351,5.325462818145752,5.497402191162109
8.967942237854004,9.467328071594238,-8.544272422790527,1.2149080250766333,0.6034444682250502,0.7609999827109277,0.010080119595187939,0.041387591511011124,0.10072495875961515,-0.006282757290176244,0.19006166386089318,3.5668299198150635,5.546844005584717
8.978089332580566,9.469414710998535,-8.538536071777344,1.2183081930176416,0.6103805162234784,0.765999982599169,0.010477536398186944,0.0397416353225708,0.09729610276719794,-0.0061616035238378775,0.19054715804924593,3.3232033252716064,5.556735992431641
8.988095998764038,9.47145938873291,-8.53282356262207,1.2219720102727414,0.6068910855667117,0.7559999828226864,0.010220563649021516,-0.025697186589241028,0.16583116780798984,-0.0061324031640337395,0.19075671855899934,3.3049771785736084,5.6920366287231445
8.998215198516846,9.473468780517578,-8.52721881866455,1.2259223465813884,0.5954599574906181,0.7459999830462039,0.009928776918845184,-0.029178693890571594,0.1906484399250127,-0.006182778513960763,0.19061709732453225,3.379969358444214,5.809083938598633
9.007745265960693,9.475565910339355,-8.52164077758789,1.2299281041339132,0.5958590998779125,0.7359999832697213,0.009883414792895343,-0.0045362720265984535,0.17221959688515484,-0.00613648890571783,0.19041301934195687,3.4506046772003174,5.916347026824951
9.017616748809814,9.477714538574219,-8.516027450561523,1.2339807735986006,0.6010628813308619,0.7409999831579626,0.01003695808710696,0.015354381874203682,0.14530382217550591,-0.006036124124331188,0.19018708032505646,3.769232749938965,5.759883880615234
9.027799367904663,9.479873657226562,-8.510342597961426,1.2380455160853991,0.6081352211366168,0.7459999830462039,0.01018988640283155,0.015292827971279621,0.1368385878332609,-0.005916721652512891,0.18999127569003615,3.4225971698760986,5.696281909942627
9.038164615631104,9.481839179992676,-8.504440307617188,1.241968109502495,0.6220956388087306,0.7359999832697213,0.009735687916863722,-0.04541987553238869,0.19931778073271622,-0.005954363244240035,0.19004716110359055,3.4587888717651367,5.7459397315979
9.04797077178955,9.483816146850586,-8.498467445373535,1.2459089501205503,0.6291474091713081,0.7259999834932387,0.009361414901259097,-0.03742731362581253,0.21073997589587168,-0.005971181183147989,0.19012756752948978,3.5051369667053223,5.805849075317383
9.057747840881348,9.485798835754395,-8.492425918579102,1.2498698344982802,0.6359036951597424,0.7159999837167561,0.009033395496943495,-0.03280186653137207,0.2102828420165908,-0.005972303261901679,0.19022897176644737,3.5496249198913574,5.867069244384766
9.068337678909302,9.487789154052734,-8.48631477355957,1.2538569528558512,0.6426366480728524,0.7059999839402735,0.008749783275869224,-0.028361249715089798,0.20636089281231745,-0.005956980280994895,0.19034604639541186,3.58719539642334,5.92340612411499
9.07776689529419,9.48978328704834,-8.480134010314941,1.2578755140328906,0.6494927528381614,0.7109999838285148,0.008500433491862356,-0.024934979155659676,0.20238941542766586,-0.005929709871450806,0.1904733533460261,3.620737075805664,5.995032787322998
9.088137149810791,9.491783142089844,-8.473891258239746,1.2619478001261835,0.6554856477791847,0.7159999837167561,0.008278087510889811,-0.02223462611436844,0.19908652023454418,-0.005893437134232515,0.1905846938518112,3.64237380027771,6.054206848144531
9.098104000091553,9.493786811828613,-8.4675931930542,1.2660920070876056,0.6609534876708542,0.7209999836049974,0.008069414087108874,-0.020867323502898216,0.19732175763797005,-0.005853918515139833,0.1906580974844272,3.6620419025421143,6.116421699523926
9.107961893081665,9.495790481567383,-8.4612398147583,1.2703135343278023,0.6661943089390205,0.7109999838285148,0.007863216712264061,-0.020619729533791542,0.19715515033288303,-0.005815879723033435,0.19068797158046702,3.6842098236083984,6.180044174194336
9.118682384490967,9.497797012329102,-8.454830169677734,1.2746133742595567,0.6716036978124554,0.7159999837167561,0.007664125324656945,-0.019909150898456573,0.19693387700385453,-0.005776213817919595,0.19067404301557578,3.7080183029174805,6.24537992477417
9.12770962715149,9.499805450439453,-8.4483642578125,1.2789875477755615,0.6771326893963302,0.7209999836049974,0.007480063330721966,-0.018406184390187263,0.1957973404739517,-0.0057340232480402875,0.1906199594195792,3.714709997177124,6.300806045532227
9.137956619262695,9.501805305480957,-8.441839218139648,1.2834439718625832,0.6824045252122235,0.7109999838285148,0.007272504273680031,-0.020755931735038757,0.19845427204366556,-0.005701681576087525,0.1905191072950492,3.7277591228485107,6.375071048736572
9.148186683654785,9.50380802154541,-8.435267448425293,1.288005827462067,0.6871024855106145,0.7159999837167561,0.007070123443423729,-0.020238090306520462,0.19916609067952898,-0.005672773655282404,0.19034200262783885,3.738853931427002,6.441233158111572
9.157941102981567,9.505806922912598,-8.428643226623535,1.2926689132362303,0.691889533941453,0.7059999839402735,0.006852407394715808,-0.021771607920527458,0.201434504035423,-0.00565265676533766,0.1900957430662329,3.7364284992218018,6.506543159484863
9.167842149734497,9.507802963256836,-8.421975135803223,1.29744861526447,0.6961548719490317,0.7109999838285148,0.006618055587020098,-0.02343515120446682,0.20427853247951333,-0.005643569741475618,0.1897600641034518,6.294858455657959,6.388638019561768
9.177942276000977,9.509736061096191,-8.415261268615723,1.3019700464878359,0.6986646149917008,0.7159999837167561,0.00694912426128795,0.033106859773397446,0.14482178650715216,-0.005594589667140104,0.18969464299663708,4.089476585388184,6.319993495941162
9.18783450126648,9.511571884155273,-8.408475875854492,1.3060770697227395,0.7029450815452314,0.7209999836049974,0.007328210995983218,0.0379086397588253,0.12122697485536224,-0.005495387222652415,0.19006496200289846,3.790830373764038,6.376859664916992
9.197857141494751,9.513447761535645,-8.401758193969727,1.3103709286362875,0.6974710421095024,0.7259999834932387,0.007540633301935543,0.021242283284664154,0.13124192121107414,-0.0053755366819248085,0.19021073902441854,3.6982741355895996,6.367490291595459
9.208045244216919,9.515385627746582,-8.395222663879395,1.3149307804616523,0.6816892222989461,0.73099998338148,0.007856209546519357,0.0315576046705246,0.12246504336267197,-0.005229852762646869,0.18998441010197697,3.745537519454956,6.428548812866211
9.217932224273682,9.51716423034668,-8.388687133789062,1.3194047668784565,0.6773446892374846,0.7359999832697213,0.007855418106958499,-7.912449655123055e-05,0.15295097477021985,-0.005189095131921562,0.1898300460729443,3.8170571327209473,6.539586544036865
9.22808289527893,9.518927574157715,-8.382145881652832,1.3239119865728222,0.6774498573873159,0.7409999831579626,0.0077625259524997416,-0.00928924698382616,0.17191537309381216,-0.005145092465921319,0.18964266602910662,3.8381476402282715,6.566203594207764
9.237624406814575,9.520673751831055,-8.375558853149414,1.3284560206656628,0.6814398080414443,0.73099998338148,0.007677516169076587,-0.008500959724187851,0.17690098624318207,-0.005102914634528943,0.18944379924298405,3.861845016479492,6.621850967407227
9.248070240020752,9.522401809692383,-8.36890983581543,1.3330287323157037,0.6870400838450783,0.7359999832697213,0.007588916592117583,-0.008859938941895962,0.17891483585267653,-0.005061374850824141,0.18925141537527557,3.80619740486145,6.380021095275879
9.258068799972534,9.524017333984375,-8.362135887145996,1.33753122283994,0.6963819631633188,0.7259999834932387,0.007189393819697409,-0.03995230048894882,0.21321285243178115,-0.00508768311225527,0.18919773982778776,3.820394992828369,6.429365634918213
9.268017292022705,9.525571823120117,-8.355290412902832,1.3420437325456316,0.7019505527947811,0.7159999837167561,0.006668151943814307,-0.05212417244911194,0.23764818707966567,-0.005150365757938147,0.18917401292929537,5.800260543823242,6.3643317222595215
9.277766466140747,9.527071952819824,-8.348403930664062,1.346481848173548,0.7048190586927701,0.7059999839402735,0.006483304289444221,-0.018484802916646004,0.21013845114247343,-0.005215931389428441,0.18924305398515304,4.742551326751709,6.2600297927856445
9.288106679916382,9.528448104858398,-8.341466903686523,1.350488917861604,0.7072621121824886,0.7109999838285148,0.00657562348829059,0.009231937117874622,0.1728299569040642,-0.005248701378002041,0.1897538115359898,3.8718559741973877,6.270833969116211
9.298051595687866,9.529891014099121,-8.33459758758545,1.3545311633957071,0.7019909622410146,0.7159999837167561,0.006419717781838754,-0.015590542927384377,0.18846636817298373,-0.005191713853037294,0.1901864214104916,3.751826286315918,6.305481910705566
9.307656049728394,9.531389236450195,-8.327945709228516,1.3588571721767075,0.6817973797577872,0.7209999836049974,0.006361270074924114,-0.005844798870384693,0.18310634904171524,-0.005127320963229209,0.19020639434988462,4.490305423736572,6.1053786277771
9.317507028579712,9.532740592956543,-8.321307182312012,1.363029925035905,0.6775596797241966,0.7259999834932387,0.006555818422963334,0.019454820081591606,0.15445692955545987,-0.005135357452267231,0.19036031210027773,3.88431978225708,5.992849349975586
9.327800273895264,9.53394889831543,-8.31462574005127,1.3667976666852837,0.6789937452259277,0.73099998338148,0.00682671375489375,0.02708953060209751,0.13745936209916884,-0.005138848333828383,0.19092728169291995,3.814021348953247,6.032055854797363
9.337631940841675,9.53525447845459,-8.307942390441895,1.3705340915556166,0.6809725218319166,0.7359999832697213,0.006795639080933344,-0.0031074683647602797,0.1646894629736213,-0.005006721034195083,0.19152349369592314,3.792977809906006,6.141538619995117
9.347923517227173,9.536611557006836,-8.301321983337402,1.3745168396439473,0.6758686529855368,0.7409999831579626,0.0068384837132744345,0.004284495487809181,0.16531127866113604,-0.004866236248236788,0.1918395315002197,3.806957721710205,6.257688999176025
9.357919454574585,9.538007736206055,-8.294699668884277,1.3787003495375092,0.6767931215010423,0.7459999830462039,0.006954825838030537,0.011634192429482937,0.15767210264580264,-0.004717227774356125,0.19195945064250708,3.774827718734741,6.269870758056641
9.367926120758057,9.539417266845703,-8.288042068481445,1.383026114087527,0.6804632495198286,0.7509999829344451,0.0070934874521631905,0.01386617124080658,0.14983912545884812,-0.004582103135962967,0.1877702127073695,6.974099159240723,6.170527458190918
9.377758741378784,9.54066276550293,-8.281311988830566,1.3871641815495863,0.6845314968852053,0.7559999828226864,0.00749405607819744,0.04005688801407814,0.11597827962015542,-0.004556680145391567,0.18363214524531024,4.028400421142578,6.210201740264893
9.387601375579834,9.54190731048584,-8.274491310119629,1.3909437789296888,0.6932886431990017,0.7609999827109277,0.00791020819821825,0.041615188121795654,0.10049509317845226,-0.004427339025967925,0.17985254786520777,3.73944091796875,6.23991060256958
9.397946119308472,9.54316520690918,-8.267724990844727,1.3950533521178008,0.688259320282696,0.765999982599169,0.00804064918490081,0.013044113293290138,0.12261738378901224,-0.004382878184703287,0.17574297467709576,3.6977200508117676,6.244380950927734
9.408256769180298,9.544489860534668,-8.261124610900879,1.3994030004123197,0.6731827178294029,0.7709999824874103,0.008411319597569977,0.03706704080104828,0.09993341316234644,-0.004343511767658015,0.17139332638257687,6.498713970184326,6.034747123718262
9.418538093566895,9.545685768127441,-8.254497528076172,1.4035391036399043,0.6734689905046242,0.7759999823756516,0.0089435313323786,0.053221143782138824,0.07172167147695394,-0.004370688768158715,0.16725722315499225,6.439486980438232,6.028403282165527
9.428354740142822,9.54675579071045,-8.247819900512695,1.4072810171176129,0.6762605716131571,0.7809999822638929,0.009549996463303683,0.06064649298787117,0.0510764871678323,-0.004407921876227405,0.16351530967728367,4.744169235229492,6.170069694519043
9.437783241271973,9.547954559326172,-8.241021156311035,1.4108357978973387,0.6904090587369357,0.7859999821521342,0.010193008719916135,0.06430123001337051,0.03689745718915741,-0.004261668811553321,0.15996052889755785,3.8776726722717285,6.2846479415893555
9.448999643325806,9.549077987670898,-8.234254837036133,1.4146842930739345,0.6858736260591497,0.7909999820403755,0.010465271869743982,0.027226367965340614,0.06805451021401358,-0.004278400604418309,0.15611203372096205,3.867435932159424,6.381968975067139
9.457780361175537,9.550186157226562,-8.227519989013672,1.4187824444762451,0.6826107787382628,0.7959999819286168,0.010576206860439037,0.01109351683408022,0.09100797622141915,-0.004385113769741267,0.15201388231865143,3.9247851371765137,6.498910427093506
9.468529224395752,9.551338195800781,-8.22076416015625,1.4230011696511278,0.68530389507104,0.800999981816858,0.010808106142858065,0.02318987064063549,0.08145355564034851,-0.004484498351736477,0.14779515714376878,3.925813674926758,6.481836795806885
9.477573156356812,9.552444458007812,-8.213919639587402,1.4272139029931867,0.6933889658553078,0.8059999817050993,0.010952773139442994,0.014466740190982819,0.08421836900335194,-0.004628666498266654,0.14358242380170982,5.397262096405029,6.1714186668396
9.487762451171875,9.55335521697998,-8.206932067871094,1.431188431931333,0.7046511002528245,0.8109999815933406,0.010994939130462124,0.004216582980006933,0.09261263759972874,-0.004898332475390177,0.1396078948635635,9.138739585876465,6.0549702644348145
9.498215198516846,9.554134368896484,-8.199926376342773,1.4346937712983125,0.7049678278625363,0.8159999814815819,0.011625316327592042,0.06303772330284119,0.02883815315907029,-0.005160805296700488,0.136102555496584,5.516973972320557,5.9659423828125
9.507935047149658,9.554754257202148,-8.192914962768555,1.4378211179069393,0.7039346960724611,0.8209999813698232,0.012332280857003879,0.07069645076990128,-0.002870528379265498,-0.00547064231541583,0.13297520888795722,3.880866289138794,5.8611931800842285
9.517938375473022,9.555386543273926,-8.186052322387695,1.4409730047431903,0.6891783055525972,0.8259999812580645,0.013032791899850292,0.07005112618207932,-0.016267672707540936,-0.005775770683170478,0.1298233220517062,3.792593002319336,5.743610858917236
9.52800726890564,9.55609130859375,-8.179409980773926,1.4443080529332681,0.6680168653030296,0.8309999811463058,0.01369510616596221,0.06623144447803497,-0.020862536111478203,-0.006063314420513777,0.12648827386162842,3.861715316772461,5.635082244873047
9.537794351577759,9.5566987991333,-8.17279052734375,1.44733926213025,0.6647530834405782,0.8359999810345471,0.01437884586088807,0.06837394088506699,-0.02889476711608753,-0.006358094242047585,0.12345706466464647,3.9507453441619873,5.741405963897705
9.54795503616333,9.55744743347168,-8.166125297546387,1.450278971222048,0.6707774401718405,0.8409999809227884,0.014742917525770094,0.03640715032815933,-0.0009858788812928815,-0.006484818630626776,0.12051735557284848,4.008677005767822,5.871106147766113
9.557791233062744,9.558271408081055,-8.159424781799316,1.453345310686239,0.6752581489581025,0.8459999808110297,0.01523896285787555,0.04960455372929573,-0.010141384849220291,-0.00657424154733377,0.11745101610865749,4.058900833129883,5.99592399597168
9.568269491195679,9.559155464172363,-8.152682304382324,1.4565376460965698,0.6800564465825846,0.850999980699271,0.015844790944504156,0.06058278679847717,-0.02845949932344389,-0.006641465566570304,0.11425868069832679,4.047051906585693,5.992613315582275
9.578189134597778,9.559990882873535,-8.145849227905273,1.4597643444117707,0.688453725951651,0.8559999805875123,0.01627603748952699,0.04312460869550705,-0.01925701028766843,-0.006767920912002623,0.11103198238312584,4.074014186859131,6.066359519958496
9.587823629379272,9.56082820892334,-8.138947486877441,1.4630700100352163,0.6952090734484181,0.8609999804757535,0.01667177142033381,0.03957337141036987,-0.016384373858139983,-0.006916367764848275,0.10772631675968025,4.102499485015869,6.140395641326904
9.598265647888184,9.561671257019043,-8.131980895996094,1.466456702676677,0.7018147406400718,0.8659999803639948,0.017038505530931957,0.03667342662811279,-0.016090563114248356,-0.007083620844788641,0.10433962411821951,4.132823944091797,6.211270809173584
9.607879638671875,9.562520027160645,-8.124948501586914,1.4699116622282147,0.7083093207232846,0.8709999802522361,0.017388173968726387,0.03496691584587097,-0.017839798219373555,-0.007265886121048837,0.10088466456668188,4.154263019561768,6.269243240356445
9.61838960647583,9.5633544921875,-8.117851257324219,1.4734334868635772,0.7146578100322516,0.8759999801404774,0.017666585338884943,0.02784108929336071,-0.014395235529545445,-0.007482781627222934,0.09736283993131932,4.1891303062438965,6.355489253997803
9.627821445465088,9.564217567443848,-8.11069393157959,1.4770444387501194,0.7209146424338428,0.8809999800287187,0.01799635744930222,0.032977260649204254,-0.022472613394085784,-0.007698049259413864,0.09375188804477719,4.217545509338379,6.4276885986328125
9.637814283370972,9.56507682800293,-8.103469848632812,1.4807276035158485,0.7275222235708422,0.88599997991696,0.01828664561079308,0.029028791934251785,-0.024433168139762554,-0.007939073760079296,0.09006872327904802,4.956634044647217,6.451982498168945
9.6480872631073,9.56592845916748,-8.096183776855469,1.4844594701485418,0.7335470036758069,0.8909999798052013,0.01866015133396486,0.03735058009624481,-0.037734630937580976,-0.008202649822393937,0.08633685664635471,8.791396141052246,6.33855676651001
9.657483339309692,9.566598892211914,-8.088878631591797,1.4879617449805078,0.7335990517203208,0.8809999800287187,0.019527746902954442,0.08675956726074219,-0.09893913297898714,-0.008579142251063487,0.08283458181438874,10.928197860717773,6.224564075469971
9.667640209197998,9.567093849182129,-8.081568717956543,1.4910103609919987,0.7327441626019657,0.8709999802522361,0.02047624357733836,0.09484967589378357,-0.13108612331557193,-0.00899574807163539,0.07978596580289786,3.9089362621307373,6.122982025146484
9.677724361419678,9.56747055053711,-8.074262619018555,1.4936823430005817,0.7316090987788721,0.8609999804757535,0.021446636490025248,0.09703917056322098,-0.14812849509841008,-0.009418175679988039,0.07711398379431489,3.0729806423187256,5.997069358825684
9.68808627128601,9.567913055419922,-8.067197799682617,1.496568612203773,0.7078314207363611,0.850999980699271,0.022407036163668848,0.09604012221097946,-0.15750003016957545,-0.009839073391015418,0.07422771459112364,4.070605278015137,5.840159893035889
9.698370933532715,9.568367004394531,-8.060334205627441,1.4994267134210242,0.6878970196453194,0.8409999809227884,0.023325974128283116,0.0918937623500824,-0.16110643853043558,-0.010240283455276611,0.07136961337387238,4.130905628204346,5.7862772941589355
9.708171367645264,9.568836212158203,-8.05351448059082,1.502051514127074,0.6835805977507671,0.8309999811463058,0.024051042728420492,0.07250679284334183,-0.14613087143889253,-0.010556584084708831,0.0687448126678225,4.734926700592041,5.656557559967041
9.719413757324219,9.5693998336792,-8.046642303466797,1.5045596749973198,0.6895258662241053,0.8209999813698232,0.024458871647728954,0.040782976895570755,-0.11148184270136666,-0.010743697577883182,0.06623665179757676,8.424123764038086,5.541608810424805
9.729393482208252,9.569723129272461,-8.039746284484863,1.506849634031887,0.6905024119837835,0.8109999815933406,0.025369451782084523,0.09105799347162247,-0.158490111541323,-0.011105934701008735,0.06394669276300946,11.02999496459961,5.448930740356445
9.739194393157959,9.569934844970703,-8.03287410736084,1.5086721686723599,0.6875385014582984,0.800999981816858,0.026503761028240983,0.11343109607696533,-0.20098953169681075,-0.011439893412422464,0.06212415812253669,4.227959156036377,5.335118293762207
9.751434564590454,9.57054615020752,-8.01944637298584,1.512233113328012,0.6585056772250768,0.7899999818764627,0.028087203883498207,0.06495475023984909,-0.17048285717230316,-0.011894926596601962,0.058563213466884534,3.5835793018341064,5.30421257019043
9.75965929031372,9.57054615020752,-8.01944637298584,1.512233113328012,0.6585056772250768,0.7809999822638929,0.028087203883498207,0.06495475023984909,-0.16141932950337523,-0.011894926596601962,0.058563213466884534,3.7392420768737793,5.161810398101807
9.769661903381348,9.571046829223633,-8.013131141662598,1.514467625888639,0.6335631469716484,0.7709999824874103,0.02868043737046815,0.05932322144508362,-0.15641053754791517,-0.012063495417136139,0.05632870090625764,4.537614345550537,5.05650520324707
9.77932620048523,9.571390151977539,-8.00687026977539,1.5165206620481477,0.6271682486248771,0.7609999827109277,0.029612171557495702,0.09317351132631302,-0.19492095465258058,-0.012335141813339945,0.05427566474674883,5.44724702835083,4.978267669677734
9.789147138595581,9.571630477905273,-8.000593185424805,1.5181537439037411,0.6282159974921674,0.7509999829344451,0.030547766081454857,0.09355942904949188,-0.211008865156861,-0.01258404048234496,0.05264258289115543,4.485612392425537,5.048337936401367
9.799577236175537,9.57213020324707,-7.99419641494751,1.5196543425725142,0.6420514551556591,0.7559999828226864,0.030813664141833088,0.02658992074429989,-0.14729672568193017,-0.012533888711139696,0.051141984222382364,4.31473445892334,5.190941333770752
9.809611082077026,9.572701454162598,-7.987829208374023,1.5216223166311122,0.6393712441443402,0.7609999827109277,0.0307468248547871,-0.006683871150016785,-0.09457664331507276,-0.012552287412070484,0.04917401016378431,4.374162197113037,5.409421920776367
9.819303274154663,9.57336139678955,-7.981480121612549,1.52396422588948,0.6383325959837454,0.765999982599169,0.030596057991920757,-0.01507676299661398,-0.07132196517943548,-0.012594108090798528,0.04683210090541645,4.440374851226807,5.579558372497559
9.829312324523926,9.57415771484375,-7.975107669830322,1.5264721805909462,0.6422311567818719,0.7709999824874103,0.030594703718449447,-0.00013541807129513472,-0.08182575196647121,-0.012549394894609378,0.04432414620395031,7.439336776733398,5.368443012237549
9.83932089805603,9.574810028076172,-7.968646049499512,1.5289813982646039,0.649520047902534,0.7759999823756516,0.030842991377999264,0.024828536435961723,-0.11381745778589512,-0.012649148690716316,0.04181492853029267,10.907022476196289,5.270632266998291
9.849726676940918,9.575249671936035,-7.962181568145752,1.5311953724914869,0.6480918642446614,0.765999982599169,0.031626376679797216,0.07833859324455261,-0.1836984488595942,-0.012873146710747463,0.0396009543034097,3.337920904159546,5.1702446937561035
9.859455347061157,9.575550079345703,-7.955715656280518,1.5330052221536494,0.647327302757545,0.7559999828226864,0.03244514126492087,0.08187650889158249,-0.21231048748408135,-0.013115287670768083,0.03779110464124713,0.08914326131343842,5.008943557739258
9.86959981918335,9.575838088989258,-7.949452877044678,1.5348105381325354,0.6270152785138334,0.7459999830462039,0.03330030167906807,0.08551622182130814,-0.22886751278918688,-0.013368504299577921,0.03598578866236113,1.017418622970581,4.861833095550537
9.879299640655518,9.576102256774902,-7.943371295928955,1.536533946868436,0.6087633780803285,0.7359999832697213,0.034150426370216,0.08501224964857101,-0.2373822919144895,-0.01362104017780652,0.03426237992646053,5.266773700714111,4.738948822021484
9.889295101165771,9.576305389404297,-7.937418460845947,1.5380474466911789,0.5956792255958532,0.7259999834932387,0.03498772212403484,0.0837295725941658,-0.24246018301970307,-0.013871702611343295,0.03274888010371768,8.711227416992188,4.663299560546875
9.899601697921753,9.576376914978027,-7.93146276473999,1.5391491982309677,0.5955864145781533,0.7159999837167561,0.03584227719146698,0.08545563369989395,-0.24936496004466313,-0.014130531167872107,0.03164712856392882,4.220841407775879,4.550575256347656
9.909275770187378,9.576433181762695,-7.925517559051514,1.540090387615213,0.594570011409614,0.7059999839402735,0.03659623081543583,0.07539534568786621,-0.2440207744289931,-0.014356483977113754,0.03070593917968356,3.018376350402832,4.54964017868042
9.919313669204712,9.576716423034668,-7.919855117797852,1.541452911725161,0.5669409365870899,0.6959999841637909,0.037019834543105916,0.04236042499542236,-0.21030359784792896,-0.014481815676873566,0.02934341506973559,3.655177116394043,4.394762992858887
9.929198026657104,9.5770902633667,-7.914458274841309,1.5430962636801477,0.540953473514285,0.7009999840520322,0.037421888212558735,0.04020533338189125,-0.20062517259846063,-0.01460078036202006,0.027700063114748822,4.853464126586914,4.2888312339782715
9.939646244049072,9.577314376831055,-7.909095764160156,1.5444714500135244,0.5367360467660713,0.6909999842755497,0.03805321766306236,0.06313290446996689,-0.22489359021194444,-0.014789072258773572,0.026324876781372186,4.034145355224609,4.173125743865967
9.94960331916809,9.577445030212402,-7.9036970138549805,1.5453659129392472,0.5400371474382843,0.6809999844990671,0.038645281213759125,0.05920637026429176,-0.2306008066268729,-0.01492666790431052,0.02543041385564937,3.921654462814331,4.214951515197754
9.959311246871948,9.577803611755371,-7.898216724395752,1.546177598748565,0.549310656102345,0.6859999843873084,0.038284054755811966,-0.03612273931503296,-0.13172191751283213,-0.014811515856235857,0.024618728046331473,3.970656633377075,4.418774127960205
9.969661474227905,9.578264236450195,-7.8927321434021,1.5473233963875295,0.55038957177277,0.6909999842755497,0.03778971362405225,-0.0494341105222702,-0.08749623433757547,-0.014694531063733862,0.023472930407367087,4.079235553741455,4.62416934967041
9.979341745376587,9.578848838806152,-7.8871846199035645,1.5486454350829868,0.5578325991399904,0.6959999841637909,0.0373990322772568,-0.039067961275577545,-0.08482268755344313,-0.014506437096988734,0.02215089171190976,4.189606666564941,4.805148601531982
9.989309310913086,9.579544067382812,-7.881559371948242,1.5500731837999113,0.566836598345363,0.7009999840520322,0.03711138616775033,-0.02876468189060688,-0.09481618655618497,-0.014239434685432428,0.020723142994985233,5.887470722198486,4.504114151000977
9.999261617660522,9.58018684387207,-7.875813961029053,1.5515457641512067,0.5781460860188872,0.7059999839402735,0.03647703734299344,-0.06343483924865723,-0.060506475992573396,-0.0140383440258951,0.01925056264368985,4.161102294921875,4.643934726715088
10.009281635284424,9.580643653869629,-7.869894504547119,1.5529960428769827,0.5937268972117746,0.7109999838285148,0.03556084174037315,-0.09161964058876038,-0.01907876443544846,-0.014016542951623023,0.017800283917913884,3.9541807174682617,4.531028747558594
10.019513368606567,9.580997467041016,-7.86401891708374,1.5544887568207248,0.5888998622826083,0.7159999837167561,0.03588510653479701,0.03242655098438263,-0.13910713784527182,-0.014110478803029736,0.01630756997417171,4.618580341339111,4.424047946929932
10.029719591140747,9.581196784973145,-7.8582305908203125,1.555724832608839,0.579398700005897,0.7059999839402735,0.0364574011500618,0.057229358702898026,-0.20399609672740576,-0.014281937943541934,0.015071494186057466,6.868788719177246,4.340587139129639
10.039239645004272,9.581245422363281,-7.852457523345947,1.5565045918604603,0.5774149119523175,0.6959999841637909,0.037072070077619035,0.06146671995520592,-0.23052176175787673,-0.014467203111875548,0.014291734934436251,7.833930015563965,4.277359485626221
10.049836158752441,9.581189155578613,-7.846677303314209,1.5569214939283524,0.5780606121379978,0.6859999843873084,0.0377225588185849,0.06504912674427032,-0.2446791173176071,-0.014648528113026416,0.013874832866544118,3.193608045578003,4.175723075866699
10.059014797210693,9.581366539001465,-7.840912342071533,1.5574133048825898,0.577112401550496,0.6909999842755497,0.0375692965998984,-0.015326225198805332,-0.16455226201564283,-0.0146186742722616,0.01338302191230678,2.6437790393829346,4.106667995452881
10.069604873657227,9.581709861755371,-7.835531234741211,1.5583547298685163,0.5392279872894468,0.6959999841637909,0.03737591904121518,-0.019337745383381844,-0.13672017095165975,-0.014557755459781774,0.012441596926380248,3.6246840953826904,4.102208137512207
10.079429388046265,9.582226753234863,-7.830458164215088,1.5596106230371047,0.509955961371612,0.7009999840520322,0.03691951920519957,-0.04564012587070465,-0.10051432027365495,-0.01441760561510641,0.011185703757791819,4.344857215881348,3.9140264987945557
10.089218616485596,9.582681655883789,-7.825411796569824,1.560828533322266,0.5066939796715079,0.7059999839402735,0.03657994912913524,-0.03395684435963631,-0.10187072461284696,-0.014328055592631728,0.009967793472630548,5.9085469245910645,3.837669849395752
10.0997633934021,9.582864761352539,-7.820350170135498,1.5616844428522751,0.5065958389042381,0.7109999838285148,0.03682585472080807,0.02459055930376053,-0.16525184297158216,-0.014401711290876307,0.009111883942621413,6.049323081970215,3.757383346557617
10.10948896408081,9.582854270935059,-7.815302848815918,1.5621617534120826,0.5047257308221427,0.7009999840520322,0.03733182459463774,0.050596848130226135,-0.21363798400418427,-0.014555389237877137,0.008634573382813928,3.5419211387634277,3.6503396034240723
10.119285583496094,9.582768440246582,-7.810318470001221,1.5624006003937037,0.4985487745401228,0.6909999842755497,0.03785014376804984,0.05183199793100357,-0.23141828572007206,-0.014712871422947416,0.008395726401192904,3.2376060485839844,3.521754741668701
10.129208087921143,9.582698822021484,-7.80551815032959,1.5626827612103111,0.4800409246513188,0.6809999844990671,0.03835653192222404,0.050638701766729355,-0.23754610564965517,-0.014867135008831411,0.008113565584585427,3.7179131507873535,3.444312810897827
10.139672756195068,9.582586288452148,-7.80081844329834,1.5628168974126928,0.4701479739219175,0.6709999847225845,0.03885773647582945,0.05012042075395584,-0.24071378510890698,-0.015019908136139293,0.007979429382203753,3.798504590988159,3.3274943828582764
10.149656534194946,9.582603454589844,-7.796031475067139,1.5626369583854713,0.4787561503895769,0.6759999846108258,0.03889601686597659,0.0038280810695141554,-0.19303508520586,-0.014948762047854558,0.008159368409425216,3.9804253578186035,3.5656392574310303
10.159353494644165,9.582829475402832,-7.791133403778076,1.5624267057909205,0.49043163825848185,0.6809999844990671,0.03868674403853752,-0.020927265286445618,-0.15173665976198616,-0.014659667610702698,0.008369621003976091,4.126354217529297,3.759331464767456
10.170711278915405,9.583176612854004,-7.786134243011475,1.5622953539776387,0.5012198039047332,0.6859999843873084,0.03863815026063633,-0.004859467968344688,-0.1556220101026944,-0.014273126017501525,0.008500972817257813,4.251108646392822,3.913889169692993
10.179654359817505,9.583627700805664,-7.781027317047119,1.5622166439296148,0.5126942448055444,0.6909999842755497,0.03869139504808023,0.005324643105268478,-0.16710869833052722,-0.013798425912568746,0.008579682865281768,4.298163414001465,3.9183616638183594
10.189229488372803,9.58405590057373,-7.775768280029297,1.5621406206823867,0.527666659540477,0.6959999841637909,0.0385685556935715,-0.012283931486308575,-0.15121312193673608,-0.013347420017209899,0.008655706112509876,4.389792442321777,4.021831035614014
10.200305700302124,9.584430694580078,-7.770352840423584,1.5620691151040134,0.5428807483715302,0.7009999840520322,0.03828549780270057,-0.028305841609835625,-0.12838828017203477,-0.01295117514759525,0.008727211690883196,4.483728885650635,4.125114440917969
10.209342956542969,9.584814071655273,-7.764803886413574,1.5620321461033588,0.5562381797043182,0.7059999839402735,0.037960012584135824,-0.032548367977142334,-0.1157753990020493,-0.012556707796349542,0.008764180691537726,4.570910930633545,4.223053455352783
10.218912363052368,9.585210800170898,-7.759127140045166,1.5620199954100926,0.5691186933777672,0.7109999838285148,0.03758715156532033,-0.03728628531098366,-0.10559063625904569,-0.012156334212933828,0.008776331384803937,4.628849029541016,4.316375255584717
10.229280471801758,9.585618019104004,-7.75333309173584,1.5620636695253756,0.5808104131038954,0.7159999837167561,0.03714481251259969,-0.044233743101358414,-0.09367496422843943,-0.011762217012330822,0.008732657269520994,4.656946182250977,4.405865669250488
10.23938798904419,9.586029052734375,-7.747437953948975,1.5622062422107161,0.5909808510322645,0.7209999836049974,0.0366021706308221,-0.054264143109321594,-0.07782893381009681,-0.011393953583178629,0.008590084584180422,4.665882587432861,4.490293502807617
10.249719858169556,9.586444854736328,-7.741454124450684,1.5624745109636529,0.5998347399914528,0.7259999834932387,0.03593561963788481,-0.06665515899658203,-0.058108824212333196,-0.011058629329575353,0.008321815831243695,4.6635918617248535,4.570274829864502
10.25960636138916,9.586861610412598,-7.735391139984131,1.5628833111533473,0.6077464833698172,0.73099998338148,0.03513299441103132,-0.08026261627674103,-0.035714897333119666,-0.010764509668856448,0.007913015641549226,4.656155109405518,4.645491600036621
10.269598484039307,9.5872802734375,-7.729255676269531,1.5634366721420676,0.6149735735763345,0.7359999832697213,0.03419188315584235,-0.09411100298166275,-0.012025425875036813,-0.010511850098204434,0.00735965465282895,4.655390739440918,4.7386980056762695
10.279612302780151,9.587687492370605,-7.723056793212891,1.5641323406782424,0.6213399613104277,0.7409999831579626,0.033084420366135216,-0.1107463538646698,0.015285996152428066,-0.010313326591317562,0.006663986116654197,4.624094009399414,4.78465461730957
10.28965711593628,9.588109970092773,-7.716796398162842,1.5649880227214512,0.6276121617820138,0.7459999830462039,0.03187136760422504,-0.12130536139011383,0.03745530218868822,-0.010147548482738245,0.005808304073445347,4.598579406738281,4.848361492156982
10.299940824508667,9.588526725769043,-7.710480213165283,1.565994525642785,0.6331984243761271,0.7509999829344451,0.030506961805311296,-0.13644050061702728,0.0631519877109894,-0.010032739421143688,0.0048018011521115955,4.5415754318237305,4.901354789733887
10.309479236602783,9.588933944702148,-7.704116344451904,1.5671473275164756,0.6380189536210846,0.7559999828226864,0.028991239078985195,-0.15157240629196167,0.09016971271037277,-0.009971357943680204,0.0036489992784209946,4.571427345275879,4.9411845207214355
10.319615840911865,9.589263916015625,-7.697703838348389,1.5683343590263719,0.6428320910792431,0.7609999827109277,0.027230703797810462,-0.17605352401733398,0.1279750591814045,-0.009997494399950568,0.0024619677685246977,4.578229904174805,4.876669883728027
10.329450845718384,9.589508056640625,-7.691209316253662,1.5695299162007024,0.6506470731307512,0.7509999829344451,0.02524746693748842,-0.198323592543602,0.1672383127392344,-0.01011202028266922,0.0012664105941941894,4.024609088897705,4.889194488525391
10.339771032333374,9.58977222442627,-7.684659481048584,1.5708075885479529,0.6560741156523725,0.7559999828226864,0.023435000920187035,-0.18124671280384064,0.165081337446287,-0.010231154099646034,-1.1261753056324153e-05,4.761763572692871,4.830722332000732
10.349625587463379,9.589920043945312,-7.67811393737793,1.5719081201159446,0.6548787977629511,0.7609999827109277,0.02386046737876879,0.0425468347966671,-0.07279128526930043,-0.010413493982287747,-0.001111793321048049,5.137315273284912,4.712530612945557
10.359312772750854,9.589889526367188,-7.671610355377197,1.572431044034672,0.6504666206302835,0.7509999829344451,0.02439766805674399,0.05372004210948944,-0.15805673565603812,-0.010600888586321133,-0.0016347172397754852,4.465206623077393,4.59929895401001
10.369256734848022,9.589737892150879,-7.66517448425293,1.5725489538283006,0.6437895408482605,0.7409999831579626,0.02501235102805836,0.06146819144487381,-0.1938894012438907,-0.01078789568996541,-0.001752627033404064,4.55471134185791,4.502674579620361
10.37928581237793,9.589484214782715,-7.65881872177124,1.5723909451061813,0.636064172316296,0.73099998338148,0.02569144684979431,0.06790972501039505,-0.21353611114280385,-0.010994170507929724,-0.0015946183112847123,7.011658668518066,4.4353532791137695
10.389636754989624,9.589115142822266,-7.652494430541992,1.571862524332973,0.633536928802181,0.7209999836049974,0.026384674567560346,0.06932263821363449,-0.2228121664844564,-0.011204716378555801,-0.001066197538076352,9.673279762268066,4.375587463378906
10.399987697601318,9.588624000549316,-7.6461710929870605,1.5709335486708678,0.6343286985504597,0.7109999838285148,0.027085804309041058,0.07011295855045319,-0.22805466443476272,-0.011417166013345081,-0.00013722187597120517,4.967237949371338,4.057146072387695
10.409172773361206,9.588414192199707,-7.639759063720703,1.5699951415960607,0.6418045697594182,0.7159999837167561,0.026690653701709425,-0.03951484337449074,-0.11273801663484906,-0.011345452266356304,0.0008011851988358742,1.4872814416885376,4.187824726104736
10.420369148254395,9.58857250213623,-7.6278886795043945,1.569617182724975,0.5761164176384117,0.7209999836049974,0.02581044223914187,-0.06507354974746704,-0.04867886060322696,-0.011073754724765905,0.0011791440699215894,4.534359455108643,4.120328903198242
10.429622650146484,9.58857250213623,-7.6278886795043945,1.569617182724975,0.5761164176384117,0.7259999834932387,0.02581044223914187,-0.06507354974746704,-0.029551450339558152,-0.011073754724765905,0.0011791440699215894,4.485708713531494,4.235964298248291
10.442131280899048,9.588888168334961,-7.6221923828125,1.5698176666268258,0.5705933001780665,0.73099998338148,0.02498664018401038,-0.08238018304109573,-0.003310017714391343,-0.01081823366148349,0.0009786601680707996,4.267952919006348,4.238123416900635
10.454473733901978,9.5892972946167,-7.616613864898682,1.5702662417412812,0.5595749290769562,0.7359999832697213,0.024082985424970567,-0.090365469455719,0.01532845095806764,-0.010543679874663425,0.0005300850536154034,2.2254605293273926,3.9276466369628906
10.465277671813965,9.589799880981445,-7.611307621002197,1.5711236962964739,0.5331002308480539,0.7409999831579626,0.0235109811641017,-0.057200364768505096,-0.012833650419182607,-0.010298329867273637,-0.0003273695015773015,1.7252448797225952,3.8332250118255615
10.473982095718384,9.590096473693848,-7.606149196624756,1.5721282853606628,0.5169805763429349,0.7459999830462039,0.02352263308690139,0.0011652209796011448,-0.08346251728734216,-0.010303113757728966,-0.0013319585657662893,3.2825779914855957,3.7011990547180176
10.4864981174469,9.59013557434082,-7.596096038818359,1.573108362988985,0.5011395216761547,0.7514999830164015,0.024176689404400643,0.03601902350783348,-0.14421603871017144,-0.010558035899455476,-0.002312036194088485,6.875552177429199,3.59538197517395
10.494225025177002,9.59013557434082,-7.596096038818359,1.573108362988985,0.5011395216761547,0.7559999828226864,0.024176689404400643,0.03601902350783348,-0.16251825170536574,-0.010558035899455476,-0.002312036194088485,10.147031784057617,3.5076286792755127
10.503830671310425,9.589929580688477,-7.5911078453063965,1.5728388830647462,0.4992675131360708,0.7459999830462039,0.024588420724722258,0.041173361241817474,-0.17462026051222632,-0.010683185766396264,-0.002042556269849616,12.010735511779785,3.427311897277832
10.515023469924927,9.589119911193848,-7.581164836883545,1.5710095943385418,0.4988272648322307,0.7349999831058085,0.025447810310735047,0.04315829649567604,-0.1818531548792413,-0.010944069068759887,-0.0002132675436452569,4.483673572540283,3.3894131183624268
10.52383828163147,9.589119911193848,-7.581164836883545,1.5710095943385418,0.4988272648322307,0.7259999834932387,0.025447810310735047,0.04315829649567604,-0.18410318378837387,-0.010944069068759887,-0.0002132675436452569,2.8944168090820312,3.1227002143859863
10.534119129180908,9.588935852050781,-7.576424598693848,1.5704213639036588,0.4744030370135788,0.73099998338148,0.025458070228493754,0.0010260414564982057,-0.14037498910154386,-0.010951659084483367,0.00037496289123772897,3.5120251178741455,3.0842130184173584
10.543815612792969,9.589031219482422,-7.571969509124756,1.5701920238265759,0.4456400283810028,0.7359999832697213,0.024920065703922686,-0.05380048230290413,-0.06806675696670239,-0.010787489638115488,0.0006043029683207024,3.490227699279785,3.2085418701171875
10.55377721786499,9.589244842529297,-7.567566871643066,1.5701909596979877,0.4407910933789528,0.7409999831579626,0.024224790478822318,-0.06952755898237228,-0.027777303489153513,-0.010573547352722201,0.0006053670969088376,3.6574714183807373,3.3708579540252686
10.564575672149658,9.589555740356445,-7.5630927085876465,1.5702706367037038,0.44858180320104285,0.7459999830462039,0.023611183298609773,-0.06136065348982811,-0.022319360827813925,-0.010286552623460565,0.0005256900911927432,3.4173383712768555,3.464921712875366
10.573503732681274,9.589972496032715,-7.558491230010986,1.5702582259389013,0.4619999482829332,0.7509999829344451,0.023321474475065662,-0.02897084318101406,-0.053410864007066045,-0.009866073718276525,0.0005381008559952605,3.514970541000366,3.3989295959472656
10.584352970123291,9.590253829956055,-7.5537214279174805,1.5699880747340886,0.47782750898287096,0.7559999828226864,0.022866458781743024,-0.045501578599214554,-0.043516874088302696,-0.009503694452103417,0.0008082520608079237,3.6897196769714355,3.4518980979919434
10.593852996826172,9.590527534484863,-7.548827648162842,1.5695054101022865,0.49022142628969584,0.7609999827109277,0.02257150834614811,-0.029495084658265114,-0.0557468717926076,-0.009085190614916527,0.0012909166926100557,3.8583691120147705,3.5068869590759277
10.60420298576355,9.590800285339355,-7.543812274932861,1.568820047600604,0.5024194231757553,0.765999982599169,0.02241703021756655,-0.015447813086211681,-0.07274675183385619,-0.008606831288291872,0.0019762791942925517,4.004553318023682,3.572676658630371
10.613927364349365,9.59107494354248,-7.538674831390381,1.5679586788122875,0.5146491000279332,0.7709999824874103,0.022380363947628455,-0.0036666798405349255,-0.08894933251670371,-0.008073763205208806,0.002837647982609104,4.104687213897705,3.6619319915771484
10.623734474182129,9.591357231140137,-7.533409595489502,1.5670478703618862,0.5274976078324629,0.7759999823756516,0.022358872220816565,-0.0021491635125130415,-0.09412299010632934,-0.007518234563422155,0.0037484564330103605,4.203403949737549,3.7498865127563477
10.634226560592651,9.59164810180664,-7.528016090393066,1.5661148723086311,0.5403275337594912,0.7809999822638929,0.022330455204458807,-0.0028417184948921204,-0.09362230634574584,-0.006947466977415218,0.004681454486265446,4.300726890563965,3.836557388305664
10.644341468811035,9.591949462890625,-7.522496700286865,1.5651600632093732,0.5529658689227029,0.7859999821521342,0.02229466856608708,-0.0035784938372671604,-0.09132543770923832,-0.006359666986194057,0.005636263585523382,4.3966803550720215,3.9219627380371094
10.653828144073486,9.592260360717773,-7.516852855682373,1.5641836550400052,0.5654407591179457,0.7909999820403755,0.02225107118571416,-0.004359906539320946,-0.08839533717290937,-0.005755852213482626,0.0066126717548913305,4.491375923156738,4.006196975708008
10.664386510848999,9.592580795288086,-7.511086940765381,1.5631861960463804,0.5777403560548194,0.7959999819286168,0.022199210076349646,-0.005186114925891161,-0.08518003485309808,-0.005136187523984148,0.007610130748516131,4.5847320556640625,4.0891828536987305
10.673808097839355,9.592911720275879,-7.505199432373047,1.5621675619239128,0.5898597399429268,0.800999981816858,0.022138635913746544,-0.006057227961719036,-0.0817813906066226,-0.004499682385691983,0.00862876487098374,4.676794528961182,4.170957565307617
10.683817148208618,9.59325122833252,-7.4991936683654785,1.561128473753682,0.6018040216168483,0.8059999817050993,0.02206890352238323,-0.006973395589739084,-0.07823131782201412,-0.003848460936350051,0.009667853041214647,4.767601013183594,4.251548767089844
10.693806648254395,9.593602180480957,-7.493070125579834,1.5600689771581795,0.6135807014248288,0.8109999815933406,0.021989556119995216,-0.007934787310659885,-0.07453485015402889,-0.0031796763507134784,0.010727349636717065,4.857158184051514,4.330958366394043
10.70377802848816,9.593961715698242,-7.486830711364746,1.558989455534891,0.6251865374789419,0.8159999814815819,0.02190014088354473,-0.008941414766013622,-0.07069565048360463,-0.002496305218379291,0.011806871260005458,4.946130752563477,4.409780502319336
10.713821649551392,9.594332695007324,-7.480477809906006,1.5578902871015488,0.636615383543562,0.8209999813698232,0.02180019249528108,-0.009994911961257458,-0.06670908712218727,-0.001795600569057143,0.012906039693347804,5.039241313934326,4.494243144989014
10.7235848903656,9.59471321105957,-7.474010944366455,1.5567703170776215,0.6480376066286209,0.8259999812580645,0.02169074341374147,-0.010944769717752934,-0.06273543423749435,-0.0010791239899976546,0.014026009717275079,5.118447780609131,4.562457084655762
10.734150409698486,9.595104217529297,-7.467434883117676,1.5556330246000638,0.658997131682247,0.8309999811463058,0.021568399620016474,-0.01223447173833847,-0.058350288066776314,-0.00034696613191798065,0.01516330219483275,5.197075366973877,4.633805274963379
10.743989706039429,9.595505714416504,-7.460753440856934,1.5544807634426197,0.6696046215880566,0.8359999810345471,0.0214316958704337,-0.013670498505234718,-0.05362749639256362,0.0004001662668819961,0.016315563352276907,5.269747257232666,4.697877883911133
10.753948211669922,9.595917701721191,-7.453975677490234,1.553312418607116,0.6792932106793306,0.8409999809227884,0.021282299859654078,-0.014939515851438046,-0.04892125744513243,0.0011626069513983595,0.017483908187780447,5.333660125732422,4.754058837890625
10.763720989227295,9.596338272094727,-7.447112083435059,1.5521295517389504,0.6879071475993636,0.8459999808110297,0.021120434302592153,-0.016186432912945747,-0.04418900450370472,0.0019379793966969316,0.01866677505594616,5.3884968757629395,4.802066326141357
10.774054527282715,9.59676742553711,-7.440174102783203,1.5509343903635662,0.695347899416527,0.850999980699271,0.020946003262340876,-0.017443247139453888,-0.039385330968059296,0.002725614700997525,0.01986193643133038,5.434908390045166,4.842480659484863
10.783942461013794,9.597206115722656,-7.433174133300781,1.549728647648956,0.7016580227423576,0.8559999805875123,0.02075896148383676,-0.018704218789935112,-0.03450228917392616,0.003525951935394289,0.021067679145940543,5.4687418937683105,4.873657703399658
10.793834209442139,9.597651481628418,-7.426120758056641,1.5485165336280922,0.7069752715835698,0.8609999804757535,0.020557260015210514,-0.020170088857412338,-0.029327412832259522,0.004334866619766231,0.022279793166804396,5.495166301727295,4.908352375030518
10.803619384765625,9.598104476928711,-7.419022560119629,1.5473132522954118,0.7115377619312069,0.8659999803639948,0.020327492284423314,-0.0229767095297575,-0.022580645687827375,0.005148751803716323,0.023483074499484724,5.508274555206299,4.936620235443115
10.813915729522705,9.598564147949219,-7.41188383102417,1.5461349700503568,0.7155778429540082,0.8709999802522361,0.020053339486155217,-0.027415260672569275,-0.013543534276905824,0.005961805065085812,0.02466135674453973,5.515846252441406,4.96268367767334
10.823778867721558,9.599027633666992,-7.404708385467529,1.544989836616295,0.7192359953490739,0.8759999801404774,0.019726938386570574,-0.03264016658067703,-0.002877236848174555,0.006768721425405744,0.025806490178601482,5.521607875823975,4.987583637237549
10.834505558013916,9.599496841430664,-7.3974995613098145,1.543881146915737,0.7226236321301451,0.8809999800287187,0.01934665887742456,-0.03802783787250519,0.008568579703478596,0.00757042052569723,0.02691517987915959,5.52616548538208,5.01146125793457
10.843901634216309,9.599971771240234,-7.390259265899658,1.5428102121411589,0.7258058030598191,0.88599997991696,0.018913706079593508,-0.04329534247517586,0.020237486956252413,0.008366509711381198,0.02798611465373768,5.52883768081665,5.034145355224609
10.85353422164917,9.600452423095703,-7.382988929748535,1.5417781602657403,0.7287786544055513,0.8909999798052013,0.018428632003217975,-0.04850742965936661,0.032028263269477455,0.009156651362744128,0.029018166529156227,5.529057025909424,5.055843353271484
10.864017486572266,9.60093879699707,-7.375690937042236,1.5407874649357953,0.7315790052288976,0.8959999796934426,0.01789079353288812,-0.05378389358520508,0.044035889543460785,0.009940104418936002,0.030008861859101232,5.527544975280762,5.076079368591309
10.873888492584229,9.601430892944336,-7.368368148803711,1.5398405841359468,0.7340967105983912,0.9009999795816839,0.017299624046542634,-0.05911686271429062,0.05628050905185541,0.010716132633675102,0.03095574265894974,5.52462100982666,5.095303058624268
10.884684801101685,9.601929664611816,-7.361021995544434,1.5389384941466397,0.7364253100740139,0.8909999798052013,0.01665637436834177,-0.06432501971721649,0.06857431803883783,0.011485397828364441,0.03185783264825681,5.520565986633301,5.113631248474121
10.894332885742188,9.602434158325195,-7.353654861450195,1.5380821631201096,0.738574648781369,0.8809999800287187,0.015961977763875628,-0.06943965703248978,0.08088958431481348,0.012246656959407076,0.03271416367478697,5.515506744384766,5.131133079528809
10.904440641403198,9.602946281433105,-7.346268177032471,1.5372720663877333,0.7405577575926149,0.8709999802522361,0.015217611793152055,-0.07443663477897644,0.0931910970812326,0.013001675805467627,0.033524260407163275,5.510437965393066,5.148000240325928
10.913990020751953,9.60346508026123,-7.338863372802734,1.5365086793064409,0.7424094681337051,0.8609999804757535,0.014425437219658752,-0.07921736687421799,0.10535741839447792,0.013749359124995308,0.0342876474884557,5.478020191192627,5.157157897949219
10.92383861541748,9.603986740112305,-7.331446647644043,1.5358128906229598,0.7435500752681403,0.850999980699271,0.013561792143344981,-0.08636466413736343,0.12010891647636102,0.014479630387040032,0.03498343617193678,5.414524555206299,5.1573920249938965
10.935293674468994,9.605027198791504,-7.316634178161621,1.5347834127216893,0.7416034905927081,0.8399999807588756,0.011448913326582447,-0.1135743260383606,0.16108478539186272,0.015828737853501806,0.03601291407320728,5.324082374572754,5.1469316482543945
10.943748712539673,9.605027198791504,-7.316634178161621,1.5347834127216893,0.7416034905927081,0.8309999811463058,0.011448913326582447,-0.1135743260383606,0.173341481991087,0.015828737853501806,0.03601291407320728,5.191740989685059,5.131853103637695
10.953806400299072,9.605534553527832,-7.309269905090332,1.5345330250198674,0.7382062455993545,0.8209999813698232,0.010125782283474867,-0.13231302797794342,0.20115400767416958,0.016411159855962865,0.03626330177502912,5.044145584106445,5.108630180358887
10.963843584060669,9.606037139892578,-7.301951885223389,1.5344976435398225,0.73351215076845,0.8109999815933406,0.00861437497134955,-0.15114082396030426,0.23404767345616445,0.016924353679536708,0.036298683255074016,4.874673366546631,5.077608108520508
10.973852157592773,9.606486320495605,-7.294718265533447,1.534728045850846,0.7247974619311276,0.800999981816858,0.006709368091037694,-0.19050061702728271,0.2908385716261562,0.01730445883241316,0.03606828094405046,4.716979503631592,5.022778511047363
10.98448657989502,9.606908798217773,-7.287561893463135,1.5351633015003925,0.7168942922790426,0.7909999820403755,0.004530971996834397,-0.21783964335918427,0.34271320096997715,0.017596443764869463,0.03563302529450407,4.572606086730957,4.97524356842041
10.99412751197815,9.607318878173828,-7.280480861663818,1.5357857537296156,0.7093006505160144,0.7809999822638929,0.002178061666399874,-0.2352910190820694,0.3830259210762935,0.0178199045315246,0.03501057306528099,4.419218063354492,4.925626277923584
11.003533601760864,9.607718467712402,-7.273481369018555,1.5365950278988532,0.7011027086378947,0.7709999824874103,-0.0003283839762349839,-0.25064459443092346,0.4179121373268265,0.017976857185908912,0.0342012988960434,4.247078895568848,4.87752628326416
11.014127969741821,9.608108520507812,-7.266573905944824,1.537624406463653,0.691877567507904,0.7609999827109277,-0.002983038176363394,-0.2654654085636139,0.450811205814421,0.018058271627850786,0.0331719203312435,4.066617488861084,4.835176467895508
11.023759126663208,9.608488082885742,-7.259766578674316,1.5389028155412467,0.6818701038676352,0.7509999829344451,-0.005773844853919553,-0.2790806293487549,0.4819826097952764,0.018054514246635733,0.03189351125364981,3.8907060623168945,4.8006157875061035
11.034381628036499,9.608860969543457,-7.253063678741455,1.5404391057614004,0.6715519541247028,0.7409999831579626,-0.008675473810669049,-0.29016292095184326,0.510030777867621,0.01796673711660901,0.03035722103349614,3.7255687713623047,4.774871826171875
11.044045448303223,9.609230041503906,-7.246464729309082,1.5422302936083332,0.6613009693233434,0.73099998338148,-0.011654053522727203,-0.29785794019699097,0.5335477778519343,0.017798685987205687,0.028566033186563367,3.571228504180908,4.758296012878418
11.053783178329468,9.609598159790039,-7.2399678230285645,1.5442721534657433,0.6513296384556507,0.7209999836049974,-0.014675601221951474,-0.3021547198295593,0.5520095519700059,0.01755447879167349,0.026524173329153244,3.426417350769043,4.750247955322266
11.064114570617676,9.609967231750488,-7.233569622039795,1.5465612054770161,0.6417270733594285,0.7109999838285148,-0.01771161425565893,-0.30360135436058044,0.5657586749420871,0.01723705645260587,0.024235121317880415,3.29105281829834,4.75079870223999
11.073860168457031,9.610340118408203,-7.227266788482666,1.5490952250671797,0.6325851254448859,0.7009999840520322,-0.020737231964868257,-0.30256181955337524,0.575214336255397,0.016849937945078608,0.021701101727716887,3.166584014892578,4.760168552398682
11.083857774734497,9.610715866088867,-7.221053123474121,1.5518708997524095,0.6240235588166204,0.6909999842755497,-0.023729075649959956,-0.2991843819618225,0.5805932986812785,0.016393155279979865,0.01892542704248701,3.0546176433563232,4.77802038192749
11.093761205673218,9.61109733581543,-7.214922904968262,1.554881803959497,0.616202560508745,0.6809999844990671,-0.02666416462576217,-0.2935088276863098,0.5819458830604799,0.01587149113342079,0.015914522835399625,2.9559600353240967,4.803826808929443
11.104007720947266,9.611483573913574,-7.208867073059082,1.5581186942497784,0.6092421095769446,0.6709999847225845,-0.02952320817041774,-0.28590449690818787,0.5796281074492392,0.015286761798973814,0.012677632545118112,2.8712856769561768,4.8380255699157715
11.114078521728516,9.611871719360352,-7.202880382537842,1.5615570428290753,0.6028709416760021,0.6609999849461019,-0.03228654157969275,-0.27633315324783325,0.5736748369197521,0.014643465114984267,0.009239283965821299,2.8320107460021973,5.49446964263916
11.123903036117554,9.612218856811523,-7.19696569442749,1.5650179110913363,0.5956448110983602,0.6509999851696193,-0.03490319059551219,-0.2616650462150574,0.5608122045966366,0.01395237187551679,0.005778415703560302,3.49576997756958,5.878490924835205
11.13394546508789,9.612854957580566,-7.191281318664551,1.568290864744989,0.5733860634558208,0.6559999850578606,-0.0341914870831652,0.0711703971028328,0.20306610201433234,0.013606595409157762,0.0025054620499076474,3.5426080226898193,5.6569719314575195
11.143782615661621,9.613329887390137,-7.185748100280762,1.5712331900702488,0.5580450328566827,0.6609999849461019,-0.03311263744167144,0.10788494348526001,0.05187009197970202,0.013198828411701058,-0.00043686327535219505,3.3763530254364014,4.737873077392578
11.153777122497559,9.61320972442627,-7.180149555206299,1.5729631712622751,0.5608666557204577,0.6659999848343432,-0.03218873165988415,0.09239047765731812,0.018380745649832733,0.01255967159474558,-0.0021668444673785814,5.087194442749023,4.533659934997559
11.163886547088623,9.612977027893066,-7.174628257751465,1.5744152177192579,0.5531474875941282,0.6709999847225845,-0.030266559308488823,0.1922173947095871,-0.10346805616035867,0.011891362985473108,-0.003618890924361296,9.174583435058594,4.335811138153076
11.173848867416382,9.612611770629883,-7.169151782989502,1.5753056566476626,0.5489269963716795,0.6759999846108258,-0.027928872203729208,0.23376867175102234,-0.19139548041618523,0.011258976258696762,-0.004509329852766087,4.870129585266113,4.075247764587402
11.183513164520264,9.612157821655273,-7.163702964782715,1.5755641992230767,0.5468049103882652,0.6659999848343432,-0.025129778322658065,0.2799093723297119,-0.27472580734082075,0.01072746534612179,-0.004767872428180109,-1.9062936305999756,4.223921298980713
11.193452596664429,9.611650466918945,-7.158432483673096,1.5755494762385969,0.5295325571042345,0.6709999847225845,-0.023421462500488228,0.1708316206932068,-0.1903603210910405,0.010224527455088506,-0.004753149443700311,1.185154914855957,4.1154913902282715
11.20375657081604,9.61102294921875,-7.153439998626709,1.5759632968632247,0.503206736332731,0.6759999846108258,-0.021701732507999092,0.17197294533252716,-0.17199960776343054,0.00947286509552292,-0.005166970068328114,4.6884870529174805,4.0042195320129395
11.21441912651062,9.610265731811523,-7.148600101470947,1.5762799410955481,0.48996046368620666,0.6809999844990671,-0.019750102661109038,0.19516301155090332,-0.19735981636767255,0.008620655765936291,-0.005483614300651585,6.714151859283447,3.346672534942627
11.224381923675537,9.609334945678711,-7.14377498626709,1.5760341550107257,0.49154706080781746,0.6859999843873084,-0.01788639506079807,0.18637071549892426,-0.20168885605641385,0.007763604398903112,-0.005237828215829188,3.4916627407073975,3.2195303440093994
11.234798908233643,9.60834789276123,-7.138972282409668,1.575401313929105,0.4903610452965324,0.6909999842755497,-0.015958002731134305,0.19283927977085114,-0.21557226031603297,0.006966401503609276,-0.004604987134208427,-1.8431826829910278,3.0911290645599365
11.244206666946411,9.607412338256836,-7.134373664855957,1.5748481560325234,0.4693858562567066,0.6959999841637909,-0.014194607331962109,0.1763395071029663,-0.20771916219903663,0.006196792811554275,-0.004051829237626814,-6.72050666809082,2.964911937713623
11.253829956054688,9.606548309326172,-7.12997579574585,1.5743669214169977,0.4482260462983739,0.7009999840520322,-0.01254756614943482,0.1647041141986847,-0.1981392710776808,0.005477133215642027,-0.003570594622101186,-1.292712688446045,2.8277587890625
11.264882564544678,9.605734825134277,-7.125773906707764,1.5738909983183011,0.4280373347559817,0.7059999839402735,-0.011010497723127304,0.1537068486213684,-0.18837160418961954,0.004806425159138428,-0.0030946715234045907,5.584444522857666,2.730736494064331
11.274372816085815,9.604907989501953,-7.121709823608398,1.5732627114797353,0.4148485134800758,0.7109999838285148,-0.009548444746156733,0.14620529115200043,-0.18189504846808477,0.004168074846658598,-0.0024663846848387294,9.059452056884766,2.6687538623809814
11.28434944152832,9.603968620300293,-7.117652893066406,1.5722459467242995,0.41671433339563746,0.7159999837167561,-0.00809479221872925,0.14536525309085846,-0.18313884824207616,0.0035337344737840226,-0.0014496199294029566,11.43248176574707,2.6143531799316406
11.293955326080322,9.602913856506348,-7.113592624664307,1.57085626701393,0.42005129108149264,0.7209999836049974,-0.006633094950373715,0.14616970717906952,-0.18819705419722413,0.002895874440648427,-5.9940219033549624e-05,3.163999319076538,2.1987698078155518
11.30419659614563,9.602168083190918,-7.109306812286377,1.569085351593417,0.4358773570169295,0.7259999834932387,-0.00602658982336134,0.06065050885081291,-0.1006251640992406,0.0026813755009236218,0.0017109752014794477,-2.1197502613067627,2.4329798221588135
11.315001964569092,9.601580619812012,-7.105256080627441,1.5679995221210172,0.40980541737704823,0.73099998338148,-0.005550962018742108,0.047562770545482635,-0.061434461513580896,0.002419660120329681,0.0027968046738793273,2.700545310974121,2.401069164276123
11.324183702468872,9.60119342803955,-7.1015095710754395,1.567429985463055,0.37674430143399984,0.7359999832697213,-0.00505351165741532,0.04974504932761192,-0.05316088669198009,0.00220332853169225,0.0033663413318416606,2.7517683506011963,2.4346184730529785
11.334278345108032,9.601070404052734,-7.0977888107299805,1.566861721995502,0.3723559267698278,0.7409999831579626,-0.0051471534057659475,-0.00936414860188961,0.012124648625006923,0.00225078244695176,0.003934604799394448,2.883253335952759,2.61619234085083
11.343448400497437,9.601056098937988,-7.09397554397583,1.5664087894023297,0.3814284473663342,0.7459999830462039,-0.005163854629727324,-0.0016701671993359923,0.024146337804946762,0.0023723559326516153,0.004387537392566809,3.017089605331421,2.7882299423217773
11.354102849960327,9.601134300231934,-7.0900444984436035,1.56601972739296,0.39323589460180547,0.7509999829344451,-0.004999041462744212,0.01648133248090744,0.00873641558783373,0.002567274603400449,0.004776599401936643,3.1400253772735596,2.9517626762390137
11.364057302474976,9.601288795471191,-7.085990905761719,1.5656968408773524,0.40567190809073367,0.7559999828226864,-0.0046934325283933265,0.030560916289687157,-0.011006352240476257,0.0028186346159184694,0.0050994859175441665,3.2518229484558105,3.1037395000457764
11.374166488647461,9.601510047912598,-7.081814765930176,1.5654517108700383,0.41823384224337395,0.7609999827109277,-0.004287043402541298,0.040638893842697144,-0.028138073733114045,0.003113425056639585,0.005344615924858242,3.380317211151123,3.227980375289917
11.384459257125854,9.60177993774414,-7.077517032623291,1.565220231969371,0.4306247808019472,0.765999982599169,-0.003770397888811168,0.051664531230926514,-0.045753373737524944,0.0034527575229823526,0.005576094825525457,3.501708745956421,3.345730781555176
11.393627643585205,9.60208797454834,-7.073096752166748,1.5649800386745791,0.4431010236030091,0.7709999824874103,-0.0031545570826170427,0.06158411130309105,-0.06258340810409234,0.003832851146430727,0.0058162881203174255,3.615083932876587,3.455889940261841
11.403996706008911,9.60242748260498,-7.0685553550720215,1.5647313066323774,0.45544332911614843,0.7759999823756516,-0.0024614198286883413,0.06931371986865997,-0.07705642616677215,0.0042469774988305176,0.006065020162519198,3.911550998687744,3.3311586380004883
11.413810968399048,9.602737426757812,-7.063873767852783,1.564433429546117,0.46917602537363984,0.7809999822638929,-0.0019081628096615962,0.05532572418451309,-0.06761901502901482,0.004646283051913613,0.006362897248779476,3.6465578079223633,3.431830883026123
11.4234459400177,9.602828025817871,-7.058993816375732,1.5640498076049787,0.4881375157297102,0.7859999821521342,-0.0018539425263733496,0.005422001238912344,-0.012074375260143488,0.004851966221314896,0.006746519189917866,3.715993642807007,3.5296404361724854
11.434239625930786,9.602921485900879,-7.053983688354492,1.563725336542817,0.5010926028402803,0.7909999820403755,-0.0018473991445886908,0.00065433862619102,0.009995644416828747,0.005042765299458907,0.007070990252079579,3.790342330932617,3.62514066696167
11.44386076927185,9.603020668029785,-7.048845291137695,1.5634456681790339,0.5140022447567215,0.7959999819286168,-0.001883947302526744,-0.003654796164482832,0.021620844851000937,0.005225845755992609,0.007350658615862704,3.8831844329833984,3.714076519012451
11.45380425453186,9.603124618530273,-7.043578147888184,1.563173139128962,0.5268274479558694,0.800999981816858,-0.0019340704343676369,-0.0050123524852097034,0.027047952562739966,0.0054115526798064195,0.0076231876659345055,3.974074125289917,3.80078125
11.463761806488037,9.603230476379395,-7.038186073303223,1.5628954803867952,0.5392990909659703,0.8059999817050993,-0.0019879122789059262,-0.00538413692265749,0.02959764164745257,0.005600705642027748,0.007900846408101403,4.063125133514404,3.8857035636901855
11.474087238311768,9.603340148925781,-7.03267240524292,1.5626113529595416,0.5515183250521444,0.8109999815933406,-0.002044969665707348,-0.005705762188881636,0.03125036118483866,0.005795613659357102,0.008184973835354992,4.150747299194336,3.969599723815918
11.484113216400146,9.603453636169434,-7.027037620544434,1.5623214329769455,0.563576795581379,0.8159999814815819,-0.0021056503340555737,-0.006068054586648941,0.03269581900489487,0.0059960738799631486,0.008474893817951079,4.23743200302124,4.052227020263672
11.493376731872559,9.603569984436035,-7.021284580230713,1.5620257266952469,0.5754720080389983,0.8209999813698232,-0.002170007578482662,-0.006435729563236237,0.03410297317860225,0.006201130732829796,0.008770600099649695,4.3229498863220215,4.133711338043213
11.504148244857788,9.603689193725586,-7.015413761138916,1.5617240704598414,0.5872040833090393,0.8259999812580645,-0.0022379568672167547,-0.006794940214604139,0.03550790108580111,0.006410833291274898,0.009072256335055153,4.407315254211426,4.214066028594971
11.513517618179321,9.603812217712402,-7.009427547454834,1.5614164695703852,0.598775883358609,0.8309999811463058,-0.0023096169740344187,-0.007166014984250069,0.03694411733775095,0.006626133617137597,0.009379857224511401,4.490541934967041,4.293301582336426
11.523772954940796,9.603938102722168,-7.003327369689941,1.5611029278578796,0.610189080441551,0.8359999810345471,-0.0023851067973418493,-0.007548992522060871,0.0384210061064313,0.006846076862938588,0.009693398937016928,4.572645664215088,4.371432781219482
11.53402829170227,9.604068756103516,-6.997114181518555,1.560783788788813,0.621445764195066,0.8409999809227884,-0.0024645460347414733,-0.007943905889987946,0.03994343631500196,0.0070724673172861685,0.010012538006083593,4.653641700744629,4.448472499847412
11.543784141540527,9.604201316833496,-6.990790367126465,1.5604588894880582,0.6325478455396212,0.8459999808110297,-0.0025480536110911505,-0.008350779302418232,0.041510325081137764,0.007302492791566806,0.010337437306838337,4.733546257019043,4.524435043334961
11.553750038146973,9.604338645935059,-6.984356880187988,1.5601285712035002,0.6434975335731548,0.850999980699271,-0.0026357503553667643,-0.008769633248448372,0.04312440350449432,0.007538911912755353,0.010667755591396324,4.812375068664551,4.599333763122559
11.564048051834106,9.60447883605957,-6.977815628051758,1.5597925026479589,0.654296858651448,0.8559999805875123,-0.002727754904356099,-0.00920047890394926,0.044785138605899916,0.007779916684622634,0.01100382414693768,4.890144348144531,4.673183441162109
11.574162483215332,9.604621887207031,-6.971168041229248,1.5594511946565817,0.6649479108682889,0.8609999804757535,-0.002824188286795614,-0.009643323719501495,0.046492202330287134,0.008025353836250915,0.011345132138314895,4.966870307922363,4.745997905731201
11.583728313446045,9.604769706726074,-6.964415550231934,1.5591044857580256,0.6754527803954955,0.8659999803639948,-0.002925170010755373,-0.010098167695105076,0.048247997097887796,0.008277179124446477,0.011691841036870931,5.042566776275635,4.817788600921631
11.593518257141113,9.604920387268066,-6.957559108734131,1.5587525488998488,0.6858134978860455,0.8709999802522361,-0.0030308200689546393,-0.010565003380179405,0.05005139259512789,0.008533433288159031,0.012043777895047734,5.117251396179199,4.888570785522461
11.603631258010864,9.605074882507324,-6.950600624084473,1.5583953915060351,0.6960320344919614,0.8759999801404774,-0.0031412581697787072,-0.011043819598853588,0.0519033654035813,0.00879506774194283,0.012400935288861438,5.188441276550293,4.955972671508789
11.613928318023682,9.605232238769531,-6.943543910980225,1.558033186207972,0.7059017352324475,0.8809999800287187,-0.0032565696580450646,-0.011531149037182331,0.05380036764432906,0.00906107699210601,0.012763140586924628,5.254141330718994,5.018087863922119
11.623829364776611,9.60539436340332,-6.936394691467285,1.557666441915877,0.7151091903164497,0.88599997991696,-0.0033767818293387705,-0.0120211998000741,0.055737960599285846,0.009333215692414853,0.01312988487901956,5.313454627990723,5.074061870574951
11.633814811706543,9.605559349060059,-6.92916202545166,1.5572953285445765,0.7234780894241891,0.8909999798052013,-0.003501879521498866,-0.012509800493717194,0.05770902612988277,0.009609525490235526,0.013500998250320027,5.366300582885742,5.123817443847656
11.643625020980835,9.605727195739746,-6.921854496002197,1.5569205222788514,0.730960219348245,0.8959999796934426,-0.0036318257570560615,-0.012994611635804176,0.05970856570994319,0.009889803514896656,0.013875804516045198,5.413090229034424,5.167751312255859
11.654194355010986,9.605897903442383,-6.914481163024902,1.5565423617983205,0.7375898035266956,0.88599997991696,-0.00376657256388482,-0.013474659994244576,0.06173367440799389,0.010173948139991396,0.014253964996576052,5.45041036605835,5.208476543426514
11.664170265197754,9.606072425842285,-6.907048225402832,1.5561675528126184,0.7434778406352396,0.8909999798052013,-0.003911037297548121,-0.014446543529629707,0.06431271179641163,0.01046090151000989,0.014628773982278132,5.477331161499023,5.247539520263672
11.673821210861206,9.606250762939453,-6.899563312530518,1.5558101743211046,0.7487601588967183,0.8809999800287187,-0.00407564418796841,-0.016460608690977097,0.06819680060803726,0.010746440400403401,0.014986152473791979,5.4726409912109375,5.282905101776123
11.684106349945068,9.606432914733887,-6.8920369148254395,1.555505238115167,0.7528689882391879,0.8709999802522361,-0.00428708775263513,-0.021144405007362366,0.0753624179615458,0.011020062573770417,0.015291088679729503,5.459145545959473,5.316057205200195
11.693806171417236,9.606621742248535,-6.884479522705078,1.5552802039988318,0.7559896692276892,0.8609999804757535,-0.0045653178285306375,-0.027822991833090782,0.08572483223945354,0.011276392314224282,0.015516122796064735,5.424637794494629,5.345773696899414
11.70376968383789,9.606816291809082,-6.876899242401123,1.555156667265364,0.7582566047156355,0.850999980699271,-0.004925992291617648,-0.03606744110584259,0.09882946725652378,0.011507998398066377,0.0156396595295325,5.367310047149658,5.371094703674316
11.713897705078125,9.607016563415527,-6.869309425354004,1.55516728666493,0.7592656857552035,0.8409999809227884,-0.005392942424345662,-0.0466950386762619,0.11543440535270513,0.011705084573993219,0.015629040129966576,5.290375232696533,5.392046928405762
11.72412919998169,9.607224464416504,-6.861721515655518,1.5553405651977654,0.7590478307284435,0.8309999811463058,-0.005986101504933596,-0.059315938502550125,0.13538746292677659,0.011861008293793773,0.015455761597131135,5.196772575378418,5.410111427307129
11.734497547149658,9.607439041137695,-6.854146957397461,1.5557030439337303,0.7578237450480056,0.8209999813698232,-0.006722998228188831,-0.07368966937065125,0.1584116774330417,0.011966854080087685,0.015093282861166289,5.090742588043213,5.4242353439331055
11.744135856628418,9.607658386230469,-6.84659481048584,1.5562705491024045,0.7555620482531552,0.8109999815933406,-0.007622454693411468,-0.08994557708501816,0.18459540637574895,0.012015966294173452,0.014525777692492083,4.978064060211182,5.43657112121582
11.753857851028442,9.60788631439209,-6.839070796966553,1.557055610652502,0.7528506834940234,0.800999981816858,-0.008672699460029899,-0.10502449423074722,0.21070921281869312,0.012008399518670387,0.013740716142394582,4.860238075256348,5.4416728019714355
11.763702869415283,9.60811710357666,-6.831581115722656,1.5580589229433737,0.7494989818055964,0.7909999820403755,-0.009882282645412948,-0.12095833569765091,0.2379364298698466,0.011938221406207816,0.012737403851522888,4.737983226776123,5.446518421173096
11.773727893829346,9.60834789276123,-6.824130535125732,1.5592839791400908,0.7456689229871686,0.7809999822638929,-0.011243350200430664,-0.13610680401325226,0.2648808781971047,0.011801520769218143,0.011512347654805799,4.615642070770264,5.449642181396484
11.784403324127197,9.608573913574219,-6.816722869873047,1.5607321504968623,0.7415200478456767,0.7709999824874103,-0.012747653235635722,-0.15043027698993683,0.2910522236573371,0.011593115495051265,0.010064176298034244,4.491411209106445,5.451577663421631
11.793684482574463,9.60879135131836,-6.809360027313232,1.5624037009444809,0.7371137983889628,0.7609999827109277,-0.014387067792783679,-0.16394147276878357,0.31628961868977185,0.01130910951636821,0.00839262585041567,4.365158557891846,5.452880859375
11.803713083267212,9.608997344970703,-6.80204439163208,1.5643013264512136,0.7324855928197098,0.7509999829344451,-0.016155126295017305,-0.1768057644367218,0.34069454683853473,0.010945831374248982,0.0064950003436829995,4.238247394561768,5.453790187835693
11.814006090164185,9.609188079833984,-6.794778347015381,1.5664254472442458,0.7276875281905321,0.7409999831579626,-0.01804468555076227,-0.18895594775676727,0.3642022648681006,0.010499339523990514,0.004370879550650741,4.112130165100098,5.454757213592529
11.823706865310669,9.609359741210938,-6.787562847137451,1.568775381889573,0.7228121930673994,0.73099998338148,-0.020047579466252432,-0.20028939843177795,0.3866590020959172,0.009966024269836282,0.002020944905323452,4.088106632232666,5.458678245544434
11.834748983383179,9.609506607055664,-6.780412673950195,1.5713133030926558,0.7155749511736532,0.7209999836049974,-0.021469567184879565,-0.14219877123832703,0.33407484990472114,0.00935151417324498,-0.000516976297759264,4.15988302230835,5.197558403015137
11.8434476852417,9.609597206115723,-6.773360252380371,1.5734309420035477,0.7061593783045713,0.7259999834932387,-0.020192712600333167,0.12768548727035522,0.029404330930237865,0.008806822467496644,-0.0026346152086511587,4.239553451538086,5.129720687866211
11.853449821472168,9.609528541564941,-6.766409397125244,1.575177318345607,0.6957037125126317,0.73099998338148,-0.018812038822637666,0.1380673497915268,-0.07850035387106692,0.00821424830396289,-0.004380991550710479,4.254620552062988,5.028438091278076
11.863785028457642,9.609330177307129,-6.7595601081848145,1.5767170886057056,0.6857208914942282,0.7359999832697213,-0.01730554791937955,0.1506490260362625,-0.12997454467351074,0.007553959141608502,-0.005920761810809028,7.170072555541992,4.946118354797363
11.87378454208374,9.609000205993652,-6.752793788909912,1.5781026930641826,0.6778128023461276,0.7409999831579626,-0.015601311881238686,0.17042358219623566,-0.17262358783444254,0.0068083156145988255,-0.0073063662692860465,11.082846641540527,4.852977275848389
11.883830785751343,9.608536720275879,-6.746086120605469,1.5791515660085937,0.6725886173790198,0.73099998338148,-0.013824738434617078,0.17765744030475616,-0.19947532678697177,0.006030177675640402,-0.008355239213697185,4.208194255828857,4.766777992248535
11.893841028213501,9.60797119140625,-6.739438533782959,1.5799073979094007,0.6672983592970806,0.7209999836049974,-0.012013396837745978,0.1811341494321823,-0.2175592824965843,0.005237907887979176,-0.009111071114504155,-2.5440008640289307,4.638284206390381
11.903808832168579,9.607399940490723,-6.732944965362549,1.5805997213348226,0.651986390429166,0.7109999838285148,-0.010232936148551692,0.1780460774898529,-0.2259667185722803,0.004458969237036925,-0.00980339453992607,-0.31014078855514526,4.498267650604248
11.913899183273315,9.606842994689941,-6.726637840270996,1.5812420332820052,0.6332402305065277,0.7009999840520322,-0.008518265165854456,0.171467125415802,-0.2275654909634668,0.003709339731504002,-0.01044570648710863,5.12195348739624,4.378760814666748
11.923876285552979,9.6062593460083,-6.720485210418701,1.5817134943532771,0.6180837862667296,0.6909999842755497,-0.006861662068952396,0.1656602919101715,-0.22764505036452687,0.002984260798282179,-0.010917167558380571,8.929502487182617,4.293217658996582
11.93447732925415,9.60556411743164,-6.7143731117248535,1.5817926237811877,0.6151354217819296,0.6809999844990671,-0.0052152505293542985,0.1646411120891571,-0.23201204805471057,0.0022652948181640653,-0.01099629698629112,4.262321949005127,4.19945764541626
11.944176435470581,9.604782104492188,-6.708309650421143,1.5815513995987598,0.6113694176635345,0.6709999847225845,-0.0035888776679967034,0.16263730823993683,-0.23634798600585194,0.001555644853487692,-0.01075507280386323,-1.4896283149719238,4.0654096603393555
11.95442271232605,9.604029655456543,-6.702425003051758,1.581286422338875,0.5932828911611361,0.6759999846108258,-0.002048207500841799,0.1540670245885849,-0.2334861609878118,0.0008826845106408854,-0.010490095543978393,1.5348479747772217,3.9233434200286865
11.964009046554565,9.603315353393555,-6.696738243103027,1.5810069715889161,0.5731785442120212,0.6809999844990671,-0.0006020082106693909,0.1446198970079422,-0.2272383645633657,0.000252213181767047,-0.010210644794019563,5.212363243103027,3.8253602981567383
11.974077463150024,9.602571487426758,-6.69118070602417,1.5805318683093659,0.5607714549258322,0.6859999843873084,0.0007776776213377956,0.13796858489513397,-0.22256960781567137,-0.00034912889069538267,-0.009735541514469315,7.732037544250488,3.754732608795166
11.983939170837402,9.601707458496094,-6.685633182525635,1.5796402565009933,0.5615898685181508,0.6909999842755497,0.0021461529340768087,0.13684754073619843,-0.22385895507348208,-0.0009456858294303316,-0.00884392970609671,4.260225772857666,3.6537649631500244
11.993825197219849,9.600773811340332,-6.680140018463135,1.5784664419284957,0.5575083085844376,0.6809999844990671,0.00348213942433597,0.13359862565994263,-0.2244039766355358,-0.0015272006379145608,-0.007670115133599165,-0.9258654713630676,3.518523931503296
12.00389051437378,9.599895477294922,-6.674848556518555,1.5773350498443057,0.5367115266177598,0.6859999843873084,0.004721168976061293,0.12390293926000595,-0.21768940820092722,-0.0020661256418073037,-0.0065387230494091675,2.5740087032318115,3.3762059211730957
12.013861417770386,9.599064826965332,-6.669764041900635,1.5762284902387478,0.515494658262396,0.6909999842755497,0.005865187616872704,0.11440188437700272,-0.2087224369695917,-0.0025648140531124852,-0.005432163443851223,4.912132263183594,3.296543598175049
12.024092674255371,9.598198890686035,-6.664788246154785,1.5749176717048545,0.5054673656135814,0.6959999841637909,0.006951143286533913,0.10859556496143341,-0.20262282048303182,-0.0030375092868037967,-0.004121344909957969,4.266877174377441,3.2296814918518066
12.03399920463562,9.597222328186035,-6.659815788269043,1.5732122063594962,0.5074940381346577,0.7009999840520322,0.008019876454520486,0.10687331110239029,-0.20132766846461092,-0.0035024349783334685,-0.0024158795645996545,4.190888404846191,3.082695960998535
12.044162511825562,9.596221923828125,-6.654953956604004,1.5713559692210075,0.4973647618969396,0.7059999839402735,0.009037186025706734,0.10173098742961884,-0.1976335408838759,-0.003945968890944229,-0.0005596424261109512,3.8406131267547607,2.7360422611236572
12.054381370544434,9.59549617767334,-6.650071144104004,1.569446699179811,0.49381356375980684,0.7109999838285148,0.00967339971760641,0.06362133473157883,-0.1571669721883398,-0.004098934165051915,0.0013496276150855022,3.9503397941589355,2.81467866897583
12.063873052597046,9.595081329345703,-6.645076751708984,1.567447736093831,0.5021925275985505,0.7159999837167561,0.009515050137052098,-0.015834948047995567,-0.05956631426078579,-0.003914095321373878,0.003348590701065524,4.091878890991211,2.9942097663879395
12.073719263076782,9.59480094909668,-6.63999080657959,1.5655066994000557,0.5102845494080201,0.7209999836049974,0.00953662273649212,0.002157247392460704,-0.0475621007196336,-0.0036121700850877403,0.0052896273948408465,4.223433494567871,3.1571810245513916
12.084278345108032,9.594635963439941,-6.634806156158447,1.563608330351499,0.5195943252274781,0.7259999834932387,0.009722246973002656,0.018562404438853264,-0.05994676322426742,-0.003207656196206443,0.007187996443397626,4.346805095672607,3.3125202655792236
12.09433627128601,9.594568252563477,-6.629517078399658,1.561752555874621,0.5297658123565872,0.73099998338148,0.010041925667729767,0.0319678969681263,-0.07681357469806488,-0.002718653144697214,0.009043770920275529,4.450275897979736,3.4667673110961914
12.103811025619507,9.594585418701172,-6.624122619628906,1.5599743504650265,0.5402022768766787,0.7359999832697213,0.010464690134546706,0.04227645695209503,-0.09205396190217605,-0.002168051770375712,0.01082197632987003,4.542999267578125,3.613084316253662
12.113754749298096,9.594676971435547,-6.618620872497559,1.5582772465146388,0.5509188344579874,0.7409999831579626,0.010956572687609849,0.049188241362571716,-0.1034417654653403,-0.001567402583733113,0.012519080280257722,4.625195503234863,3.752288341522217
12.123557329177856,9.594832420349121,-6.613011360168457,1.5566682982064888,0.5617333441277401,0.7459999830462039,0.011488608532952254,0.053203605115413666,-0.11077318565579812,-0.0009293120715163639,0.014128028588407782,4.702018737792969,3.8847103118896484
12.13417935371399,9.595046043395996,-6.607292652130127,1.5551445266268522,0.5727236608024452,0.7509999829344451,0.012041347515103017,0.055273883044719696,-0.11493528458559266,-0.0002586082692417335,0.01565180016804435,4.773880958557129,4.010904312133789
12.143854856491089,9.595309257507324,-6.601464748382568,1.5537048262117306,0.5838246710051285,0.7559999828226864,0.012597002998720219,0.05556555464863777,-0.11632787594159276,0.00043645804798231325,0.017091500583165997,4.842329502105713,4.132309436798096
12.153820991516113,9.595617294311523,-6.595527172088623,1.5523475932853656,0.5949520238659012,0.7609999827109277,0.013144164718325187,0.05471617728471756,-0.11571217934094334,0.0011516004130829316,0.018448733509530912,4.908226013183594,4.2494635581970215
12.163539409637451,9.595965385437012,-6.589479446411133,1.5510700707141611,0.6060711037028154,0.765999982599169,0.013674506682569995,0.05303414911031723,-0.11361950366762907,0.0018828784695532619,0.019726256080735416,4.968255043029785,4.361777305603027
12.173893690109253,9.596349716186523,-6.5833234786987305,1.549873358920805,0.6170687959696209,0.7709999824874103,0.014178134288978786,0.05036275088787079,-0.11002210184925262,0.0026261485857812517,0.020922967874091647,5.018670082092285,4.4684157371521
12.184422731399536,9.596766471862793,-6.577062129974365,1.5487628993948077,0.6277679286954724,0.7759999823756516,0.01464072646304958,0.04625928774476051,-0.10441591848697943,0.003375965265282943,0.022033427400088845,5.058187484741211,4.5693135261535645
12.1937837600708,9.597212791442871,-6.570699214935303,1.5477484733503195,0.6380179972570402,0.7809999822638929,0.015045819745911487,0.04050927609205246,-0.09639071992902107,0.0041265353374271285,0.02304785344457705,5.087967872619629,4.665012836456299
12.203943967819214,9.597683906555176,-6.564240455627441,1.5468393504732427,0.6477711893942851,0.7859999821521342,0.015379205169004049,0.03333864361047745,-0.0860345473167581,0.004870311981987285,0.023956976321653833,5.132826328277588,4.740296840667725
12.213858604431152,9.598175048828125,-6.557690620422363,1.5460141888820254,0.6569273598867311,0.7909999820403755,0.015648592961700073,0.02693873643875122,-0.0756786411458352,0.005608929222452375,0.024782137912871205,5.191850662231445,4.795638561248779
12.223637580871582,9.598672866821289,-6.551057815551758,1.5451857988275093,0.665267502101176,0.7959999819286168,0.01590127052394963,0.025267736986279488,-0.07023517669216454,0.006355185342883374,0.025610527967387272,5.241127014160156,4.8418731689453125
12.234178304672241,9.59917163848877,-6.544347763061523,1.544349065139427,0.6729731253757206,0.800999981816858,0.016130090838521967,0.022881951183080673,-0.06544249084854595,0.007104892080784353,0.026447261655469623,5.277655124664307,4.876666069030762
12.244012594223022,9.5996675491333,-6.537569046020508,1.5435068580988545,0.6798011878157159,0.8059999817050993,0.016320278435936576,0.019018786028027534,-0.059185468111037594,0.007853373635978045,0.027289468696042096,5.301007270812988,4.90653657913208
12.253779411315918,9.6001558303833,-6.5307297706604,1.5426691764376403,0.6857801053484608,0.8109999815933406,0.01645627371366466,0.013599656522274017,-0.05071772391094659,0.008592862913602062,0.028127150357256214,5.315979957580566,4.934238433837891
12.263872623443604,9.600637435913086,-6.523836135864258,1.5418501518729655,0.6911599041234316,0.8159999814815819,0.016526976205250565,0.007070148829370737,-0.04026532725149969,0.009320075767906388,0.028946174921931078,5.326941013336182,4.961114406585693
12.273759841918945,9.601113319396973,-6.516891956329346,1.5410569084913384,0.6961423751710937,0.8209999813698232,0.016529794795315775,0.0002818528446368873,-0.028789194457586688,0.010033829820047302,0.029739418303558196,5.335748195648193,4.987090110778809
12.283730030059814,9.601584434509277,-6.509901523590088,1.5402944107536032,0.7007182198082013,0.8259999812580645,0.01646542736642004,-0.0064368112944066525,-0.016927747267171875,0.010733590489042655,0.030501916041293375,5.342238903045654,5.01230525970459
12.293663263320923,9.602052688598633,-6.502868175506592,1.5395649554183306,0.7049810285135722,0.8309999811463058,0.016336570011046603,-0.012885686941444874,-0.00509035723909004,0.01142057693415488,0.031231371376565953,5.308055877685547,4.972104549407959
12.303664207458496,9.602469444274902,-6.4957780838012695,1.5388503135123583,0.7103084705495682,0.8359999810345471,0.016033790385094716,-0.03027789667248726,0.018643092126540604,0.01205161822122136,0.0319460132825382,5.321147441864014,4.998310089111328
12.313707828521729,9.60285758972168,-6.48864221572876,1.5381482361247754,0.7147567144102618,0.8409999809227884,0.015616079941763783,-0.04177115485072136,0.040034293255592095,0.012650277039005786,0.0326480906701212,5.341313362121582,5.024529933929443
12.323601722717285,9.603251457214355,-6.481471538543701,1.5374656444858767,0.7182304595572723,0.8459999808110297,0.015172156794902282,-0.0443921834230423,0.05147107657588085,0.013248810599849392,0.0333306823090198,5.348635673522949,5.048789024353027
12.33462929725647,9.60365104675293,-6.474268913269043,1.5368090119652333,0.7214300340424291,0.850999980699271,0.014697345672858277,-0.04748106747865677,0.0604805189529037,0.013845278313990406,0.03398731482966322,5.339066028594971,5.070432662963867
12.34378170967102,9.604056358337402,-6.467042922973633,1.5362028870414743,0.7238129657193403,0.8559999805875123,0.014173765307757075,-0.052358124405145645,0.07073571069957783,0.014432320478306337,0.034593439753422224,5.323545932769775,5.090181350708008
12.354301929473877,9.604469299316406,-6.459798812866211,1.5356616762998936,0.7256270708852578,0.8609999804757535,0.013591373860157666,-0.05823904648423195,0.08252996539825413,0.015007526011416417,0.03513465049500297,5.31022310256958,5.108978271484375
12.36409592628479,9.604887962341309,-6.452538013458252,1.5351848686048866,0.7273027689117412,0.850999980699271,0.012951409659840336,-0.0639965757727623,0.09476081104004695,0.015569141861741187,0.03561145819000999,5.301392555236816,5.1272196769714355
12.373860359191895,9.60531234741211,-6.445260047912598,1.5347648114787567,0.729056521568604,0.8409999809227884,0.012260211853653264,-0.06911973655223846,0.10654992316371817,0.016119463226832664,0.03603151531613991,5.295817852020264,5.144938945770264
12.383988618850708,9.605742454528809,-6.437963962554932,1.5343943660807893,0.7308980271969558,0.8309999811463058,0.011523774458865921,-0.07364373654127121,0.11766125581268835,0.016660631085930078,0.036401960714107284,5.255117416381836,5.141704559326172
12.393781900405884,9.606169700622559,-6.430652618408203,1.5340863575051262,0.7324353653081835,0.8209999813698232,0.010717248426525525,-0.08065257221460342,0.13131280462591827,0.017180218018328475,0.03670996928977033,5.178622245788574,5.138409614562988
12.404199123382568,9.606555938720703,-6.42335844039917,1.533895730298642,0.7304984135647271,0.8109999815933406,0.009649456610259092,-0.10677913576364517,0.16639750285352592,0.017623605548337196,0.03690059649625455,5.076441764831543,5.112202167510986
12.413910627365112,9.606912612915039,-6.4160990715026855,1.5338478518298235,0.7268495515846395,0.800999981816858,0.008332117672324717,-0.13173392415046692,0.20722322966962853,0.01799463349265018,0.03694847496507303,4.970236301422119,5.085981369018555
12.424214124679565,9.607258796691895,-6.408873081207275,1.5339501476144703,0.7234808034743907,0.7909999820403755,0.0068494456431549425,-0.14826716482639313,0.24123374150416754,0.018310149421772337,0.03684617918042621,4.852388858795166,5.054469585418701
12.433815956115723,9.607593536376953,-6.401690483093262,1.534206081330041,0.7190528729049942,0.7809999822638929,0.005194423380756763,-0.16550226509571075,0.27426660897320465,0.018568160745070728,0.03659024546485546,4.717976093292236,5.016836643218994
12.443446397781372,9.607922554016113,-6.394561290740967,1.5346370104959974,0.7137017905577511,0.7709999824874103,0.003373515845051806,-0.1820908784866333,0.30662329561342017,0.018767985151967537,0.036159316298899125,4.572140693664551,4.980888366699219
12.45372986793518,9.608243942260742,-6.387496471405029,1.5352674647970521,0.7071794409725044,0.7609999827109277,0.0013835277607854109,-0.19899876415729523,0.33939281349421646,0.018900358597434774,0.035528861997844434,4.423551559448242,4.948709011077881
12.464104175567627,9.608559608459473,-6.380504131317139,1.5361121730559988,0.6999747688212477,0.7509999829344451,-0.0007584466599007501,-0.21419738233089447,0.3707078987846711,0.018962768471217473,0.03468415373889777,4.276650428771973,4.921096324920654
12.474146127700806,9.608872413635254,-6.373589038848877,1.5371744766677267,0.6923194893478578,0.7409999831579626,-0.003027834010458745,-0.22693872451782227,0.3991520513950769,0.018957068425418555,0.033621850127169894,4.133060455322266,4.898700714111328
12.483884811401367,9.609183311462402,-6.366752624511719,1.5384586397704079,0.6844550420530071,0.73099998338148,-0.005399956335311152,-0.23721227049827576,0.42421488967433135,0.018882926840145586,0.03233768702448869,3.9930031299591064,4.882102966308594
12.493918418884277,9.609495162963867,-6.359997749328613,1.5399680080723785,0.6764836869690435,0.7209999836049974,-0.007850578639758883,-0.2450621873140335,0.4457203169988415,0.018742193711286603,0.03082831872251801,3.8572707176208496,4.8716325759887695
12.503658771514893,9.609808921813965,-6.353323936462402,1.541705010957444,0.6685204118682911,0.7109999838285148,-0.010357235744242571,-0.2506657540798187,0.4637360002133016,0.01853508561148587,0.02909131583745261,3.7273168563842773,4.867863655090332
12.51360535621643,9.610126495361328,-6.3467302322387695,1.5436711677592285,0.6607024566604934,0.7009999840520322,-0.012897896937120746,-0.2540660798549652,0.478264768503359,0.01826304520905886,0.027125159035668034,3.605022430419922,4.871127128601074
12.524075269699097,9.610447883605957,-6.340214729309082,1.5458652522359542,0.6531738143499474,0.6909999842755497,-0.015450506262209764,-0.25526100397109985,0.4892431101935072,0.017926431191680692,0.02493107455894239,3.491467237472534,4.881471633911133
12.53403377532959,9.610774993896484,-6.333773612976074,1.548284453917356,0.6460487295451272,0.6809999844990671,-0.01799393598351525,-0.2543429732322693,0.49669340076251633,0.017527985340878516,0.02251187287754064,3.38698148727417,4.8979926109313965
12.543842315673828,9.61110782623291,-6.327401638031006,1.550923672686161,0.6394468274094581,0.6709999847225845,-0.02050883819649014,-0.2514902651309967,0.500759232000187,0.017069230065485996,0.01987265410873551,3.292112350463867,4.921164512634277
12.553800582885742,9.61144733428955,-6.321093559265137,1.5537775149625654,0.633467329065015,0.6609999849461019,-0.022978925378344374,-0.24700869619846344,0.5017645990833864,0.016552731376423324,0.017018811832331112,3.2075259685516357,4.951232433319092
12.56402063369751,9.61179256439209,-6.31484317779541,1.5568401427615093,0.6281355750769948,0.6509999851696193,-0.02538678058683088,-0.24078543484210968,0.49964390196894953,0.01597928368759227,0.013956184033387276,3.133157968521118,4.987938404083252
12.576941013336182,9.61214542388916,-6.308643341064453,1.5601050793423654,0.6235113733982253,0.6409999853931367,-0.027716900759306922,-0.23301202058792114,0.49454317272413906,0.015352737023308194,0.01069124745253114,3.093461275100708,5.697010517120361
12.587090492248535,9.612486839294434,-6.302497386932373,1.5634853318259776,0.6184141602562726,0.6309999856166542,-0.02993934095177837,-0.2222440093755722,0.4849809793494273,0.01468011824629123,0.00731099496891896,3.0470986366271973,5.697378635406494
12.596246242523193,9.612787246704102,-6.296398639678955,1.5669006194491664,0.6137712542969579,0.6209999858401716,-0.03206757563952624,-0.2128235250711441,0.47515389031678623,0.013955955951656662,0.0038957073457301927,3.4345600605010986,5.719954013824463
12.606718301773071,9.613143920898438,-6.290374279022217,1.5703893761933312,0.6059289069975137,0.610999986063689,-0.03317481320501064,-0.11072360724210739,0.3650790595010698,0.013266006075538073,0.0004069506015653701,3.5971531867980957,5.277359485626221
12.617260694503784,9.613306045532227,-6.284427642822266,1.5729132526525735,0.5954439226118706,0.6164999860338867,-0.032111776172689246,0.1063036322593689,0.0989743021301776,0.012670968249260284,-0.0021169258576769763,4.794338703155518,4.910888671875
12.626315116882324,9.613224029541016,-6.27848482131958,1.5745369183116174,0.595067128095656,0.6209999858401716,-0.0305620745136942,0.15497007966041565,-0.03794820365146995,0.012101854702921244,-0.0037405915167207926,3.6740310192108154,4.6271443367004395
12.636249780654907,9.613037109375,-6.272584915161133,1.5755539517891177,0.590462191672908,0.6259999857284129,-0.02840788528768184,0.2154189646244049,-0.14964895506350537,0.01160982726116977,-0.004757624994221166,3.8697378635406494,4.615862846374512
12.64614987373352,9.612750053405762,-6.26678991317749,1.5761799023511405,0.5802240844109435,0.6309999856166542,-0.026166086657634945,0.22417980432510376,-0.1994470293889657,0.011134988540455026,-0.005383575556243914,3.5804576873779297,4.495839595794678
12.65723204612732,9.611681938171387,-6.255755424499512,1.5776631899110123,0.5471370691409372,0.6364999855868518,-0.022016144513411277,0.18807491660118103,-0.19055564218073356,0.009621895426452198,-0.006866863116115729,4.431501865386963,4.556623458862305
12.666468620300293,9.611681938171387,-6.255755424499512,1.5776631899110123,0.5471370691409372,0.6409999853931367,-0.022016144513411277,0.18807491660118103,-0.1878188751660321,0.009621895426452198,-0.006866863116115729,7.861296653747559,4.479970455169678
12.67617154121399,9.610851287841797,-6.250387668609619,1.5782063715585193,0.5431935445489736,0.645999985281378,-0.0197440735139638,0.2272070348262787,-0.23583680051272646,0.008628294756475086,-0.007410044763622726,10.51781177520752,4.390376567840576
12.685517311096191,9.60986042022705,-6.245065689086914,1.5782912347238611,0.5416054029352345,0.6509999851696193,-0.01741782863906104,0.23262450098991394,-0.2635559787473174,0.007611968899118082,-0.007494907928964567,3.7090530395507812,3.627633810043335
12.69582748413086,9.608736038208008,-6.239739894866943,1.5778916064601878,0.5443986916359407,0.6409999853931367,-0.015123086900604502,0.22947414219379425,-0.2757709332011602,0.006607472168257189,-0.007095279665291221,-2.1714189052581787,3.519259214401245
12.705916166305542,9.607657432556152,-6.234570503234863,1.5775010655851167,0.5280730711905024,0.645999985281378,-0.012921145208777995,0.22019419074058533,-0.2765561159081692,0.005646025989134884,-0.006704738790220155,0.7592355608940125,3.3864052295684814
12.71622633934021,9.606644630432129,-6.229599475860596,1.577142289708517,0.5073753468408784,0.6509999851696193,-0.010849222490252558,0.2071922868490219,-0.26961106508634736,0.004740854336008127,-0.00634596291362044,4.657308101654053,3.2913644313812256
12.725969552993774,9.605634689331055,-6.224764823913574,1.576638813386084,0.4939487945288194,0.6559999850578606,-0.008881239159939708,0.19679829478263855,-0.26267645052373095,0.0038819533252425487,-0.005842486591187468,7.839022636413574,3.2254178524017334
12.736170530319214,9.604525566101074,-6.219945907592773,1.575761427388422,0.4946447481046563,0.645999985281378,-0.006942742806921726,0.19384965300559998,-0.2632399532295777,0.0030360420430479707,-0.004965100593525396,3.8802192211151123,3.1474716663360596
12.745717525482178,9.60334300994873,-6.215158939361572,1.5745868247463775,0.4934134861185932,0.6509999851696193,-0.005042049629009959,0.19006933271884918,-0.26485229664674115,0.0022058632863544148,-0.003790497951480898,-1.2299394607543945,3.0174548625946045
12.755821704864502,9.602225303649902,-6.21055269241333,1.5734408554309596,0.47432517986421324,0.6559999850578606,-0.003268926065479466,0.17731235921382904,-0.25694896819623486,0.001431945983812355,-0.002644528636063015,2.350553035736084,2.879380464553833
12.766162395477295,9.601181983947754,-6.206153869628906,1.5723392964032403,0.45243263519175364,0.6609999849461019,-0.001636163430139771,0.16327627003192902,-0.24443440643059927,0.0007190932489233859,-0.0015429696083437696,4.580660343170166,2.806196689605713
12.775705099105835,9.600117683410645,-6.201858997344971,1.5710444688627199,0.44298005354649866,0.6659999848343432,-8.867639362931801e-05,0.15474869310855865,-0.23592380143019046,4.3240791061549544e-05,-0.0002481420678233093,3.3709137439727783,2.514192581176758
12.78554105758667,9.599284172058105,-6.197451591491699,1.5695786709486106,0.44881463412094114,0.6709999847225845,0.0009683095862533995,0.1056986004114151,-0.1842552749839025,-0.00035053127827922026,0.00121765584628597,3.2382938861846924,2.5507113933563232
12.795751571655273,9.59871768951416,-6.193090915679932,1.568317021053854,0.4402058678189832,0.6759999846108258,0.0012397629353601953,0.027145329862833023,-0.08637215647751388,-0.0005385195255360742,0.002479305741042604,3.248131275177002,2.5880558490753174
12.805454730987549,9.598404884338379,-6.188781261444092,1.5671271885721325,0.43251636854885955,0.6809999844990671,0.001140801893784988,-0.009896088391542435,-0.016958892690811606,-0.0004943766645926218,0.0036691382227640457,3.3775081634521484,2.761418342590332
12.815838098526001,9.598217010498047,-6.184399127960205,1.5660489979466943,0.43897108237067195,0.6859999843873084,0.0010818833842015263,-0.005891864188015461,0.0007337254246114096,-0.0003587961970445974,0.004747328848202282,3.5132837295532227,2.926372766494751
12.825747013092041,9.598134994506836,-6.179912090301514,1.5650152073281645,0.4490860452844899,0.6909999842755497,0.0012030705601352317,0.012118713930249214,-0.012226974100842567,-0.0001306793137665352,0.005781119466732099,3.6333980560302734,3.09428334236145
12.835847616195679,9.598143577575684,-6.175314426422119,1.56405716869919,0.46000927952819975,0.6959999841637909,0.0014805946099752886,0.027752401307225227,-0.032304617896763484,0.00016530970106565235,0.006739158095706577,3.7368860244750977,3.252676486968994
12.845658302307129,9.598231315612793,-6.170604705810547,1.5631883881603652,0.4712398082882944,0.7009999840520322,0.0018691024931891025,0.03885079175233841,-0.05007358364522678,0.0005136751855641108,0.007607938634531353,3.8275556564331055,3.4024393558502197
12.85634708404541,9.59838581085205,-6.1657819747924805,1.5624151615631725,0.482675627709978,0.7059999839402735,0.0023298024735822678,0.04607000574469566,-0.06330813433252173,0.0009001309853715611,0.008381165231724053,3.9101669788360596,3.5453367233276367
12.865666151046753,9.598597526550293,-6.1608452796936035,1.5617390966910087,0.4942637218061283,0.7109999838285148,0.0028372829028927263,0.050748035311698914,-0.0726874403061559,0.00131465843183598,0.009057230103887816,3.9886350631713867,3.6822192668914795
12.875901222229004,9.598860740661621,-6.155792713165283,1.561157292356576,0.506020400867649,0.7159999837167561,0.003374896988272192,0.05376143008470535,-0.0792929919345329,0.0017524062147167285,0.009639034438320593,4.059237480163574,3.8137588500976562
12.886277198791504,9.59916877746582,-6.150625228881836,1.5606749153705748,0.5176953066819892,0.7209999836049974,0.00392319739749874,0.05483004450798035,-0.08311358728424223,0.0022051490500114568,0.010121411424321769,4.134938716888428,3.9360849857330322
12.895766735076904,9.599515914916992,-6.145342826843262,1.5602805499290318,0.5294243832909139,0.7259999834932387,0.004476986518125334,0.05537891387939453,-0.08562245184805681,0.0026705898345209533,0.010515776865864801,4.235923767089844,4.034279823303223
12.905835628509521,9.599889755249023,-6.139946937561035,1.559897915691016,0.540913884823355,0.73099998338148,0.005072125499304642,0.059513889253139496,-0.09160806482316967,0.003159213857435006,0.010898411103880568,4.332364082336426,4.128244400024414
12.916775465011597,9.600284576416016,-6.134438991546631,1.5595054151539935,0.5522585761783607,0.7364999833516777,0.005709718424492547,0.06375929713249207,-0.09884709201983818,0.003671777937830356,0.011290911640903012,4.4255266189575195,4.219361782073975
12.925751447677612,9.600696563720703,-6.128818511962891,1.5591032420701578,0.5635999823128026,0.7409999831579626,0.00637965285542261,0.06699344515800476,-0.10546514157209198,0.0042044091999322575,0.011693084724738734,4.3592753410339355,4.0844597816467285
12.936053037643433,9.600870132446289,-6.123010158538818,1.5585795078851001,0.5811226717121084,0.7459999830462039,0.0063584078366717926,-0.0021245223470032215,-0.034145316027839615,0.004535086951491962,0.012216818909796423,4.419332504272461,4.175724029541016
12.945934295654297,9.601025581359863,-6.117072582244873,1.5580974974354005,0.5939976549475657,0.7509999829344451,0.00633114724790002,-0.0027260631322860718,-0.011426737842323748,0.0048351277777065604,0.012698829359496067,4.4802937507629395,4.265469551086426
12.956045866012573,9.601187705993652,-6.111019134521484,1.5576662370003493,0.6056111991330053,0.7559999828226864,0.0062526125367205095,-0.00785351637750864,0.0015625160175035332,0.005126619752106265,0.013130089794547216,4.558252811431885,4.345273494720459
12.966104984283447,9.601356506347656,-6.104851245880127,1.5572542142760886,0.6170600041056763,0.7609999827109277,0.0061474444202028935,-0.010516743175685406,0.00910576706795867,0.005419015930842264,0.013542112518807992,4.637543678283691,4.420328140258789
12.97573971748352,9.601529121398926,-6.098575115203857,1.5568374803430938,0.6278738001650123,0.765999982599169,0.006035814069484912,-0.011163069866597652,0.01292377719864577,0.00571663934215394,0.013958846451802787,4.711352348327637,4.490113735198975
12.98580002784729,9.601705551147461,-6.092196464538574,1.5564141992236014,0.6381468246904143,0.7709999824874103,0.005918738936812858,-0.011707501485943794,0.015542497782072076,0.006020040676402161,0.0143821275712952,4.778217792510986,4.553239822387695
12.995745420455933,9.601886749267578,-6.085723876953125,1.5559845453806895,0.6475494387107096,0.7759999823756516,0.005796358686268312,-0.01223803125321865,0.0178135227196083,0.0063301212166244625,0.014811781414207026,4.838053226470947,4.609625339508057
13.0057852268219,9.602071762084961,-6.079166889190674,1.55554953322515,0.6559875954601412,0.7809999822638929,0.005668704968926732,-0.012765382416546345,0.020001957324662683,0.006645622940869345,0.015246793569746453,4.89122200012207,4.6596174240112305
13.016379117965698,9.602259635925293,-6.072535037994385,1.555109502148953,0.663496361623137,0.7859999821521342,0.005535821688208975,-0.013288279995322227,0.022184726306148407,0.00696549031353122,0.01568682464594362,4.938304901123047,4.703771591186523
13.025780200958252,9.602452278137207,-6.0658369064331055,1.5546651306933867,0.6701449591840953,0.7909999820403755,0.005397759822123426,-0.013806203380227089,0.024385635676306895,0.0072914270910384715,0.016131196101509815,4.975992679595947,4.7447686195373535
13.036044597625732,9.60264778137207,-6.059079170227051,1.5542234502443593,0.6760598084287357,0.7959999819286168,0.005249589541081859,-0.0148170106112957,0.027139175439630594,0.007619416744846674,0.016572876550537297,5.0035319328308105,4.784090042114258
13.045872688293457,9.6028470993042,-6.052268981933594,1.5537978435527677,0.6813819197102599,0.800999981816858,0.005081055425570908,-0.016853444278240204,0.031181108380825596,0.007946398696132562,0.016998483242128826,5.023967742919922,4.821982383728027
13.056079149246216,9.60305118560791,-6.045409679412842,1.5534005182435544,0.6862467364507489,0.8059999817050993,0.004883277293434066,-0.019777793437242508,0.03660095074410375,0.00826966496640047,0.01739580855134215,5.040572643280029,4.858646392822266
13.065959215164185,9.603260040283203,-6.0385050773620605,1.5530379857047074,0.6907993478797836,0.8109999815933406,0.004651549037525591,-0.023172898218035698,0.04299394787844449,0.008587262602326007,0.017758341090189148,5.055247783660889,4.894232749938965
13.076103210449219,9.603472709655762,-6.031557083129883,1.552713246240003,0.6951492605613762,0.8159999814815819,0.004384129545587285,-0.026741905137896538,0.04992771662335883,0.00889733817068361,0.018083080554893494,5.068604946136475,4.928808212280273
13.08582878112793,9.603690147399902,-6.024567127227783,1.552427126703923,0.69934581113169,0.8209999813698232,0.0040805445777205625,-0.030358515679836273,0.057141470921316384,0.00920059751874902,0.018369200090973647,5.080741882324219,4.962403774261475
13.095763444900513,9.603911399841309,-6.017536640167236,1.552180622600052,0.7034024972216997,0.8259999812580645,0.003740598311680094,-0.03399456664919853,0.06452612287006224,0.009495788546908912,0.018615704194844485,5.091701984405518,4.995044231414795
13.105861902236938,9.604137420654297,-6.010467052459717,1.5519743972622437,0.7073234193770814,0.8309999811463058,0.0033641374366597697,-0.0376460961997509,0.0720457289366248,0.009783666122425316,0.018821929532652826,5.101616382598877,5.026764392852783
13.1159188747406,9.604366302490234,-6.003359794616699,1.5518091176794528,0.7111149892658409,0.8359999810345471,0.0029511031949288153,-0.04130344092845917,0.0796770618237914,0.010062122973197418,0.018987209115443715,5.110671520233154,5.057606220245361
13.126246452331543,9.604598999023438,-5.996215343475342,1.5516852827584307,0.7147869317943325,0.8409999809227884,0.002501610765492892,-0.04494919255375862,0.08739520299588022,0.010331963242505182,0.01911104403646591,5.119027137756348,5.087615966796875
13.136549949645996,9.604835510253906,-5.9890360832214355,1.5516028941868356,0.718350624344546,0.8309999811463058,0.0020159628945358573,-0.04856482148170471,0.09517252471473983,0.010593186511462349,0.019193432608060945,5.126810550689697,5.117047309875488
13.146546363830566,9.60507583618164,-5.981821060180664,1.551561788873386,0.7218750367277956,0.8209999813698232,0.001494745800860391,-0.05212169140577316,0.10296910212484703,0.010845841757030072,0.01923453792151064,5.134368896484375,5.14520263671875
13.155631065368652,9.605318069458008,-5.974573135375977,1.5515624741635223,0.725193916699463,0.8109999815933406,0.0009380690860042554,-0.05566772446036339,0.11082136454321538,0.011087869484383006,0.019233852631374226,5.142528057098389,5.172235488891602
13.165944576263428,9.60556411743164,-5.967292785644531,1.5516016136434319,0.7284510248532591,0.800999981816858,0.0003490633210837227,-0.058900535106658936,0.11841888303490145,0.011322177781455167,0.019194713151464704,5.11392879486084,5.1951494216918945
13.175485372543335,9.605813980102539,-5.959991455078125,1.551712655816768,0.7305751757423049,0.7909999820403755,-0.0002970188168774372,-0.06460823118686676,0.12863652315612142,0.011538733901540255,0.01908367097812858,5.0558881759643555,5.21368932723999
13.186291933059692,9.606067657470703,-5.9526848793029785,1.5519427825285557,0.7311340939513871,0.7809999822638929,-0.0010349069027776711,-0.07378880679607391,0.14343687186007925,0.011723385676166487,0.018853544266340894,4.965291976928711,5.227140426635742
13.19634222984314,9.606328010559082,-5.945391654968262,1.5523459076697261,0.7297893063488877,0.7709999824874103,-0.0019032933523267443,-0.08683867752552032,0.16388419616567979,0.011862822259271155,0.018450419125170422,4.860110282897949,5.237080097198486
13.20640778541565,9.606588363647461,-5.93812370300293,1.5529466456487784,0.7273117751851108,0.7609999827109277,-0.0029282486769328818,-0.10249549150466919,0.18901097829039135,0.011942983640484073,0.01784968114611818,4.741690158843994,5.235808849334717
13.216456890106201,9.606842994689941,-5.930882453918457,1.553754638201987,0.7247124973196903,0.7509999829344451,-0.0041285975157749665,-0.12003486603498459,0.21779948680595687,0.011955253809771804,0.01704168859290966,4.633382320404053,5.2512125968933105
13.22579288482666,9.607109069824219,-5.923678874969482,1.5547826070484851,0.7210226168670716,0.7409999831579626,-0.0054530449269069095,-0.1324448138475418,0.2424476127093526,0.011912980423485209,0.01601371974641141,4.525679111480713,5.264986991882324
13.235982656478882,9.607386589050293,-5.916516304016113,1.5560272388804417,0.7170607587040362,0.73099998338148,-0.006893704441257594,-0.14406593143939972,0.26515010470266154,0.011817154350314496,0.014769087914454861,4.403680801391602,5.255582809448242
13.245879888534546,9.607665061950684,-5.909396648406982,1.5574773020154127,0.7129018733373368,0.7209999836049974,-0.008446996432395484,-0.15532921254634857,0.28700821910763463,0.01166065124821003,0.013319024779483879,4.282114028930664,5.256402015686035
13.255788803100586,9.607919692993164,-5.902316570281982,1.5591400183840005,0.708941706425383,0.7109999838285148,-0.01016221930695739,-0.17152227461338043,0.3140079692247997,0.01141650633011615,0.011656308410896044,4.161625862121582,5.2568559646606445
13.266053676605225,9.608161926269531,-5.895283222198486,1.5610205297218391,0.7044312659679416,0.7009999840520322,-0.011996793439118305,-0.18345744907855988,0.3381887705685939,0.01109461867987882,0.009775797073057424,4.044464111328125,5.257541656494141
13.275798559188843,9.608386039733887,-5.888295650482178,1.5631140206038159,0.6999618523374554,0.6909999842755497,-0.013940620167220698,-0.19438259303569794,0.3605407187687647,0.01069070892162749,0.007682306191080679,3.9282748699188232,5.258042812347412
13.286196947097778,9.608591079711914,-5.881353855133057,1.5654152143026803,0.6954870317940214,0.6809999844990671,-0.015983743928252345,-0.2043124884366989,0.38135294933076613,0.010205405668715528,0.005381112492216289,3.811994791030884,5.259145259857178
13.295731782913208,9.608773231506348,-5.8744587898254395,1.56792578767898,0.6909656842776473,0.6709999847225845,-0.0181204592778224,-0.2136714607477188,0.40113614935664355,0.009634392058462282,0.002870539115916504,3.697035789489746,5.261078834533691
13.30599069595337,9.608929634094238,-5.867610931396484,1.5706442902104996,0.6864711465146747,0.6609999849461019,-0.020344211499957812,-0.22237521409988403,0.4199347075278474,0.008975245069381188,0.0001520365843969973,3.8946633338928223,5.0971760749816895
13.316697835922241,9.609070777893066,-5.860885143280029,1.573067768245556,0.6735877286384437,0.6659999848343432,-0.019539126686045155,0.08050849288702011,0.10309566890972882,0.00838934604383823,-0.002271441450659495,3.9904258251190186,4.847362041473389
13.325714111328125,9.609126091003418,-5.854206085205078,1.574852274983418,0.6686234148804872,0.6709999847225845,-0.01814553998365125,0.13935862481594086,-0.05932362090185511,0.007909309883022075,-0.004055948188521397,4.019073963165283,4.8249359130859375
13.335652589797974,9.60903263092041,-5.8476457595825195,1.576377725119991,0.6565693809064171,0.6759999846108258,-0.0168503516946317,0.12951888144016266,-0.10289616071832597,0.007358220116456593,-0.005581398325094522,5.589411735534668,4.756202697753906
13.34546446800232,9.608798027038574,-5.841185569763184,1.5778839612222295,0.6469276354912036,0.6809999844990671,-0.015283454246825158,0.15668965876102448,-0.15058326044305825,0.006671754512540318,-0.007087634427332956,9.194612503051758,4.6619720458984375
13.35600209236145,9.608428955078125,-5.834784984588623,1.5790846026998429,0.6414374797735304,0.6859999843873084,-0.013618312147122289,0.16651426255702972,-0.18141869909699695,0.0059425007749140946,-0.008288275904946296,5.124688625335693,4.578176021575928
13.366462707519531,9.607946395874023,-5.828436851501465,1.579948518396135,0.6367916866089881,0.6909999842755497,-0.011923773415855174,0.1694539338350296,-0.19984018185824765,0.005200776724064937,-0.00915219160123848,-1.8192399740219116,4.458189964294434
13.375787734985352,9.607431411743164,-5.822213649749756,1.5806948389241833,0.6245767272878059,0.6959999841637909,-0.01023582251232335,0.16879509389400482,-0.21065021733644346,0.004461906597219567,-0.009898512129286718,0.35765352845191956,4.321138381958008
13.386181592941284,9.606926918029785,-5.816173553466797,1.581396113827299,0.6062295436912151,0.7009999840520322,-0.008602475004437043,0.1633346676826477,-0.21392841274741484,0.003747041466940715,-0.010599787032402386,5.162489414215088,4.208555221557617
13.39572548866272,9.606388092041016,-5.810276031494141,1.5819145908983197,0.5922467309418883,0.6909999842755497,-0.007016774745863764,0.1585700809955597,-0.21541566549532892,0.003052681529217338,-0.011118264103423092,8.97178840637207,4.12485408782959
13.405333995819092,9.605733871459961,-5.80441427230835,1.5820411452736858,0.5898491718853297,0.6959999841637909,-0.005431406015991878,0.1585368812084198,-0.2210808777012663,0.002360497008957907,-0.01124481847878922,4.006921291351318,4.038252353668213
13.41587781906128,9.604989051818848,-5.798595905303955,1.5818468966152006,0.5865774283265316,0.6859999843873084,-0.003885707421899496,0.1545698195695877,-0.22353337023064151,0.0016739483444130343,-0.011050569820304057,-1.7066072225570679,3.9038455486297607
13.425854206085205,9.60427474975586,-5.792951583862305,1.581630062521316,0.5689412960350135,0.6909999842755497,-0.0023850835079379912,0.1500624269247055,-0.22427317965921667,0.001024692615246181,-0.010833735726419434,1.3409630060195923,3.7651073932647705
13.435500383377075,9.603594779968262,-5.787501335144043,1.5814033113189823,0.5492920092537649,0.6959999841637909,-0.000979003099026935,0.1406080424785614,-0.21900641216674213,0.00041274427929494095,-0.010606984524085705,5.11286735534668,3.66929030418396
13.445568323135376,9.602884292602539,-5.782176494598389,1.5809847636526537,0.5372271430056591,0.7009999840520322,0.00036431236249756695,0.13433150947093964,-0.21494895079071152,-0.00017218557491283093,-0.010188436857757164,8.274093627929688,3.5997653007507324
13.455799341201782,9.602051734924316,-5.776860237121582,1.5801514724490129,0.5382499537496986,0.6909999842755497,0.0017015590341172787,0.13372468948364258,-0.21690407618121532,-0.0007547678345645181,-0.009355145654116328,4.18600606918335,3.510368585586548
13.466662406921387,9.6011381149292,-5.771581649780273,1.5790118123384311,0.5360072728097265,0.6959999841637909,0.003016261232048754,0.1314702183008194,-0.2186493661384119,-0.0013265030090714447,-0.008215485543534573,-1.0173982381820679,3.3790788650512695
13.476264715194702,9.60027027130127,-5.766490459442139,1.57789831330282,0.5167813298802204,0.7009999840520322,0.004243065894540462,0.12268046289682388,-0.2132192224419003,-0.0018603067405766893,-0.007101986507923374,2.4719324111938477,3.2399027347564697
13.485708236694336,9.59945297241211,-5.761604309082031,1.5768206689399662,0.4957254013345878,0.7059999839402735,0.005377713104782937,0.11346469819545746,-0.20492680597663318,-0.0023543192994495143,-0.006024342145069639,4.80626106262207,3.162938117980957
13.495801448822021,9.59859848022461,-5.756822109222412,1.5755378559430224,0.4862118967410603,0.7109999838285148,0.006457073510200782,0.10793605446815491,-0.19931987225754275,-0.002823973189856943,-0.004741529148125867,4.146298885345459,3.105297565460205
13.506470680236816,9.597626686096191,-5.7520318031311035,1.5738489499431398,0.4895354052740864,0.7159999837167561,0.007527230795777823,0.1070156991481781,-0.1990308433415488,-0.0032890994259879847,-0.003052623148243283,4.104024410247803,3.0035412311553955
13.516127109527588,9.59660816192627,-5.74731969833374,1.5719519432935378,0.483062708001159,0.7209999836049974,0.008558669277080547,0.10314387828111649,-0.196985215497449,-0.003738522946159506,-0.0011556164986412654,3.54622220993042,2.6298716068267822
13.526007652282715,9.595738410949707,-5.742732524871826,1.5701621368169987,0.4669932462398219,0.7259999834932387,0.009444314144173968,0.08856450021266937,-0.18272835373490054,-0.004071332069676359,0.000634189977897881,3.4950075149536133,2.5703909397125244
13.536081552505493,9.595251083374023,-5.738142490386963,1.568552008691862,0.4622862611035779,0.73099998338148,0.009298415857007138,-0.014589826576411724,-0.06864990254333085,-0.004075621760293302,0.0022443181030344928,3.6089468002319336,2.7302863597869873
13.546086549758911,9.594955444335938,-5.733522891998291,1.566982252341091,0.4635997089406711,0.7359999832697213,0.00914243755319191,-0.01559782586991787,-0.0316627147065198,-0.003900336102116597,0.0038140744538055498,3.753041982650757,2.9062998294830322
13.55588173866272,9.594780921936035,-5.728806972503662,1.5654732232878774,0.4725105638159776,0.7409999831579626,0.009179210350724526,0.0036772440653294325,-0.039553161409209656,-0.00362215455347048,0.005323103507019145,3.893850564956665,3.0659914016723633
13.566546201705933,9.594712257385254,-5.7239837646484375,1.5639838306866725,0.4829538428878809,0.7459999830462039,0.009384547135762073,0.02053361013531685,-0.05874102495488366,-0.0032440095906736133,0.006812496108224098,4.013998031616211,3.2280516624450684
13.575799942016602,9.594733238220215,-5.719050407409668,1.5625570846247454,0.49385402335791856,0.7509999829344451,0.009732261404211594,0.03477151319384575,-0.07893603476229513,-0.0027950170947388386,0.008239242170151151,4.119626045227051,3.381406307220459
13.586061239242554,9.594832420349121,-5.714005470275879,1.5612019710011102,0.5050558459732989,0.7559999828226864,0.010180282992228798,0.04480210319161415,-0.09528890506032427,-0.002289317071360486,0.009594355793786313,4.21376371383667,3.5264127254486084
13.59618592262268,9.594999313354492,-5.7088470458984375,1.5599237848694794,0.5164668991339953,0.7609999827109277,0.010694945272437821,0.051466282457113266,-0.10715197907363416,-0.0017389883308407406,0.0108725419254172,4.299798488616943,3.664055585861206
13.606350660324097,9.595223426818848,-5.7035746574401855,1.5587248125087558,0.5280573122995955,0.765999982599169,0.011248836907322859,0.05538921803236008,-0.11492552417372381,-0.0011552068486011535,0.012071514286140728,4.379947662353516,3.795808792114258
13.615993738174438,9.595498085021973,-5.698187351226807,1.5576049942518073,0.5397255706920455,0.7709999824874103,0.011823281967043723,0.05744444951415062,-0.11960250904719563,-0.0005446299861180393,0.01319133254308924,4.457240581512451,3.922696828842163
13.625758409500122,9.595818519592285,-5.692684173583984,1.5565615998089712,0.5514592945350406,0.7759999823756516,0.012405659183876299,0.0582377128303051,-0.12208434370565727,8.879347220158706e-05,0.014234726985925317,4.528943061828613,4.044707298278809
13.63623046875,9.596179008483887,-5.687066555023193,1.5555974348780128,0.5631622167768819,0.7809999822638929,0.01298368781289449,0.057802796363830566,-0.12265194432113255,0.0007385005089783903,0.015198891916883728,4.598651885986328,4.162924766540527
13.646100521087646,9.596576690673828,-5.681333541870117,1.5547081142317958,0.5748256738797894,0.7859999821521342,0.013547893719832399,0.05642062425613403,-0.12165671692092289,0.0014029462393807535,0.01608821256310078,4.6661458015441895,4.277627944946289
13.655952215194702,9.597007751464844,-5.675486087799072,1.5538926178268306,0.586447256462242,0.7909999820403755,0.01409305612125036,0.05451628193259239,-0.11963891826237535,0.0020786226593312307,0.016903708968065926,4.7318267822265625,4.388666152954102
13.665794849395752,9.597469329833984,-5.669525146484375,1.5531482604274183,0.597990819204885,0.7959999819286168,0.014613760612217265,0.05207047238945961,-0.11672545428113901,0.0027634749202469777,0.017648066367478288,4.813896179199219,4.483921527862549
13.675791025161743,9.597956657409668,-5.6634521484375,1.5524476699652356,0.6093432940291642,0.800999981816858,0.015122161289919157,0.05084005743265152,-0.11481005760191954,0.003460945588708242,0.01834865682966091,4.903554439544678,4.569032669067383
13.685728788375854,9.59846019744873,-5.657269477844238,1.5517344649251275,0.6203886314504671,0.8059999817050993,0.015646954100125125,0.05247936770319939,-0.11623069327871333,0.004178409705215103,0.019061861869769103,5.398803234100342,4.438626289367676
13.695730447769165,9.598922729492188,-5.65095853805542,1.5509676711211462,0.6329006209896412,0.8109999815933406,0.0159774968555427,0.03305407240986824,-0.09598978226073909,0.004870936394810954,0.01982865567375036,4.933828830718994,4.535531520843506
13.705724954605103,9.599197387695312,-5.644472599029541,1.5501379033849958,0.6493178899761447,0.8159999814815819,0.01590980419401102,-0.0067692045122385025,-0.04686719284707533,0.005394473907449182,0.02065842340990076,4.940629005432129,4.604137420654297
13.716145992279053,9.599483489990234,-5.63789701461792,1.54939793999404,0.658271133357231,0.8209999813698232,0.01575487514407483,-0.015492896549403667,-0.021558016385725506,0.00590251613531656,0.021398386800856484,5.021233558654785,4.676515579223633
13.725900411605835,9.599778175354004,-5.63123083114624,1.5486763682092954,0.6673685354162036,0.8259999812580645,0.015569213356742271,-0.018566180020570755,-0.009252583793222425,0.006413621786355961,0.02211995858560112,5.103280544281006,4.752068519592285
13.735799551010132,9.600079536437988,-5.624455451965332,1.5479431832143307,0.6783027941101432,0.8309999811463058,0.015374176525326438,-0.01950371265411377,-0.0030536130348106875,0.00693488275655163,0.022853143580565893,5.179447650909424,4.821867942810059
13.745572328567505,9.600388526916504,-5.617576599121094,1.5471990763492927,0.6886782421976619,0.8359999810345471,0.015169625578137004,-0.02045501582324505,0.0013716282948049285,0.007467045085357782,0.023597250445603905,5.247087478637695,4.885676860809326
13.755729913711548,9.600704193115234,-5.610602855682373,1.5464484069300917,0.6981815940915921,0.8409999809227884,0.014952767473556354,-0.021685831248760223,0.00560564415355806,0.008007847397912826,0.024347919864804893,5.3087873458862305,4.9419121742248535
13.766247272491455,9.60102653503418,-5.60354471206665,1.5456888653462333,0.7066870296614987,0.8459999808110297,0.014726211519253789,-0.022655699402093887,0.009551610238074229,0.008557982125843466,0.02510746144866327,5.363354682922363,4.991427421569824
13.775658369064331,9.60135555267334,-5.596410751342773,1.544921471880941,0.7142228363003892,0.850999980699271,0.014490134424472962,-0.023607652634382248,0.01343458514578033,0.009117143005251904,0.025874854913955584,5.410938262939453,5.034366130828857
13.786119222640991,9.601690292358398,-5.589211463928223,1.5441472467529775,0.7208135093111889,0.8559999805875123,0.014244635656265325,-0.024549847468733788,0.017328817177575374,0.009684070131095623,0.026649080041919015,5.452186584472656,5.071336269378662
13.795882225036621,9.602030754089355,-5.581955432891846,1.543367044104567,0.7265197816747838,0.8609999804757535,0.013989827679218839,-0.02548082545399666,0.02125419213988372,0.010258507092903102,0.027429282690329515,5.48646354675293,5.103815078735352
13.80601453781128,9.602376937866211,-5.574649810791016,1.5425842100813911,0.7314596040157348,0.8659999803639948,0.013723975159840704,-0.02658521756529808,0.025412083750770743,0.010839450190566424,0.02821211671350543,5.510819911956787,5.134450912475586
13.816324710845947,9.602728843688965,-5.567301273345947,1.5418093984880805,0.7357932820173285,0.8709999802522361,0.013439328349846257,-0.02846463955938816,0.03050539682032765,0.011423704430422177,0.02898692830681604,5.527446269989014,5.1635894775390625
13.825831890106201,9.603087425231934,-5.5599141120910645,1.5410554218609585,0.739663287045824,0.8759999801404774,0.013126462312485404,-0.0312865674495697,0.036935148648078106,0.012008381446902305,0.029740904933938106,5.539717674255371,5.191454887390137
13.836241245269775,9.603450775146484,-5.552492141723633,1.5403297490065289,0.7432029800206322,0.8809999800287187,0.012779913237187288,-0.03465498983860016,0.04441145587374614,0.012589334575910271,0.0304665777883677,5.549942493438721,5.218243598937988
13.845619678497314,9.603821754455566,-5.545036792755127,1.539636029563529,0.7465343809446888,0.88599997991696,0.012397561650179979,-0.038235075771808624,0.05250071354442184,0.013168330921883964,0.031160297231367595,5.5466508865356445,5.225914001464844
13.85571813583374,9.604192733764648,-5.537546634674072,1.5389697146435637,0.7500033664492035,0.8909999798052013,0.011972707632021263,-0.04248545318841934,0.06156849521652201,0.01373910558001512,0.031826612151332874,5.5588154792785645,5.258293151855469
13.86561131477356,9.604557037353516,-5.530023574829102,1.538337168821945,0.7532469679620062,0.8809999800287187,0.011476326913018989,-0.049638018012046814,0.0741381727368311,0.014293074892009372,0.032459157972951624,5.571887969970703,5.289796829223633
13.875722169876099,9.604937553405762,-5.52247428894043,1.5377423627340818,0.7559539129788271,0.8709999802522361,0.010965511438957782,-0.05108152702450752,0.08178629766090531,0.01485193704319343,0.03305396406081473,5.580848693847656,5.318687915802002
13.886578798294067,9.605331420898438,-5.514898777008057,1.5371861277760988,0.7586166387079293,0.8609999804757535,0.010436099345846824,-0.05294134095311165,0.08842295564972655,0.015412582330831981,0.033610199018797804,5.55867862701416,5.3387675285339355
13.896620988845825,9.605732917785645,-5.5073041915893555,1.536695657991358,0.7605320534027925,0.850999980699271,0.009849398871341054,-0.058670107275247574,0.09892603477146517,0.01596113583427794,0.03410066880353857,5.495326519012451,5.346484661102295
13.90567135810852,9.606136322021484,-5.4997053146362305,1.5363177158939962,0.7609900539001923,0.8409999809227884,0.009156298226515121,-0.0693100169301033,0.11594310551157928,0.016477856048702222,0.03447861090090032,5.418894290924072,5.351186752319336
13.916168212890625,9.60654067993164,-5.49211311340332,1.536082130998247,0.7603058069957519,0.8309999811463058,0.008330519573432235,-0.08257772773504257,0.13791293501148377,0.016952847135511817,0.03471419579664947,5.298442363739014,5.3241448402404785
13.925719261169434,9.606892585754395,-5.4845709800720215,1.5360178099344182,0.7551154312045909,0.8209999813698232,0.007137958871201663,-0.11925618350505829,0.18678485579282006,0.017324037630269018,0.034778516860478385,5.175083160400391,5.293470859527588
13.936107397079468,9.607226371765137,-5.47706413269043,1.536121758413598,0.7514417526626829,0.8109999815933406,0.005736682509894278,-0.14012759923934937,0.22752340510265665,0.01762665789861373,0.034674568381298565,5.053775787353516,5.264174938201904
13.9461669921875,9.607551574707031,-5.469598770141602,1.5363994878869454,0.7472516707576082,0.800999981816858,0.004154582728784331,-0.1582099348306656,0.26322610493513426,0.017868591681642343,0.0343968389079512,4.921363353729248,5.225880146026611
13.956527471542358,9.607868194580078,-5.462185382843018,1.536844630158352,0.7420208189023402,0.7909999820403755,0.0023972783727907675,-0.17573049664497375,0.2971555847492641,0.01805174684773192,0.033951696636544515,4.769413948059082,5.105082988739014
13.966254711151123,9.608176231384277,-5.454835414886475,1.537492757045423,0.7356544104109878,0.7809999822638929,0.0004665080603210258,-0.19307704269886017,0.33065830748373476,0.01816545551585591,0.03330356974947346,4.612381458282471,5.161389350891113
13.975425481796265,9.608477592468262,-5.44755744934082,1.538379356431347,0.728435075031958,0.7709999824874103,-0.0016282697302530927,-0.2094777375459671,0.36326590272460946,0.0182009803819998,0.03241697036354951,4.46555757522583,5.129149436950684
13.986074924468994,9.608774185180664,-5.440356731414795,1.5394722816375472,0.7208192706507656,0.7609999827109277,-0.0038412288373164817,-0.22129599750041962,0.39092228041750554,0.018169862052175745,0.03132404515734932,4.316049098968506,5.106549263000488
13.996040344238281,9.609067916870117,-5.433236598968506,1.5408001074264066,0.7127404207471498,0.7509999829344451,-0.006185633579661988,-0.23444046080112457,0.41862532093617005,0.01806543325169585,0.029996219368489955,4.168085098266602,5.089801788330078
14.006168127059937,9.609360694885254,-5.426199913024902,1.5423650121169714,0.7045657972666557,0.7409999831579626,-0.008615514744966905,-0.24298812448978424,0.44152339608577973,0.017888940227120287,0.028431314677925146,4.02555513381958,5.08039665222168
14.016478538513184,9.60965347290039,-5.419247150421143,1.5441721369597408,0.696380353094295,0.73099998338148,-0.011106739068513864,-0.24912245571613312,0.46038081407289333,0.01763978625988294,0.026624189835155798,3.889249324798584,5.077250957489014
14.026161193847656,9.609950065612793,-5.412376403808594,1.5462200683932648,0.6883353329719643,0.7209999836049974,-0.01363518741799907,-0.25284484028816223,0.47536459588345964,0.01732220096193693,0.0245762584016318,3.76056170463562,5.081541061401367
14.036430597305298,9.610250473022461,-5.4055867195129395,1.5485089831357464,0.6805513052336948,0.7109999838285148,-0.01617803498381481,-0.25428467988967896,0.48659525508946255,0.016936122599149783,0.022287343659150194,3.641347646713257,5.093277454376221
14.04588770866394,9.610555648803711,-5.398874282836914,1.5510353050020151,0.6731673840228568,0.7009999840520322,-0.018712480628100613,-0.2534445524215698,0.4940509411533206,0.016483569517152574,0.01976102179288142,3.524864435195923,5.111217021942139
14.056155681610107,9.610867500305176,-5.3922343254089355,1.5538039108687434,0.666236108116058,0.6909999842755497,-0.021227224421832287,-0.2514743506908417,0.49889706154990543,0.015964979765186627,0.016992415926153193,3.4280548095703125,5.1343183517456055
14.06627106666565,9.611185073852539,-5.385661602020264,1.5567916059719458,0.6599600142430485,0.6809999844990671,-0.02369667283176878,-0.24694480001926422,0.4999316608635377,0.015386352761932898,0.01400472082295079,3.3432722091674805,5.167440414428711
14.075944423675537,9.611509323120117,-5.379148960113525,1.5599959717203715,0.6544388389947079,0.6709999847225845,-0.02609741384101363,-0.24007418751716614,0.49696035722472937,0.01474936665102966,0.010800355074525037,3.269878387451172,5.2071967124938965
14.086093664169312,9.611842155456543,-5.372687816619873,1.5634074177523372,0.6497234328180654,0.6609999849461019,-0.02841003862213454,-0.23126253485679626,0.4903017984192244,0.014058807999131062,0.0073889090425593995,3.547288656234741,5.931151390075684
14.09592318534851,9.61213493347168,-5.366292476654053,1.5668302924541233,0.6431727422091054,0.6509999851696193,-0.030600033838327833,-0.2189994901418686,0.47853062232042065,0.013324740654741873,0.003966034340773249,3.7375831604003906,6.26262903213501
14.106412410736084,9.612533569335938,-5.360008239746094,1.5702806505901186,0.631853735592085,0.6409999853931367,-0.031206204239312956,-0.06061703711748123,0.3074727568503312,0.012688272190514382,0.0005156762047779928,3.5990548133850098,5.3628621101379395
14.115979194641113,9.61269474029541,-5.353814125061035,1.5727581364343495,0.6199783751669221,0.645999985281378,-0.030134438786643243,0.10717657208442688,0.07478171070455497,0.012106197781095673,-0.001961809639452916,3.677119016647339,5.037844657897949
14.125746726989746,9.612638473510742,-5.347647666931152,1.5743805963699757,0.61735641277028,0.6509999851696193,-0.028531384140193055,0.1603054404258728,-0.056903078164161874,0.011563194940571009,-0.0035842695750791798,4.275518417358398,4.815250396728516
14.135861873626709,9.612473487854004,-5.341552734375,1.575589203123746,0.6100240866136375,0.6559999850578606,-0.02619493755652647,0.23364467918872833,-0.181242162685159,0.011035630460360935,-0.004792876328849393,7.718495845794678,4.825847625732422
14.145973682403564,9.612133979797363,-5.335553169250488,1.5764250177154764,0.600925496013728,0.6609999849461019,-0.023883718608507035,0.23112182319164276,-0.22346162969840908,0.01044538143763063,-0.005628690920579827,9.12657642364502,4.887203693389893
14.156231164932251,9.611560821533203,-5.329684734344482,1.5771225400846711,0.589680737270359,0.6659999848343432,-0.022097796226617727,0.17859216034412384,-0.18717976588651833,0.00966297020530682,-0.006326213289774563,2.8867921829223633,4.780381679534912
14.166633605957031,9.61081314086914,-5.323912143707275,1.5777336866540532,0.5820670335880797,0.6709999847225845,-0.019997881761285183,0.2099914848804474,-0.2164806637903783,0.008731949605056855,-0.0069373598591566665,-3.0374953746795654,4.6057868003845215
14.17578935623169,9.610063552856445,-5.318337917327881,1.5782604836963186,0.5624864257702243,0.6759999846108258,-0.017919007166761862,0.20788748562335968,-0.230107866618335,0.007824326578727892,-0.007464156901421992,-7.98018741607666,3.814020872116089
14.18577766418457,9.609322547912598,-5.31295919418335,1.5786668706471216,0.5429287228509042,0.6809999844990671,-0.01596882630955304,0.19501811265945435,-0.22725655076380372,0.006961409134078167,-0.007870543852225076,-2.85813045501709,3.658541440963745
14.196120262145996,9.60859489440918,-5.307736396789551,1.578915417960143,0.5273359410655828,0.6859999843873084,-0.014110597890625775,0.18582290410995483,-0.22291520415396476,0.0061591938198972684,-0.00811909116524645,5.529179096221924,3.5432279109954834
14.205423831939697,9.6078519821167,-5.302667617797852,1.5790100239609641,0.5123090099535601,0.6909999842755497,-0.01234517432898016,0.17654235661029816,-0.217653159778801,0.005387900673566648,-0.008213697166067568,9.61535358428955,3.4678096771240234
14.216326236724854,9.607003211975098,-5.297630310058594,1.578723568117345,0.5108434527978056,0.6959999841637909,-0.010598831280454218,0.17463427782058716,-0.2195703370957351,0.004625064486134534,-0.007927241322448486,3.8340952396392822,3.396946907043457
14.225698232650757,9.60606861114502,-5.292620658874512,1.5781192285700163,0.5097264191680023,0.6859999843873084,-0.008870277939530376,0.17285531759262085,-0.22350154463935806,0.003871760246921596,-0.007322901775119739,-1.5202895402908325,3.2701656818389893
14.236073970794678,9.605162620544434,-5.287765979766846,1.5774922358331587,0.4938931734147022,0.6909999842755497,-0.007226577701688748,0.16437003016471863,-0.2206880930854082,0.0031538628435416882,-0.006695909038262116,1.9255374670028687,3.134531021118164
14.245699644088745,9.604312896728516,-5.283109664916992,1.576889092113005,0.47341318321386566,0.6959999841637909,-0.005692199989429775,0.1534377485513687,-0.21294705166737646,0.0024850784417793648,-0.0060927653181084285,4.89028787612915,3.0543124675750732
14.255534648895264,9.603433609008789,-5.278562068939209,1.5760939400188538,0.4633400137871997,0.7009999840520322,-0.004224204654590589,0.14679956436157227,-0.2079104443664772,0.0018443324753896206,-0.005297613223957276,5.89003324508667,2.995774984359741
14.266411304473877,9.602442741394043,-5.274016380310059,1.5749188886508358,0.4656269947975605,0.7059999839402735,-0.0027609350539455524,0.1463269591331482,-0.20989504834391734,0.0012059763405112278,-0.0041225618559392885,3.7677054405212402,2.908285140991211
14.276180028915405,9.601387023925781,-5.269515514373779,1.573488935023146,0.4628571115166353,0.6959999841637909,-0.0013224641099020848,0.14384709298610687,-0.2116196788745276,0.0005792424333961321,-0.00269260822824946,3.6086223125457764,2.7813522815704346
14.286372900009155,9.599390983581543,-5.260957717895508,1.5705450872100952,0.43488485075806993,0.7009999840520322,0.001322088401170509,0.12968599796295166,-0.20388879972475565,-0.0005336445438093307,0.0002512395848013327,3.468125104904175,2.5857174396514893
14.295915365219116,9.599390983581543,-5.260957717895508,1.5705450872100952,0.43488485075806993,0.7059999839402735,0.001322088401170509,0.12968599796295166,-0.20157416328912472,-0.0005336445438093307,0.0002512395848013327,3.480945587158203,2.4430482387542725
14.3061203956604,9.59877872467041,-5.256574630737305,1.5688750005970662,0.44335349143829456,0.7109999838285148,0.0019356097778208162,0.06135213375091553,-0.12981013127613297,-0.0006448778248682174,0.0019213261978303642,3.6187849044799805,2.5894412994384766
14.316595792770386,9.598395347595215,-5.252071380615234,1.5670832815266644,0.45285981712745693,0.7159999837167561,0.0020359276145363696,0.010031781159341335,-0.05324954928936937,-0.0004907413838459718,0.0037130452682321295,3.7471659183502197,2.7765517234802246
14.326159238815308,9.598134994506836,-5.247465133666992,1.5653887257501047,0.4621787980296709,0.7209999836049974,0.002325510565452485,0.02895830199122429,-0.04950284785846797,-0.00024273308620870182,0.005407601044791877,3.8687496185302734,2.945019483566284
14.336421489715576,9.597979545593262,-5.242751598358154,1.5637649538123957,0.47230529995172205,0.7259999834932387,0.0027568001912080657,0.04312897101044655,-0.06296189345182446,8.894010642812589e-05,0.007031372982500894,3.9790682792663574,3.110929012298584
14.345725059509277,9.597909927368164,-5.237928867340088,1.562231018947759,0.48290559078092904,0.73099998338148,0.003300581175401,0.05437807738780975,-0.07883155785391414,0.0004794883029450858,0.008565307847137492,4.072957515716553,3.2715938091278076
14.355873823165894,9.597922325134277,-5.2329912185668945,1.5608035484544276,0.49426420660337433,0.7359999832697213,0.003939163360907606,0.06385822594165802,-0.0938570343122257,0.0009201087449142165,0.009992778340468966,4.157727241516113,3.4239394664764404
14.366492986679077,9.598002433776855,-5.227940559387207,1.5594836170885134,0.5055906431925326,0.7409999831579626,0.004633821674817911,0.06946584582328796,-0.10476265508352149,0.0013961743006749572,0.011312709706383206,4.234912872314453,3.5683982372283936
14.376047372817993,9.598140716552734,-5.222774982452393,1.5582710333522785,0.5171016376686716,0.7459999830462039,0.005359165832842735,0.07253440469503403,-0.1119059234742791,0.0018982063360262202,0.0125252934426181,4.30721378326416,3.706805467605591
14.386241674423218,9.5983304977417,-5.217494010925293,1.5571636214240046,0.5287101735521765,0.7509999829344451,0.006098221834768924,0.0739055871963501,-0.11623588202300436,0.002420182671782456,0.013632705370892007,4.376030921936035,3.8398702144622803
14.396132707595825,9.598567962646484,-5.212097644805908,1.5561587335699578,0.5403726803462638,0.7559999828226864,0.006838801848740266,0.07405802607536316,-0.11850740491105352,0.002959083803743212,0.014637593224938739,4.44256067276001,3.968344211578369
14.40571928024292,9.598845481872559,-5.2065863609313965,1.5552512411254642,0.5520419659737579,0.7609999827109277,0.007572172843372985,0.07333710789680481,-0.1192883742528776,0.003508819752402914,0.015545085669432357,4.505314350128174,4.093360424041748
14.415692329406738,9.599162101745605,-5.200959205627441,1.5544440674339872,0.5637019534969234,0.765999982599169,0.008289705956748708,0.07175325602293015,-0.11873999483116578,0.004067560930048231,0.016352259360909338,4.567109107971191,4.213108062744141
14.425752401351929,9.599513053894043,-5.195218086242676,1.553729118176729,0.5753103050193208,0.7709999824874103,0.008983192234296408,0.06934863328933716,-0.11692867999213118,0.004632967908086982,0.01706720861816757,4.62751579284668,4.329176425933838
14.435791969299316,9.599897384643555,-5.1893630027771,1.5531030045097822,0.5868501067588024,0.7759999823756516,0.009648281231940658,0.066508948802948,-0.11426458168355363,0.005205104385465731,0.017693322285114336,4.686642646789551,4.441893100738525
14.445716857910156,9.600311279296875,-5.183394908905029,1.552562864827548,0.5982986872880737,0.7809999822638929,0.010281568159680027,0.06332867592573166,-0.11096140668095408,0.005781014798067474,0.01823346196734854,4.751866340637207,4.547259330749512
14.455699443817139,9.600751876831055,-5.177314281463623,1.5520983290940862,0.6096933557047932,0.7859999821521342,0.010885421146196762,0.06038528308272362,-0.10768863175806861,0.006360949291877915,0.018697997700810376,4.694879531860352,4.410943508148193
14.466002702713013,9.60098934173584,-5.171058177947998,1.551535268287425,0.6261076972941506,0.7909999820403755,0.010864898778177407,-0.002052213763818145,-0.04034328684874733,0.006767302013269472,0.019261058507471507,4.759246349334717,4.496806621551514
14.475666522979736,9.601183891296387,-5.164669036865234,1.5509841579426507,0.6392812081245011,0.7959999819286168,0.01079240614958251,-0.007249257992953062,-0.01378609252404632,0.007127153124050878,0.019812168852245904,4.824267387390137,4.581247806549072
14.486116409301758,9.601387023925781,-5.158167362213135,1.5504671527983667,0.6505130464864064,0.800999981816858,0.010678456066164715,-0.011395041830837727,-0.00047595017763473434,0.007485356056131209,0.020329173996529892,4.895289897918701,4.664394378662109
14.49544882774353,9.60159683227539,-5.151552677154541,1.5499710525716328,0.6618293432706509,0.8059999817050993,0.01053423016258502,-0.01442257035523653,0.007753788676513855,0.007843962964372508,0.020825274223263742,4.965494155883789,4.744266033172607
14.505806684494019,9.601813316345215,-5.1448283195495605,1.54950153168939,0.6728579168727588,0.8109999815933406,0.010356801346570434,-0.017742900177836418,0.014838484146345353,0.00820127206208987,0.02129479510550647,5.041676044464111,4.816046714782715
14.516233205795288,9.602034568786621,-5.137998580932617,1.5490295457414283,0.6833728813958662,0.8159999814815819,0.010168544217566597,-0.018825648352503777,0.01926756304268417,0.00856408746771642,0.021766781053468298,5.111544132232666,4.88300085067749
14.525439977645874,9.602261543273926,-5.131070613861084,1.5485531101569665,0.6932202363978718,0.8209999813698232,0.009971627765519879,-0.019691694527864456,0.02270740663135848,0.008933958025460598,0.022243216637930052,5.174576282501221,4.942116737365723
14.53620195388794,9.602493286132812,-5.124053478240967,1.548070560484466,0.7021136520622834,0.8259999812580645,0.009767724747455355,-0.020390328019857407,0.025706924470051455,0.009310429193115866,0.02272576631043055,5.230052947998047,4.993955135345459
14.545690059661865,9.602728843688965,-5.116958141326904,1.5475829108564327,0.7099528132577851,0.8309999811463058,0.009557055974136574,-0.02106688916683197,0.02858146700976477,0.009692243045179794,0.02321341593846382,5.278170585632324,5.038708209991455
14.555742025375366,9.6029691696167,-5.1097941398620605,1.5470905022225379,0.7168426486463871,0.8359999810345471,0.009339761984167512,-0.021729344502091408,0.03143423646066227,0.010080250913611977,0.0237058245723587,5.321202278137207,5.078545093536377
14.566352844238281,9.6032133102417,-5.102570533752441,1.5465951781594975,0.7228247985183024,0.8409999809227884,0.009115190131935336,-0.02245723083615303,0.03437888692330604,0.010472946127766392,0.024201148635399017,5.3570122718811035,5.113541126251221
14.575662612915039,9.603461265563965,-5.09529447555542,1.546097779161927,0.7280629585072662,0.8459999808110297,0.008883281121738964,-0.023190828040242195,0.03738582063922049,0.010870076548586738,0.024698547632969525,5.383152961730957,5.146833896636963
14.585779428482056,9.603713989257812,-5.087972164154053,1.5456094780445835,0.7327251041861058,0.850999980699271,0.008635581924820983,-0.02477002888917923,0.04134106456743018,0.011269245009929207,0.025186848750313073,5.401852607727051,5.178763389587402
14.595670461654663,9.603970527648926,-5.0806074142456055,1.5451427672880405,0.7369409593121876,0.8559999805875123,0.008362882823282845,-0.027269890531897545,0.046601224232433715,0.011665751391822354,0.025653559506856105,5.411161422729492,5.209685325622559
14.605911493301392,9.604231834411621,-5.073204040527344,1.5447051379681616,0.7408541318154475,0.8609999804757535,0.008060647745945556,-0.030223475769162178,0.05278879135595263,0.012058303010855198,0.026091188826735,5.429219722747803,5.239453315734863
14.616348266601562,9.604496955871582,-5.065763473510742,1.5442995849283452,0.7445640175990487,0.8659999803639948,0.007725348347737218,-0.03352990373969078,0.05969028274563032,0.012445048326110708,0.026496741866551377,5.4426469802856445,5.268568992614746
14.626119613647461,9.604767799377441,-5.058286190032959,1.543925435062041,0.7481965459412707,0.8709999802522361,0.007358653901181205,-0.03666948899626732,0.06669354928678556,0.012828096832908642,0.026870891732855506,5.454061508178711,5.296763896942139
14.635557651519775,9.605042457580566,-5.050774574279785,1.543583010252817,0.7517160505021507,0.8759999801404774,0.006960588021382748,-0.03980660066008568,0.07378553731710509,0.01320544491956177,0.02721331654207959,5.463948726654053,5.324080944061279
14.645754098892212,9.605320930480957,-5.043229103088379,1.5432741381011157,0.7550873540903981,0.8659999803639948,0.006530156657851598,-0.043043144047260284,0.08107063742659038,0.013576544765758314,0.02752218869378087,5.472412109375,5.350536823272705
14.656230926513672,9.60560417175293,-5.035651206970215,1.5430006491331005,0.7583167209190064,0.8559999805875123,0.006066520785829643,-0.046363554894924164,0.0885654695445246,0.013941801346341265,0.027795677661796026,5.480073928833008,5.3762054443359375
14.670126914978027,9.605890274047852,-5.028042316436768,1.5427628662628368,0.7614361668884421,0.8459999808110297,0.005569643128655444,-0.0496877059340477,0.09618875776672453,0.014299210711090637,0.028033460532059795,5.4658074378967285,5.398956775665283
14.67971920967102,9.606182098388672,-5.020408630371094,1.5425797738874143,0.7639033290877845,0.8359999810345471,0.005025823244491655,-0.054382093250751495,0.10537628876777536,0.014645941041543153,0.02821655290748226,5.437309265136719,5.416860580444336
14.689653396606445,9.606478691101074,-5.012762069702148,1.5424841576241375,0.7652656201984516,0.8259999812580645,0.004411072142376803,-0.06147503852844238,0.11767483087197222,0.014971207175875634,0.02831216917075907,5.381778240203857,5.434676170349121
14.69952392578125,9.606781005859375,-5.0051116943359375,1.5425021659155644,0.7656384843203149,0.8159999814815819,0.003706856795625007,-0.07042154669761658,0.13300286717683873,0.01526812161048774,0.028294160879332123,5.308316707611084,5.4465155601501465
14.709488868713379,9.607089042663574,-4.997469902038574,1.542665122891471,0.7647680002715491,0.8059999817050993,0.0028912495491779443,-0.08156077563762665,0.15172418561009277,0.015527290776653047,0.028131203903425606,5.208162307739258,5.446036338806152
14.719207048416138,9.607394218444824,-4.989853382110596,1.5429943817230993,0.7622768521042042,0.7959999819286168,0.0019130133853045162,-0.0978236198425293,0.17714177541554452,0.015733727534788855,0.02780194507179723,5.072275638580322,5.326704978942871
14.729291915893555,9.607671737670898,-4.982288837432861,1.5435099294818033,0.7569759374943837,0.7859999821521342,0.0006477336047250707,-0.12652790546417236,0.21824160019062333,0.0158566411017258,0.027286397313093232,4.934309005737305,5.391602039337158
14.739432334899902,9.607938766479492,-4.9747700691223145,1.5442318028324191,0.7523830890990362,0.7759999823756516,-0.0008243459786326648,-0.14720802009105682,0.2559833154013952,0.01590718640670019,0.026564523962477438,4.800136089324951,5.370213508605957
14.749366283416748,9.608201026916504,-4.9673027992248535,1.5451623866738344,0.7472663269747297,0.765999982599169,-0.0024774411223104993,-0.16530947387218475,0.2903112753293424,0.01589036677881772,0.02563394012106213,4.671451568603516,5.356794357299805
14.758667230606079,9.608463287353516,-4.9598894119262695,1.5463071432268498,0.7418935624199463,0.7559999828226864,-0.004282035362293688,-0.1804594248533249,0.3207326189928222,0.01580930811315362,0.024489183568046746,4.54454231262207,5.334216594696045
14.768865585327148,9.608723640441895,-4.952536582946777,1.5476347257535308,0.7359630687918007,0.7459999830462039,-0.006215196044788237,-0.1933160275220871,0.3477577667152358,0.01567149950761859,0.023161601041365772,4.40043306350708,5.319934844970703
14.778703927993774,9.608983039855957,-4.94525146484375,1.5491911077876166,0.729298200690664,0.7359999832697213,-0.008267056356393162,-0.20518605411052704,0.3728399994848144,0.01546410131977538,0.021605219007279963,4.250837802886963,5.309205055236816
14.788859128952026,9.609241485595703,-4.938039779663086,1.5509932996171496,0.7221110508210702,0.7259999834932387,-0.010427360984976783,-0.21603043377399445,0.3963269276137532,0.01518200545899795,0.019803027177746957,4.105452537536621,5.304510593414307
14.799835920333862,9.60949993133545,-4.930904865264893,1.5530481082989067,0.7146958510549803,0.7159999837167561,-0.012676124534263344,-0.22487635910511017,0.41723744720937295,0.014824117354864441,0.017748218495989843,3.9696261882781982,5.307258129119873
14.808850049972534,9.609763145446777,-4.923845291137695,1.5553532697203918,0.7073861991911538,0.7059999839402735,-0.014984578897368917,-0.23084542155265808,0.4342792035692415,0.014395878422126529,0.015443057074504773,3.8435628414154053,5.316311359405518
14.819363832473755,9.610031127929688,-4.9168596267700195,1.5579027391649567,0.7003493182732873,0.6959999841637909,-0.01732485911990612,-0.23402799665927887,0.44708611959772904,0.013899097045094067,0.012893587629939862,3.726395845413208,5.331791877746582
14.829010009765625,9.610304832458496,-4.909943580627441,1.5606915299128457,0.6937075760469544,0.6859999843873084,-0.019674151232507608,-0.23492921888828278,0.45601987277424805,0.013336219934890536,0.010104796882050904,3.6182734966278076,5.354142189025879
14.838966608047485,9.61058521270752,-4.903094291687012,1.5637154052321691,0.6874866617800462,0.6759999846108258,-0.022010736978369427,-0.2336585819721222,0.4612479282579719,0.012709471424706464,0.007080921562727438,3.5198886394500732,5.383131980895996
14.849290370941162,9.610873222351074,-4.896306991577148,1.5669693495395765,0.6817645728489228,0.6659999848343432,-0.024314722523003294,-0.23039868474006653,0.46296194196769874,0.01202131272522422,0.0038269772553201076,3.456296443939209,6.136920928955078
14.858897924423218,9.611146926879883,-4.889588356018066,1.5703471619150895,0.6751199287515066,0.6559999850578606,-0.026548409682888262,-0.22336846590042114,0.4593344277420083,0.011281676339294222,0.00044916487980706243,3.870222806930542,5.698596477508545
14.868929386138916,9.611334800720215,-4.88299560546875,1.5729072982425676,0.6604666118056945,0.6609999849461019,-0.025587481435920406,0.09609270095825195,0.11787340142626462,0.010701509756259497,-0.0021109714476710284,4.064496994018555,5.413257122039795
14.878954648971558,9.611320495605469,-4.8764142990112305,1.5745591990947894,0.6587886384353148,0.6659999848343432,-0.024044844207806212,0.1542637050151825,-0.051565732979371504,0.010191636579463648,-0.0037628722998928055,4.206428527832031,5.287545680999756
14.889135837554932,9.611207008361816,-4.869911193847656,1.5756697483066124,0.650651940963612,0.6709999847225845,-0.022320177304847214,0.17246662080287933,-0.12747763503893192,0.009744987695540885,-0.004873421511715881,4.986852645874023,5.296847343444824
14.89968991279602,9.610885620117188,-4.8635687828063965,1.5767320561040667,0.6352141264474885,0.6759999846108258,-0.020857615738868362,0.14625605940818787,-0.1281155721356721,0.00910491178106021,-0.005935729309170189,7.372010231018066,5.224213600158691
14.908858060836792,9.610305786132812,-4.857313632965088,1.5776440631549755,0.6282712579341944,0.6809999844990671,-0.01890539482345061,0.19522212445735931,-0.18664325958726952,0.008251481279780037,-0.00684773636007896,6.52305793762207,5.154653549194336
14.91886281967163,9.609552383422852,-4.851113796234131,1.5781259699156727,0.6245434567342336,0.6859999843873084,-0.01687386670989155,0.20315290987491608,-0.21944082839355006,0.007353510175331479,-0.007329643120776107,1.435856819152832,4.2911200523376465
14.928865671157837,9.608720779418945,-4.844970703125,1.5782781243282002,0.6199412837815711,0.6759999846108258,-0.0148397742871332,0.20340919494628906,-0.2362228815713418,0.006476261099434666,-0.007481797533303692,0.6276135444641113,4.162259101867676
14.938824892044067,9.607922554016113,-4.839021682739258,1.5784661071647097,0.6002182965093809,0.6809999844990671,-0.012884846670096583,0.19549277424812317,-0.23937325144215965,0.005621642464047838,-0.0076697803698131395,4.411969184875488,4.041506767272949
14.949501514434814,9.607131958007812,-4.833240509033203,1.578567451551585,0.5834978486536679,0.6709999847225845,-0.011005587791249842,0.18792591989040375,-0.2385180774857525,0.004800644045793945,-0.007771124756688508,7.362669467926025,3.9697792530059814
14.959075689315796,9.60624885559082,-4.827503681182861,1.5783267795071354,0.5804530953380762,0.6759999846108258,-0.009146960724782879,0.18586277961730957,-0.24197261442746767,0.003989741128828328,-0.007530452712238843,4.264956951141357,3.882652521133423
14.968866348266602,9.605284690856934,-4.821811676025391,1.5777854461516623,0.5773671271555108,0.6659999848343432,-0.007310224356414882,0.18367356061935425,-0.24631445362415058,0.003187972120013427,-0.006989119356765715,-1.233383059501648,3.753826141357422
14.978650331497192,9.60435962677002,-4.8162922859191895,1.5772318853630698,0.5596720358142877,0.6709999847225845,-0.005570826648814088,0.1739398092031479,-0.24266619396662056,0.0024289725264274864,-0.006435558568173239,1.9832390546798706,3.6153523921966553
14.988828420639038,9.603487968444824,-4.810973644256592,1.5766925964966365,0.5390343716056375,0.6759999846108258,-0.003942656603123492,0.16281698644161224,-0.2348215586206756,0.0017190977837699961,-0.0058962697017399535,5.113317966461182,3.528047561645508
14.999293565750122,9.602591514587402,-4.805774688720703,1.5759653443396557,0.5277196997306433,0.6809999844990671,-0.002388530830613081,0.15541256964206696,-0.22927050110225194,0.0010408162294481826,-0.00516901754475918,6.1650872230529785,3.465243101119995
15.00898003578186,9.601584434509277,-4.800581932067871,1.574848283660129,0.5292334571270149,0.6859999843873084,-0.0008468499012997199,0.15416809916496277,-0.23057488160570677,0.000368850776029106,-0.004051956865232409,4.147756576538086,3.3617703914642334
15.018928050994873,9.600525856018066,-4.7954583168029785,1.5735069195061668,0.5236224625956923,0.6759999846108258,0.0006571928213469708,0.15040425956249237,-0.2310159540937693,-0.00028732079953641687,-0.0027105927112702766,2.365403890609741,3.227924108505249
15.028855323791504,9.599527359008789,-4.7905354499816895,1.5722125437939138,0.5027174777076013,0.6809999844990671,0.002055172666692889,0.13979798555374146,-0.22371248925426895,-0.0008975059488918191,-0.0014162169990172835,3.9464056491851807,3.1228792667388916
15.038996696472168,9.598555564880371,-4.785778522491455,1.570873367761856,0.486003539774421,0.6859999843873084,0.0033620072426507764,0.13068345189094543,-0.21533345952788868,-0.0014675474096943475,-7.704096695948515e-05,3.7731969356536865,2.8704915046691895
15.049652814865112,9.597895622253418,-4.780918121337891,1.5694045008477886,0.490963067463097,0.6909999842755497,0.004220967213286204,0.08589600771665573,-0.16742778378002898,-0.0016868300972596728,0.0013918259471079608,3.7647595405578613,2.8964669704437256
15.05919885635376,9.597492218017578,-4.775962829589844,1.567834185883568,0.4977770319476984,0.6959999841637909,0.004094326912540322,-0.012664039619266987,-0.048047496906508974,-0.0016191410085557578,0.0029621409113285146,3.8907551765441895,3.076979160308838
15.068889617919922,9.59721565246582,-4.770936012268066,1.566403468834596,0.5039660308880071,0.7009999840520322,0.004013526134438733,-0.008080086670815945,-0.015657686082998973,-0.001466494384578354,0.004392857960300533,4.020419597625732,3.2455883026123047
15.079233884811401,9.597055435180664,-4.765811443328857,1.5650311904312548,0.5131801890345207,0.7059999839402735,0.004111506177918626,0.00979803316295147,-0.02375473798474387,-0.0012150334909613036,0.005765136363641733,4.143256664276123,3.405233144760132
15.08883810043335,9.596993446350098,-4.760583400726318,1.5637142069979344,0.5232814685184022,0.7109999838285148,0.004360021251277545,0.024851493537425995,-0.04140415510482402,-0.0008819354714582062,0.007082119796962161,4.245354175567627,3.5634543895721436
15.101487159729004,9.5971097946167,-4.7498087882995605,1.5613563530819978,0.5444455720859549,0.7164999837987125,0.00516883465257698,0.04442928358912468,-0.06697519257474316,-5.82553305115141e-05,0.009439973712898729,4.343996047973633,3.727720022201538
15.109430313110352,9.5971097946167,-4.7498087882995605,1.5613563530819978,0.5444455720859549,0.7209999836049974,0.00516883465257698,0.04442928358912468,-0.07466278564417361,-5.82553305115141e-05,0.009439973712898729,4.415041923522949,3.8544254302978516
15.119332075119019,9.59726619720459,-4.744259834289551,1.5603227771100894,0.5553243803837239,0.7259999834932387,0.005662019517569821,0.04931848123669624,-0.08226855560043486,0.0004082046654190208,0.010473549684807182,4.4898834228515625,3.989358425140381
15.128905296325684,9.597476959228516,-4.738602161407471,1.5593846830189557,0.5663919740796874,0.73099998338148,0.006184801333672955,0.05227813124656677,-0.0879516447574217,0.0009003780573664244,0.011411643775940838,4.556593418121338,4.11851167678833
15.138781309127808,9.597735404968262,-4.732835292816162,1.5585478508650987,0.5773887668570983,0.7359999832697213,0.006716212262097888,0.05314113572239876,-0.09093911227364937,0.0014098558689106255,0.01224847592979783,4.621728897094727,4.24306583404541
15.14971923828125,9.598037719726562,-4.726959705352783,1.5578051820322025,0.5884661249539052,0.7409999831579626,0.00724824484087411,0.053203243762254715,-0.09233430672304604,0.0019349535306236731,0.012991144762694029,4.684237480163574,4.363582611083984
15.15969443321228,9.598753929138184,-4.714880466461182,1.556596822136063,0.6105983454242494,0.7459999830462039,0.008281726041392497,0.050895240157842636,-0.0912671607732656,0.0030136373878590916,0.014199504658833462,4.744032859802246,4.480027198791504
15.169065952301025,9.598753929138184,-4.714880466461182,1.556596822136063,0.6105983454242494,0.7509999829344451,0.008281726041392497,0.050895240157842636,-0.09097600302882847,0.0030136373878590916,0.014199504658833462,4.820994853973389,4.5797038078308105
15.179256677627563,9.599159240722656,-4.70867919921875,1.5561026518378682,0.6214858974690469,0.7559999828226864,0.00878568191830807,0.050395578145980835,-0.09088211483208694,0.0035671845902562893,0.014693674957028335,4.909406661987305,4.6657891273498535
15.188815593719482,9.59958267211914,-4.702373027801514,1.5556025400880977,0.6320825609968319,0.7609999827109277,0.009319020267440293,0.0533338263630867,-0.09452032243454156,0.00414063275804466,0.015193786706798829,4.99420690536499,4.748577117919922
15.199649810791016,9.600021362304688,-4.695962429046631,1.5550926737533182,0.6425895073329999,0.765999982599169,0.009875195630768678,0.05561750382184982,-0.09863526147393838,0.0047322645898013604,0.015703653041578388,4.942568778991699,4.578599452972412
15.208568572998047,9.600396156311035,-4.689423561096191,1.5545195109111478,0.6550240097356675,0.7709999824874103,0.010208280536322906,0.03330850228667259,-0.07645938488553113,0.005278985464320485,0.01627681588374874,4.976706504821777,4.703188419342041
15.219379901885986,9.600603103637695,-4.682732105255127,1.5539354849142741,0.6695043082183469,0.7759999823756516,0.01013123037291765,-0.007705013733357191,-0.02578274326413576,0.005661116538547617,0.01686084188062242,5.033374309539795,4.785391330718994
15.228656530380249,9.600817680358887,-4.675937652587891,1.5534122072342702,0.6798428486428074,0.7809999822638929,0.009993824293403043,-0.013740621507167816,-0.00316104936268816,0.006032653550381184,0.017384119560626354,5.105398178100586,4.854082107543945
15.239147901535034,9.601038932800293,-4.669041156768799,1.5528976700593993,0.6900565221517418,0.7859999821521342,0.009836584304885716,-0.015723977237939835,0.006840978863673122,0.006408243123139812,0.017898656735497287,5.159954071044922,4.905391693115234
15.249377965927124,9.601264953613281,-4.66206169128418,1.5523773422812457,0.6983802746017251,0.7909999820403755,0.009672665222589291,-0.016391964629292488,0.01170819386138442,0.006790336532372265,0.01841898451365087,5.190932273864746,4.943354606628418
15.258586406707764,9.601494789123535,-4.655023574829102,1.5518635942215562,0.7042070863144203,0.7959999819286168,0.009494542101933703,-0.0178122166544199,0.015867070669573873,0.0071742695812702095,0.018932732573340383,5.198958873748779,4.977564334869385
15.268662929534912,9.601729393005371,-4.647943019866943,1.5513844887079324,0.7084978083100792,0.800999981816858,0.009281271347812953,-0.02132704295217991,0.022084625729000426,0.007552578700435575,0.01941183808696412,5.195845603942871,5.009561538696289
15.27887773513794,9.601969718933105,-4.640827655792236,1.550963057433974,0.7119607111632592,0.8059999817050993,0.009015843339236784,-0.026542900130152702,0.030801805677507024,0.007919309669727426,0.019833269360922667,5.191483974456787,5.040180683135986
15.288906335830688,9.602215766906738,-4.633681297302246,1.5506052935234287,0.7150961087906523,0.8109999815933406,0.008694697914387274,-0.03211449831724167,0.04074126102642626,0.00827266532474269,0.020191033271467873,5.190044403076172,5.069900989532471
15.299100875854492,9.60246753692627,-4.626503944396973,1.5503066675961805,0.7181984561652077,0.8159999814815819,0.008321657367346424,-0.03730405867099762,0.05073838353363423,0.008614004590192792,0.020489659198716034,5.191471576690674,5.098855018615723
15.308822631835938,9.602723121643066,-4.619295120239258,1.5500611601231458,0.7213416792568024,0.8209999813698232,0.00790195225512345,-0.04197048768401146,0.06028507709120267,0.008943225902896756,0.020735166671750793,5.194374084472656,5.127020835876465
15.318807601928711,9.602983474731445,-4.612054824829102,1.549864593340414,0.7244873968972502,0.8259999812580645,0.007439393384815402,-0.04625588655471802,0.06937295692827634,0.00926253622900397,0.02093173345448252,5.197911262512207,5.154392719268799
15.328890085220337,9.603246688842773,-4.604783535003662,1.5497142944124351,0.7275935679231365,0.8309999811463058,0.0069364155736467235,-0.05029783397912979,0.07813821428788222,0.009570830070256164,0.021082032382461424,5.2018141746521,5.181016445159912
15.338794708251953,9.603514671325684,-4.597482204437256,1.5496084253391058,0.7306466713897832,0.8359999810345471,0.006394829031047428,-0.05415866896510124,0.08668614060107967,0.009870566181866991,0.021187901455790747,5.2060651779174805,5.206940650939941
15.34912919998169,9.60378646850586,-4.590150833129883,1.5495456558617167,0.7336425820916818,0.8409999809227884,0.00581622593531538,-0.057860299944877625,0.09506742610942859,0.010161189966044759,0.021250670933179894,5.210472583770752,5.2321343421936035
15.359199285507202,9.604060173034668,-4.582789897918701,1.549524657737534,0.7365792165920626,0.8309999811463058,0.005202104355503888,-0.061412110924720764,0.10330250551668234,0.010441192508372055,0.02127166905736266,5.216178894042969,5.256278038024902
15.369201421737671,9.604337692260742,-4.5754008293151855,1.5495427676132691,0.7394522888432635,0.8209999813698232,0.004554964411118432,-0.06471402198076248,0.11129024173718421,0.010713279999796654,0.021253559181627413,5.219461917877197,5.276747226715088
15.378803730010986,9.604605674743652,-4.567978858947754,1.549589366256729,0.7426989510815409,0.8109999815933406,0.0038572922199572156,-0.06976722180843353,0.1211460740292821,0.010967286040020952,0.021206960538167507,5.207938194274902,5.310103416442871
15.388800144195557,9.604893684387207,-4.560543060302734,1.5497089476973518,0.7441022513926949,0.800999981816858,0.0031472375896028004,-0.07100549340248108,0.12754792743497695,0.011219429272683712,0.021087379097544767,5.155574321746826,5.318068981170654
15.399229288101196,9.605183601379395,-4.553100109100342,1.5499309679201225,0.7448654259886394,0.7909999820403755,0.002355841525086431,-0.07913954555988312,0.14028605478530237,0.011442754851243464,0.02086535887477403,5.0852484703063965,5.333619117736816
15.40896463394165,9.605473518371582,-4.545662879943848,1.5502925421554643,0.7443465016406012,0.7809999822638929,0.0014543616318664888,-0.09014803916215897,0.1581196649495764,0.011624222777603777,0.020503784639432254,4.977137088775635,5.309921741485596
15.419001340866089,9.605748176574707,-4.538240432739258,1.5508142803804514,0.7428137391035113,0.7709999824874103,0.0003910426424447804,-0.10633189231157303,0.1832007249009528,0.011742391583252854,0.01998204641444512,4.8928422927856445,5.329380989074707
15.428748846054077,9.606009483337402,-4.530832290649414,1.5515060665475244,0.7413409378103584,0.7609999827109277,-0.0008271240942426811,-0.1218167170882225,0.20997500485812642,0.011796202509360754,0.019290260247372126,4.806579113006592,5.348331451416016
15.439213037490845,9.606285095214844,-4.52345609664917,1.552386692734081,0.738236471074705,0.7509999829344451,-0.002129005126514739,-0.13018807768821716,0.2298588798004677,0.011807673473663627,0.018409634060815527,4.71047306060791,5.363852500915527
15.44929051399231,9.606573104858398,-4.516116619110107,1.5534624345533825,0.7347282107011174,0.7409999831579626,-0.0035148306243042173,-0.13858255743980408,0.2477578465532816,0.011773012124390192,0.01733389224151405,4.600069522857666,5.376731872558594
15.458890676498413,9.606868743896484,-4.508819580078125,1.554752680123381,0.7305960277047613,0.73099998338148,-0.004996388029656822,-0.14815573394298553,0.2663666081957663,0.011681631419987681,0.016043646671515477,4.484046936035156,5.391014099121094
15.468661308288574,9.607171058654785,-4.501569747924805,1.556275383398037,0.7259691737298989,0.7209999836049974,-0.006572795079159805,-0.15764068067073822,0.2851412173439437,0.01152718858275037,0.014520943396859609,4.336991310119629,5.352019786834717
15.47900104522705,9.607433319091797,-4.494357585906982,1.5580058182232328,0.7222538546120997,0.7109999838285148,-0.008342467802387593,-0.17696726322174072,0.31459156237948166,0.011270367039641016,0.01279050857166375,4.4206647872924805,5.392107009887695
15.48950719833374,9.607682228088379,-4.487192630767822,1.5599493258524173,0.7176342168167493,0.7009999840520322,-0.010219669171956531,-0.18772010505199432,0.3383241905921741,0.010936264559985531,0.010847000942479257,4.125942707061768,5.364887237548828
15.498779058456421,9.607911109924316,-4.480066299438477,1.5620883166656183,0.7138156972677593,0.6909999842755497,-0.012199993387496862,-0.1980324387550354,0.359952306819284,0.010523479947048386,0.008708010129278243,3.980499744415283,5.361812114715576
15.508637428283691,9.60811996459961,-4.472991466522217,1.5644476384101471,0.7088332842473287,0.6809999844990671,-0.01428888815545086,-0.20888948440551758,0.38159240248944215,0.010024558320598231,0.006348688384749446,3.865140914916992,5.361403465270996
15.519054174423218,9.608306884765625,-4.465971946716309,1.567037124673626,0.7034758938638679,0.6709999847225845,-0.01648687455054814,-0.21979859471321106,0.40334810088679074,0.009434642745830502,0.003759202121270455,3.765132188796997,5.363038539886475
15.528972148895264,9.608466148376465,-4.458995342254639,1.5698157538556523,0.6993454498340248,0.6609999849461019,-0.018756909666711775,-0.2270035296678543,0.4212323084125468,0.008760320211095518,0.0009805729392442508,3.968385696411133,5.254455089569092
15.539358615875244,9.60863971710205,-4.452105522155762,1.5724192646757698,0.6892891353441376,0.6659999848343432,-0.018946808093974796,-0.018989810720086098,0.20636031901034618,0.00815283595152394,-0.0016229378808731987,4.075589656829834,4.997251510620117
15.549437761306763,9.608749389648438,-4.44527530670166,1.5743263760527404,0.6838177950982308,0.6709999847225845,-0.017752791726134823,0.11940161138772964,-0.00849346907986298,0.007690377070524335,-0.0035300492578438374,4.129450798034668,4.940107822418213
15.558847665786743,9.608721733093262,-4.438549518585205,1.5758441511166328,0.6730448590403876,0.6759999846108258,-0.016516688502359267,0.12361035495996475,-0.08230803924913897,0.007207392227794429,-0.005047824321736227,4.3831305503845215,4.866602420806885
15.569324493408203,9.608527183532715,-4.43192720413208,1.5773223591639791,0.6629836525088122,0.6809999844990671,-0.015059862571455496,0.14568252861499786,-0.13333157999735282,0.006569387718853292,-0.006526032369082557,7.213896751403809,4.775008678436279
15.579095125198364,9.608196258544922,-4.425361156463623,1.5784985879264597,0.6576940764173298,0.6859999843873084,-0.013497427749653462,0.1562434285879135,-0.16558511195885678,0.005885603052151467,-0.007702261131563137,9.695845603942871,4.6864495277404785
15.588884592056274,9.607735633850098,-4.418842792510986,1.5793055929563211,0.6536065287395291,0.6909999842755497,-0.01189021028429347,0.16072185337543488,-0.1857188974939416,0.005182884808339949,-0.008509266161424557,3.5098648071289062,4.59352445602417
15.599539279937744,9.607181549072266,-4.412387371063232,1.5798454931130654,0.6479900546854853,0.6959999841637909,-0.01025219860739649,0.16380110383033752,-0.20066624103996317,0.004466836227303261,-0.009049166318168878,-2.9780666828155518,4.466070175170898
15.609288692474365,9.606637001037598,-4.406101703643799,1.5803548122751534,0.6309970602751975,0.7009999840520322,-0.008657533603189927,0.15946651995182037,-0.20610201175145818,0.003769499058703829,-0.009558485480256841,-0.2965964674949646,4.327901363372803
15.618884086608887,9.60610580444336,-4.40000057220459,1.5808188130204541,0.612472143755894,0.7059999839402735,-0.007124445133980137,0.15330885350704193,-0.2065497525118452,0.003099108913492188,-0.01002248622555757,5.306953430175781,4.211511611938477
15.628846406936646,9.605546951293945,-4.394049167633057,1.5811072507756532,0.5977675614683553,0.7109999838285148,-0.005646944828292771,0.14775003492832184,-0.20584326613258874,0.0024537289098010007,-0.010310923980756614,9.012312889099121,4.132956027984619
15.638871669769287,9.604869842529297,-4.388129234313965,1.5810089976096535,0.595832976545822,0.7009999840520322,-0.0041640849668916615,0.14828597009181976,-0.21095930164210466,0.0018060945429780872,-0.010212670814756963,4.25700044631958,4.045362949371338
15.649281978607178,9.60410213470459,-4.38224983215332,1.5805913121341337,0.5929913298459205,0.6909999842755497,-0.0026911039897886454,0.14729811251163483,-0.21597096566990226,0.001163686089990179,-0.009794985339237172,-1.3789377212524414,3.9158596992492676
15.65909743309021,9.603363990783691,-4.376543998718262,1.5801638607289965,0.5753544086156765,0.6959999841637909,-0.001291157257631663,0.13999466598033905,-0.21407647169495114,0.000553771703660999,-0.009367533934099948,1.7253066301345825,3.7781105041503906
15.668991088867188,9.602662086486816,-4.371033668518066,1.5797395448682836,0.5555269386351661,0.7009999840520322,2.6911291201810844e-05,0.1318068504333496,-0.20892949583059633,-2.0843170899453867e-05,-0.00894321807338705,5.214898586273193,3.6868746280670166
15.679230451583862,9.601927757263184,-4.365645885467529,1.579129074558469,0.5438379547209445,0.7059999839402735,0.0012908883044351646,0.12639769911766052,-0.2054289232572546,-0.0005720381369016536,-0.008332747763572403,7.544131755828857,3.6218249797821045
15.689216613769531,9.60107135772705,-4.3602614402771,1.5781057688006404,0.5454636897678093,0.7109999838285148,0.0025532948134230136,0.12624067068099976,-0.20764518586809316,-0.001121455348302547,-0.007309442005743794,4.286514759063721,3.5285634994506836
15.69947361946106,9.600142478942871,-4.35492467880249,1.5768073810190788,0.542163015573942,0.7009999840520322,0.003791900861808372,0.12386059015989304,-0.20897915245455395,-0.0016608264645991966,-0.006011054224182244,-0.8157863020896912,3.3997936248779297
15.708905220031738,9.599261283874512,-4.349777698516846,1.5755564004276859,0.5225645597248919,0.7059999839402735,0.0049546252584768856,0.11627247184515,-0.20438485479141327,-0.0021667328225714044,-0.004760073632789297,2.7150323390960693,3.2624351978302
15.718948364257812,9.598429679870605,-4.34483528137207,1.5743504987486059,0.5015360482576887,0.7109999838285148,0.006031804768810892,0.10771793872117996,-0.1967634916742388,-0.0026365694706687037,-0.0035541719537093286,4.786497592926025,3.1902005672454834
15.72894024848938,9.59755802154541,-4.339992046356201,1.5729407234678077,0.49264472142431615,0.7159999837167561,0.007061931117559872,0.10301262885332108,-0.19197330897608705,-0.003085296963419637,-0.002144396672911109,4.217707633972168,3.130483627319336
15.74113130569458,9.596571922302246,-4.335144996643066,1.5711444191977169,0.49546800940622987,0.7209999836049974,0.008087697271110219,0.10257662832736969,-0.19221934084376302,-0.00353250541649075,-0.0003480924028202992,3.6756532192230225,2.7153587341308594
15.750996351242065,9.595860481262207,-4.330243110656738,1.5694001479066237,0.4956423238743822,0.7259999834932387,0.00852469592253625,0.04369988292455673,-0.13071583345421717,-0.003720665207390894,0.0013961788882728146,3.7536566257476807,2.8222527503967285
15.761035203933716,9.595434188842773,-4.325335502624512,1.567735288418998,0.4933330972931434,0.73099998338148,0.008365154280519912,-0.01595417410135269,-0.047966887143811504,-0.0036475010785448347,0.0030610383758986615,3.8926661014556885,3.0075883865356445
15.770750761032104,9.595149993896484,-4.320353984832764,1.5661660312077554,0.49959021979647517,0.7359999832697213,0.008281862296132316,-0.008329284377396107,-0.029626377436605636,-0.003460922390960519,0.004630295587141121,4.0343708992004395,3.177785634994507
15.780790090560913,9.594985008239746,-4.315272331237793,1.564632508570091,0.508997729521905,0.7409999831579626,0.008399889052007382,0.011802776716649532,-0.04420548365716022,-0.003165858001780819,0.006163818224805606,4.161545276641846,3.3448898792266846
15.790759563446045,9.59492015838623,-4.310084342956543,1.563156311775994,0.5193458277824671,0.7459999830462039,0.008704093674147527,0.030420398339629173,-0.06754200818664154,-0.002787859405351867,0.007640015018902657,4.269181728363037,3.5043210983276367
15.800798892974854,9.594939231872559,-4.3047895431518555,1.5617611073773792,0.5299740807746027,0.7509999829344451,0.009113220496713943,0.04091273248195648,-0.08526338893338348,-0.002350239181627245,0.009035219417517393,4.366122722625732,3.655165433883667
15.810691356658936,9.595032691955566,-4.299384593963623,1.5604484176464275,0.5409397984194828,0.7559999828226864,0.009609097916394693,0.04958770424127579,-0.09964358448174682,-0.0018629907019001024,0.010347909148469059,4.4521050453186035,3.797469139099121
15.821044445037842,9.595190048217773,-4.293869495391846,1.559222671297178,0.552075063474655,0.7609999827109277,0.010160078552060362,0.055098067969083786,-0.10987878945300195,-0.0013379326466615993,0.011573655497718605,4.531144142150879,3.932939052581787
15.830854892730713,9.595401763916016,-4.288242816925049,1.558083955637421,0.5633564143372333,0.765999982599169,0.010742229239257899,0.05821506679058075,-0.11648187477522857,-0.000784627454654796,0.012712371157475477,4.605113983154297,4.062755584716797
15.840697050094604,9.595662117004395,-4.282504081726074,1.5570316905220611,0.5746969522020102,0.7709999824874103,0.011339464545819125,0.05972358211874962,-0.12039191906581392,-0.0002086225085058402,0.013764636272835418,4.675197601318359,4.187661647796631
15.850775957107544,9.595967292785645,-4.27665376663208,1.5560654790767912,0.5860521314734405,0.7759999823756516,0.011938843920622135,0.05993787571787834,-0.12218840886162942,0.00038638727467876777,0.0147308477181054,4.742055416107178,4.3086161613464355
15.860896110534668,9.59631061553955,-4.27069091796875,1.5551834305686685,0.5974066467765233,0.7809999822638929,0.012530615135809083,0.059177104383707047,-0.12235843555629473,0.0009942941177865094,0.015612896226228079,4.8065690994262695,4.425026893615723
15.871032953262329,9.59669017791748,-4.2646164894104,1.5543829960396376,0.6087328971142768,0.7859999821521342,0.013105939671600082,0.05753249302506447,-0.12111863893518329,0.0016139560615826554,0.01641333075525897,4.869123935699463,4.537254333496094
15.88093090057373,9.597102165222168,-4.258431434631348,1.5536608068001871,0.6199884534072772,0.7909999820403755,0.013657486764071494,0.05515473335981369,-0.11867229694428402,0.002242569652525006,0.017135519994709414,4.9302287101745605,4.6458916664123535
15.890454769134521,9.597545623779297,-4.25213623046875,1.5530138450697388,0.6311628197314212,0.7959999819286168,0.014180549345629376,0.05230626463890076,-0.11534059886429418,0.002880087145443966,0.01778248172515773,5.011497974395752,4.736191272735596
15.900556087493896,9.598012924194336,-4.24573278427124,1.5524062287535108,0.6421212646163281,0.800999981816858,0.01469170590018111,0.05111559480428696,-0.11347257259840592,0.0035296426394015867,0.018390098041385805,5.09861946105957,4.817812919616699
15.911116123199463,9.598496437072754,-4.239223003387451,1.5517830784509323,0.6528019197058648,0.8059999817050993,0.015218427913348225,0.05267229303717613,-0.11494603690740945,0.004200067914256422,0.019013248343964225,5.182961940765381,4.897232532501221
15.921166181564331,9.59898567199707,-4.232605457305908,1.551139633067288,0.6636429010361194,0.8109999815933406,0.015727742456050044,0.05093139782547951,-0.11389177042171128,0.004882300369510872,0.019656693727608587,5.119220733642578,4.776322841644287
15.931017398834229,9.599248886108398,-4.225801944732666,1.5503914961148975,0.6809781382815221,0.8159999814815819,0.015630118549014155,-0.00976236816495657,-0.0486286543326965,0.005369910536419553,0.020404830679999097,5.182505130767822,4.858278751373291
15.940794706344604,9.599512100219727,-4.218887805938721,1.5496852824841165,0.6919752672696426,0.8209999813698232,0.01550668085451013,-0.012343834154307842,-0.02508232729635402,0.005844943088952448,0.021111044310780033,5.2459306716918945,4.9387736320495605
15.952090501785278,9.600065231323242,-4.204746246337891,1.548353223556521,0.712649772759659,0.8259999812580645,0.015140934751575347,-0.02000223472714424,-0.007136658107177434,0.006797597087421892,0.022443103238375617,5.299414157867432,4.999892711639404
15.96075963973999,9.600065231323242,-4.204746246337891,1.548353223556521,0.712649772759659,0.8309999811463058,0.015140934751575347,-0.02000223472714424,-0.0018059506208704806,0.006797597087421892,0.022443103238375617,5.364263534545898,5.05978536605835
15.970792770385742,9.60035228729248,-4.197544097900391,1.5476952056943838,0.7208426116854557,0.8359999810345471,0.014928814819633294,-0.02121199294924736,0.002543129370494293,0.007282007229793663,0.023101121100512767,5.4144134521484375,5.105855464935303
15.981273889541626,9.6006441116333,-4.190271854400635,1.5470308805512067,0.7279112147290849,0.8409999809227884,0.014708354030085725,-0.02204613946378231,0.0062391126572580845,0.007773074393394808,0.023765446243689817,5.457601547241211,5.145294189453125
15.99110746383667,9.60094165802002,-4.182939052581787,1.5463612622263683,0.7339697923564836,0.8459999808110297,0.01447968486115039,-0.022866856306791306,0.009760649419652085,0.00827144793724699,0.024435064568528283,5.49528694152832,5.179480075836182
16.000872373580933,9.601243019104004,-4.175553798675537,1.5456868632652072,0.7392129493583064,0.850999980699271,0.01424291388862388,-0.02367708832025528,0.013251544335406085,0.008775066630658301,0.025109463529689346,5.524216651916504,5.2114033699035645
16.011170387268066,9.601550102233887,-4.168122291564941,1.5450153592140992,0.74383771434817,0.8559999805875123,0.0139928274021017,-0.025008663535118103,0.017321957511981467,0.009283535759909256,0.025780967580797395,5.545105934143066,5.241861343383789
16.021116971969604,9.601862907409668,-4.16064977645874,1.5443585790301815,0.7479891084289463,0.8609999804757535,0.013720483283483437,-0.027234453707933426,0.022559460347845537,0.009793307832223874,0.026437747764715077,5.560917854309082,5.271079063415527
16.03127956390381,9.602180480957031,-4.153139114379883,1.5437253372785904,0.7517890439063629,0.8659999803639948,0.013419489855528068,-0.03009934164583683,0.028880408330417065,0.010300785915138277,0.027070989516306154,5.574508190155029,5.299285888671875
16.04095959663391,9.602503776550293,-4.145593166351318,1.543119624741311,0.7553740405077952,0.8709999802522361,0.013087243629412104,-0.03322458267211914,0.035866043491284576,0.010805727189504566,0.027676702053585522,5.586461544036865,5.326531887054443
16.050525426864624,9.602831840515137,-4.138012886047363,1.5425435941184744,0.7587938646764082,0.8759999801404774,0.012722489216797602,-0.036475326865911484,0.04324956720822567,0.011306532772625388,0.028252732676422143,5.597236633300781,5.352872371673584
16.060447931289673,9.603165626525879,-4.130399703979492,1.541997903843714,0.7620852522894557,0.8809999800287187,0.012324909644153725,-0.03975800424814224,0.05085394700164195,0.011803959263353647,0.028798422951182623,5.606845855712891,5.37861967086792
16.070895671844482,9.60350513458252,-4.1227545738220215,1.5414833768645682,0.765297633606339,0.88599997991696,0.011894423899106565,-0.04304863139986992,0.058600267300025696,0.012297760259526669,0.0293129499303284,5.615391731262207,5.403177738189697
16.081353187561035,9.603849411010742,-4.115079402923584,1.5410016700250009,0.7683256940620112,0.8759999801404774,0.011430008905830619,-0.04644147679209709,0.0665647416080195,0.012786485632432232,0.029794656769895678,5.622963905334473,5.426899433135986
16.091256856918335,9.604198455810547,-4.107375144958496,1.5405527740367095,0.7712529904526636,0.8659999803639948,0.010932201883269132,-0.04978068172931671,0.07460491411624941,0.013270138553982846,0.03024355275818702,5.629716873168945,5.449819564819336
16.100927591323853,9.604552268981934,-4.099642753601074,1.540137018275372,0.774073102246939,0.8559999805875123,0.010401037435767093,-0.0531165637075901,0.08273067331726058,0.013748620628440733,0.030659308519524586,5.611352443695068,5.469388008117676
16.11073112487793,9.604911804199219,-4.091890335083008,1.5397781617811137,0.7760996822568572,0.8459999808110297,0.009819256687125025,-0.05817801132798195,0.09278958443241911,0.014215761605113286,0.03101816501378285,5.560859680175781,5.483282566070557
16.121097326278687,9.605276107788086,-4.084131717681885,1.5395212362386972,0.7767339960348455,0.8359999810345471,0.00914987042392188,-0.06693854182958603,0.1074694950903407,0.014657105472517529,0.03127509055619937,5.48507833480835,5.490646839141846
16.13082194328308,9.605643272399902,-4.076379776000977,1.5394051034823835,0.7760798455877703,0.8259999812580645,0.008358106475819261,-0.07917650043964386,0.12740104991316975,0.015059092810316699,0.031391223312513095,5.3958940505981445,5.493923664093018
16.140754461288452,9.606013298034668,-4.0686445236206055,1.539452703367907,0.7743771649099461,0.8159999814815819,0.007426790718069762,-0.09313156455755234,0.15094988643663707,0.015414845503988417,0.031343623426989486,5.297924518585205,5.494971752166748
16.15109157562256,9.6063871383667,-4.0609354972839355,1.5396772023262721,0.7718277187837713,0.8059999817050993,0.006353966524220244,-0.10728246718645096,0.176021289458924,0.015721368992380746,0.031119124468624415,5.192000389099121,5.494902610778809
16.160743713378906,9.606762886047363,-4.053259372711182,1.5400906465252104,0.768574381073433,0.7959999819286168,0.005141272616087038,-0.12126936763525009,0.20159024374529563,0.015973142671169782,0.03070568026968612,5.0674824714660645,5.481371879577637
16.170572757720947,9.607131958007812,-4.045629978179932,1.5407054921226164,0.7638219100599126,0.7859999821521342,0.003744182846547201,-0.1397089660167694,0.2323056464981188,0.016157846171322987,0.03009083467228013,4.924739360809326,5.445068359375
16.180771827697754,9.607466697692871,-4.038072109222412,1.541515733407896,0.7565625680543274,0.7759999823756516,0.0020459621817482993,-0.16982205212116241,0.2774559495566791,0.016249620572329704,0.029280593387000616,4.786587715148926,5.415940761566162
16.19083571434021,9.607795715332031,-4.030571937561035,1.5425295328592186,0.7508353910703198,0.765999982599169,0.00018007166489264446,-0.1865890622138977,0.3131803863358006,0.016274624282981875,0.028266793935677992,4.654566764831543,5.3919878005981445
16.200953006744385,9.608118057250977,-4.023133277893066,1.543744445075667,0.7446582017490077,0.7559999828226864,-0.0018279145708378314,-0.20079858601093292,0.34359048472343157,0.01623263196878888,0.027051881719229565,4.515201091766357,5.367886543273926
16.21107840538025,9.608436584472656,-4.015762805938721,1.545164439538016,0.7379591282553437,0.7459999830462039,-0.0039605081743792035,-0.21325936913490295,0.3707192655028167,0.016125308678029526,0.025631887256880592,4.368487358093262,5.348158359527588
16.221138954162598,9.608752250671387,-4.0084662437438965,1.546811874228425,0.7306396940826112,0.7359999832697213,-0.0062060566232615315,-0.2245548516511917,0.3957355444337608,0.01594689660359805,0.023984452566471637,4.222171783447266,5.334033966064453
16.230995178222656,9.609065055847168,-4.001248359680176,1.548698262417509,0.722980104578781,0.7259999834932387,-0.008546613080054064,-0.23405563831329346,0.4182652499773413,0.015693935622302035,0.022098064377387594,4.082387447357178,5.326617240905762
16.240713834762573,9.609378814697266,-3.9941093921661377,1.5508255669041364,0.7152697976723987,0.7159999837167561,-0.010957824051823172,-0.2411210834980011,0.43745507406567397,0.015369644424279016,0.019970759890760137,3.9512107372283936,5.335693359375
16.2512686252594,9.609695434570312,-3.987048864364624,1.5531903322923954,0.7077040164042017,0.7059999839402735,-0.013413271718906631,-0.24554482102394104,0.4527622069296898,0.014976960057868638,0.01760599450250111,3.8286499977111816,5.331359386444092
16.26099944114685,9.610015869140625,-3.9800641536712646,1.555788510110663,0.7004521815686551,0.6959999841637909,-0.015889320804817177,-0.24760481715202332,0.4642531330820691,0.014518045133847579,0.015007816684233564,3.714341640472412,5.34291934967041
16.271270990371704,9.61034107208252,-3.973151445388794,1.5586154191766404,0.6935814047374271,0.6859999843873084,-0.018366353160388302,-0.24770325422286987,0.4723200840870283,0.013995254001857305,0.012180907618256187,3.6092894077301025,5.361118316650391
16.281280517578125,9.610671997070312,-3.9663071632385254,1.5616664614441023,0.6871549776206952,0.6759999846108258,-0.020824267696230796,-0.2457914650440216,0.4769782634122851,0.01341091862496846,0.009129865350794297,3.513986587524414,5.385783672332764
16.290445804595947,9.61100959777832,-3.959526300430298,1.5649360788799778,0.6812552953578892,0.6659999848343432,-0.023244924722990643,-0.2420656830072403,0.4783933579877274,0.012767662090034548,0.0058602479149187925,3.4513397216796875,6.15584135055542
16.303756952285767,9.611570358276367,-3.946148633956909,1.5715675002089022,0.6668405902558612,0.6539999847300351,-0.02715912537291521,-0.15536853671073914,0.3927902591709324,0.011339006275097319,-0.000771173414005677,3.680861234664917,5.8340911865234375
16.311219215393066,9.611570358276367,-3.946148633956909,1.5715675002089022,0.6668405902558612,0.6459999843500555,-0.02715912537291521,-0.15536853671073914,0.36718537508055005,0.011339006275097319,-0.000771173414005677,4.017987251281738,5.487883567810059
16.3215115070343,9.611660957336426,-3.9395556449890137,1.5736057869160545,0.660619632935101,0.6509999842382967,-0.025972176554013758,0.11869467049837112,0.06655799450911826,0.01081812040884067,-0.002809460121157903,4.102481365203857,5.2151031494140625
16.331604957580566,9.611620903015137,-3.9330050945281982,1.5748899624731525,0.6554663911236629,0.655999984126538,-0.02415153283895307,0.18206457793712616,-0.09650706865735131,0.010392815741685268,-0.004093635678255936,4.299032688140869,5.272603988647461
16.341154098510742,9.611440658569336,-3.92655348777771,1.5757251948135271,0.6455071603442594,0.6609999840147793,-0.02278813659327501,0.13633956015110016,-0.10215235085674765,0.009962004150771975,-0.004928868018630572,6.141689300537109,5.2621612548828125
16.35135841369629,9.610991477966309,-3.9202229976654053,1.576568580254174,0.6346862982128264,0.6659999839030206,-0.021185359555444976,0.16027776896953583,-0.134687850166506,0.009259811544769292,-0.0057722534592774535,9.103124618530273,5.170392990112305
16.361191272735596,9.610307693481445,-3.9139649868011475,1.5771307010003994,0.6295251568921749,0.6709999837912619,-0.01923707215912952,0.1948285698890686,-0.18739640574822033,0.008407393927884144,-0.0063343742055028684,4.37767219543457,4.377721786499023
16.371089935302734,9.60947036743164,-3.907766819000244,1.577362595088861,0.6254781400998359,0.6759999836795032,-0.01722983702819706,0.2007235735654831,-0.21607424269372183,0.0075005010989421805,-0.00656626829396445,-1.7804960012435913,4.2237701416015625
16.381327867507935,9.608642578125,-3.9017064571380615,1.577461132142853,0.6117008644734817,0.6809999835677445,-0.015219859778129247,0.2009977549314499,-0.23148599092289374,0.006643151322990093,-0.006664805347956548,0.7900224924087524,4.091045379638672
16.390440940856934,9.607843399047852,-3.8958427906036377,1.5775915171159536,0.5917776272607058,0.6859999834559858,-0.013301757453787689,0.19181028008460999,-0.23272888219562643,0.005804857639763128,-0.006795190321057022,5.2323808670043945,3.9877071380615234
16.40083360671997,9.607028007507324,-3.8901233673095703,1.577573549785197,0.5777271552910923,0.6759999836795032,-0.011446957297427628,0.1854800134897232,-0.23244137327869577,0.0049948561743455855,-0.00677722299030048,8.642474174499512,3.9146037101745605
16.410534143447876,9.606103897094727,-3.8844316005706787,1.577188649627143,0.5766487068738324,0.6809999835677445,-0.009594998560158028,0.18519587814807892,-0.23781567325232425,0.0041862133051147055,-0.006392322832246444,4.218466281890869,3.8264408111572266
16.420735120773315,9.605106353759766,-3.8787875175476074,1.576524565270685,0.5732490810503824,0.6709999837912619,-0.007763857067026928,0.18311411142349243,-0.24273990049179658,0.003387891614966776,-0.005728238475788405,-1.2838853597640991,3.6963956356048584
16.43085813522339,9.604158401489258,-3.8733298778533936,1.575886458151174,0.5540147315312051,0.6759999836795032,-0.006031187017292842,0.17326700687408447,-0.2390630066254874,0.002631368676487611,-0.00509013135627745,1.920902132987976,3.558495044708252
16.44078040122986,9.603265762329102,-3.8680741786956787,1.575272443366494,0.5331754220426408,0.6809999835677445,-0.004405969598593181,0.16252173483371735,-0.2315420964945003,0.0019229318417064434,-0.0044761165715974105,5.018774509429932,3.472144603729248
16.450592279434204,9.602349281311035,-3.8629395961761475,1.5744798196504957,0.5217177339378337,0.6859999834559858,-0.0028520928479539892,0.15538768470287323,-0.2263250375863432,0.00124423595325851,-0.003683492855599102,6.325907230377197,3.4108519554138184
16.46094846725464,9.60132122039795,-3.8578107357025146,1.5733015559615822,0.5234232309639604,0.6909999833442271,-0.001305422082266834,0.15466707944869995,-0.2282540615324543,0.0005696524341054499,-0.0025052291666856075,4.156126499176025,3.318504810333252
16.470417976379395,9.600232124328613,-3.85273814201355,1.5718792423942847,0.519318254831959,0.6809999835677445,0.0002141186717384536,0.1519540697336197,-0.2299791246394115,-9.2750287706167e-05,-0.0010829155993881121,3.634631633758545,3.022472858428955
16.48075532913208,9.59924602508545,-3.8478548526763916,1.5705748275458509,0.4983751091580897,0.6859999834559858,0.0015862895829914228,0.13721710443496704,-0.2186248150730126,-0.0006875251403801741,0.00022149924904568688,3.5440056324005127,2.949753761291504
16.49113893508911,9.598621368408203,-3.8430655002593994,1.5695705456564417,0.48324982697784835,0.6909999833442271,0.0023057026880500928,0.0719413012266159,-0.14836767054550618,-0.0010108973423488266,0.00122578113845484,3.626265287399292,2.943962574005127
16.500699520111084,9.59829044342041,-3.8382551670074463,1.5684172089179975,0.4825352508533582,0.6959999832324684,0.0022854291347741665,-0.0020273549016565084,-0.04875066043534629,-0.0009958218898340476,0.0023791178768990395,3.7526183128356934,3.119384288787842
16.510717153549194,9.59811019897461,-3.8333568572998047,1.5673018559292244,0.4904888409279893,0.7009999831207097,0.00222941036344325,-0.005601875949651003,-0.014005383615128264,-0.0008414618992933498,0.003494470865672117,3.8806729316711426,3.2802581787109375
16.521097660064697,9.59803581237793,-3.8283586502075195,1.566234622592559,0.5001674175202815,0.705999983008951,0.0023367661482590124,0.010735572315752506,-0.020018914841905558,-0.0005956811076224255,0.004561704202337592,3.9985568523406982,3.43730092048645
16.53090810775757,9.598052978515625,-3.8232545852661133,1.5652288949186162,0.5106557931972804,0.7109999828971922,0.0025848525262679206,0.024808652698993683,-0.03624097093403466,-0.0002768005499653725,0.005567431876280393,4.098249435424805,3.5913398265838623
16.540754318237305,9.59814739227295,-3.818042516708374,1.564312332517939,0.5214979436649126,0.7159999827854335,0.0029370126884777207,0.035216014832258224,-0.05197854936193884,9.257692600250778e-05,0.00648399427695745,4.184309959411621,3.7365424633026123
16.55089831352234,9.598306655883789,-3.8127212524414062,1.5634914003806,0.5325243293147239,0.7209999826736748,0.0033554343310755056,0.04184217005968094,-0.06381803698430397,0.0004981143178746095,0.007304926414296586,4.262144088745117,3.875114917755127
16.560870885849,9.598523139953613,-3.8072900772094727,1.5627685455694593,0.543663672869069,0.7259999825619161,0.003814531751359492,0.04590972885489464,-0.07195905450294063,0.000931448453700412,0.008027781225437236,4.334321975708008,4.007901191711426
16.5709228515625,9.598790168762207,-3.801748514175415,1.5621437129091318,0.5548796209971817,0.7309999824501574,0.004296579950965262,0.04820479825139046,-0.07724500047750515,0.0013859205379809225,0.008652613885764772,4.402307987213135,4.135608673095703
16.580981969833374,9.599101066589355,-3.7960963249206543,1.561615691012922,0.5661328609360589,0.7359999823383987,0.00478812889223764,0.04915492236614227,-0.08034649071887914,0.0018552186350415667,0.00918063578197459,4.480227470397949,4.250067710876465
16.590493202209473,9.599451065063477,-3.7903337478637695,1.56116835994013,0.5773717347783677,0.74099998222664,0.005287868693330677,0.0499739833176136,-0.08272441628645237,0.0023394104955727357,0.009627966854766521,4.576419830322266,4.343276500701904
16.60089087486267,9.599825859069824,-3.784463405609131,1.5607237367746984,0.5882733104610098,0.7459999821148813,0.005830879395288594,0.054301079362630844,-0.08867181553264786,0.002847584979368989,0.010072590020198115,4.669059753417969,4.433412075042725
16.610979557037354,9.600221633911133,-3.7784852981567383,1.5602687684355474,0.5991498463605512,0.7509999820031226,0.006413807254456939,0.05829274654388428,-0.09542296968772934,0.00337984308106698,0.010527558359349154,4.620539665222168,4.320659637451172
16.621180772781372,9.600456237792969,-3.772341012954712,1.5597085150371786,0.6149448624780361,0.7559999818913639,0.006542265978591628,0.012845918536186218,-0.04931039032885189,0.003782513164162893,0.011087811757718002,4.677424907684326,4.410319805145264
16.63126015663147,9.600626945495605,-3.7660627365112305,1.5591811992593456,0.6280998573873581,0.7609999817796052,0.006511082661367355,-0.00311831571161747,-0.01795040570940798,0.004111405406266755,0.01161512753555094,4.736860752105713,4.497309684753418
16.6404767036438,9.600805282592773,-3.759671926498413,1.558705852924046,0.6393918524597363,0.7659999816678464,0.006426876288723017,-0.008420663885772228,-0.002107212463861169,0.004432336385669089,0.012090473870850495,4.817376613616943,4.574112415313721
16.650938510894775,9.600988388061523,-3.753169536590576,1.5582397263693064,0.6505279341637192,0.7709999815560877,0.006323687614949263,-0.010318894870579243,0.005553345118208629,0.0047552692011425535,0.01255660042559015,4.892265319824219,4.6446990966796875
16.660783052444458,9.601177215576172,-3.746562957763672,1.5577669032951207,0.6609624295272489,0.775999981444329,0.00621428736840071,-0.010940009728074074,0.00944745352920723,0.005085932029468054,0.013029423499775872,4.958030700683594,4.706559658050537
16.671047925949097,9.601369857788086,-3.739863634109497,1.557287729339142,0.6702597261007723,0.7809999813325703,0.006099105773732493,-0.011518205516040325,0.01219344635265421,0.005422313772005083,0.013508597455754503,5.015394687652588,4.7608323097229
16.680861949920654,9.601567268371582,-3.7330830097198486,1.5568043896742796,0.6784029498237919,0.7859999812208116,0.005978355669237489,-0.012074984610080719,0.014598008979641926,0.005764712546019624,0.01399193712061697,5.065371513366699,4.807474613189697
16.6909818649292,9.601771354675293,-3.7262325286865234,1.556314217357058,0.6853937786499811,0.7909999811090529,0.005861337123923328,-0.011701840907335281,0.015928226967527846,0.006115835640514433,0.014482109437838453,5.109302997589111,4.849132537841797
16.70084285736084,9.601974487304688,-3.719318151473999,1.5558207295627446,0.6917720335724044,0.7959999809972942,0.005727734501082158,-0.013360247015953064,0.01911824175202201,0.006466998548470215,0.014975597232151916,5.142210483551025,4.888857364654541
16.710803747177124,9.60218334197998,-3.712348222732544,1.5553339791705425,0.6973473766952587,0.8009999808855355,0.005580355840918937,-0.014737889170646667,0.022610053535414357,0.006821861429351372,0.015462347624354056,5.166551113128662,4.92710018157959
16.720739126205444,9.602395057678223,-3.7053277492523193,1.554868188125975,0.7024059090851823,0.8059999807737768,0.0054084669485081616,-0.017188847064971924,0.02737035005887419,0.007173297228563413,0.01592813866892162,5.184836387634277,4.963955879211426
16.730942964553833,9.602612495422363,-3.69826078414917,1.554433392833958,0.7070659977736959,0.8109999806620181,0.005204943190722078,-0.020352425053715706,0.03332316780554696,0.007521156558393471,0.016362933960938575,5.199924468994141,4.999615669250488
16.740291833877563,9.602834701538086,-3.691149950027466,1.5540347647446568,0.711446426238991,0.8159999805502594,0.004966020012201252,-0.023892279714345932,0.04009683264200737,0.007862934698454893,0.01676156205023971,5.2133355140686035,5.034209251403809
16.750412940979004,9.60306167602539,-3.683997392654419,1.553674467756792,0.7156414081152577,0.8209999804385006,0.004690437574341501,-0.027558257803320885,0.047318497677301154,0.008197982769955203,0.017121859038104592,5.2255353927612305,5.0677947998046875
16.760934591293335,9.603292465209961,-3.676804542541504,1.55335332919993,0.7196899280172793,0.8259999803267419,0.004377904173338639,-0.0312533900141716,0.05477359800875284,0.008525099133766645,0.01744299759496659,5.236760139465332,5.100686550140381
16.770811319351196,9.603528022766113,-3.669571876525879,1.5530716737034698,0.7236627653993348,0.8309999802149832,0.004028731091835782,-0.03491723909974098,0.06233406989196014,0.00884514027611516,0.01772465309142679,5.246756553649902,5.132320404052734
16.780762195587158,9.603767395019531,-3.662301540374756,1.5528313385218107,0.7274184260450512,0.8359999801032245,0.0036419205354921626,-0.03868110850453377,0.07010000692913361,0.009156601604397352,0.017964988273085902,5.255774021148682,5.163036823272705
16.790727138519287,9.604011535644531,-3.6549949645996094,1.5526321477291019,0.7310725737503901,0.8409999799914658,0.0032181161245554936,-0.0423804335296154,0.07792782641130254,0.009460489717111997,0.018164179065794706,5.264062881469727,5.192884922027588
16.800797700881958,9.604259490966797,-3.647653102874756,1.5524741011604806,0.734612540397709,0.8459999798797071,0.002757563425126587,-0.046055227518081665,0.08581504538807432,0.00975585112010613,0.01832222563441599,5.271697044372559,5.221901893615723
16.810881853103638,9.604510307312012,-3.6402769088745117,1.5523573664141528,0.738047495944778,0.8359999801032245,0.0022606637680399983,-0.04968995600938797,0.09374250505052627,0.010041681973607552,0.018438960380743774,5.278789043426514,5.250131130218506
16.821144104003906,9.604764938354492,-3.6328675746917725,1.5522819446224634,0.7413839240980856,0.8259999803267419,0.0017279205626597187,-0.05327434837818146,0.10169340773930052,0.010318935691492115,0.018514382172433175,5.2852301597595215,5.277554512023926
16.83093500137329,9.605023384094238,-3.6254258155822754,1.5522478421886488,0.7446237407910016,0.8159999805502594,0.0011598438684456273,-0.056807637214660645,0.10966065244159726,0.010587610404744652,0.018548484606247806,5.268228530883789,5.30148458480835
16.84249210357666,9.605284690856934,-3.61795973777771,1.5522764697676634,0.7470678285437314,0.8059999807737768,0.0005407802866913243,-0.06190637871623039,0.11936386961563973,0.010840330368795392,0.018519857027233133,5.222959518432617,5.321279525756836
16.85213828086853,9.605550765991211,-3.6104836463928223,1.552407644472986,0.7480895480745453,0.7959999809972942,-0.00015848108442284117,-0.0699261724948883,0.13278912902494203,0.011067059792244649,0.0183886823219106,5.160635471343994,5.338099479675293
16.86377477645874,9.605822563171387,-3.60300874710083,1.5526743579796205,0.7479872592440411,0.7859999812208116,-0.0009609223464738245,-0.08024411648511887,0.14990984208591746,0.01125885625291545,0.018121968815276054,5.061583042144775,5.322253227233887
16.875304698944092,9.606056213378906,-3.595536708831787,1.5530798536687926,0.7476103696354762,0.775999981444329,-0.0019864383626067884,-0.10255159437656403,0.18117915738102486,0.011370877284599956,0.017716473126103915,4.971582889556885,5.3399977684021
16.884490489959717,9.606308937072754,-3.5880863666534424,1.5536723944045685,0.7455075020715844,0.7659999816678464,-0.0031069913286052805,-0.11205533146858215,0.2033578487922704,0.01144586573180284,0.017123932390328056,4.874624252319336,5.356934070587158
16.895460844039917,9.606853485107422,-3.5732827186584473,1.555463538589564,0.739151377933096,0.7549999817274511,-0.005681783296325086,-0.13416865468025208,0.23924245160440644,0.011453141338513717,0.01533278820533246,4.769363880157471,5.374809741973877
16.90387463569641,9.606853485107422,-3.5732827186584473,1.555463538589564,0.739151377933096,0.7459999821148813,-0.005681783296325086,-0.13416865468025208,0.2500257300646602,0.011453141338513717,0.01533278820533246,4.669927597045898,5.385104656219482
16.913759231567383,9.607142448425293,-3.5659377574920654,1.556667757364921,0.7353056100603155,0.7359999823383987,-0.007132429281352367,-0.14506453275680542,0.26788770899881403,0.011380878240933257,0.014128569429975535,4.55598783493042,5.398158550262451
16.92361545562744,9.607439041137695,-3.558638334274292,1.558097109848735,0.7309136796409436,0.7259999825619161,-0.008693126518846643,-0.1560697853565216,0.28808489917895097,0.011248703822163364,0.012699216946161496,4.429330825805664,5.408937454223633
16.93325424194336,9.607741355895996,-3.5513904094696045,1.5597628217549528,0.725915589747173,0.7159999827854335,-0.010364171789822291,-0.16710445284843445,0.30909812792629976,0.011051340248418029,0.011033505039943714,4.277710914611816,5.380698204040527
16.943108558654785,9.608030319213867,-3.544192314147949,1.5616706841360086,0.721042068886315,0.705999983008951,-0.012185204312013061,-0.18210330605506897,0.33468574027021664,0.010767974013724313,0.009125642658887934,4.159977912902832,5.379294395446777
16.954193353652954,9.6082763671875,-3.537034511566162,1.5637780145865878,0.717027635361514,0.6959999832324684,-0.014187455563052806,-0.20022515952587128,0.36518934010039633,0.010381843565088644,0.00701831220830873,4.051516056060791,5.291691780090332
16.963091373443604,9.608505249023438,-3.5299220085144043,1.5660903767587973,0.7126197861812219,0.6859999834559858,-0.016284385885814698,-0.20969295501708984,0.3881290529272263,0.009917028823382523,0.0047059500360993045,3.9467451572418213,5.380478382110596
16.973591327667236,9.60871410369873,-3.522852897644043,1.56859240072539,0.7084356516939989,0.6759999836795032,-0.018463162067859473,-0.21787771582603455,0.407474604604886,0.009375280984327716,0.00220392606950659,3.97908353805542,5.385562896728516
16.983795404434204,9.60890007019043,-3.5158402919769287,1.571254131173021,0.7020799654820546,0.6659999839030206,-0.02015059321475151,-0.16874299943447113,0.36400709822832966,0.008762728881789528,-0.0004578043781244823,4.056685447692871,5.138357639312744
16.993191719055176,9.60905647277832,-3.5089261531829834,1.573449128856968,0.6925221198604888,0.6709999837912619,-0.019085161479369134,0.10654310882091522,0.05697369643525185,0.008260633093135183,-0.0026528020620715242,4.147405624389648,5.036491394042969
17.002963304519653,9.609087944030762,-3.5020952224731445,1.5751421283655784,0.6836749823873364,0.6759999836795032,-0.01782242585492196,0.12627358734607697,-0.060980397497441594,0.007784207663291909,-0.004345801570681873,4.152730941772461,4.927522659301758
17.013161182403564,9.608959197998047,-3.4953858852386475,1.5766643747831313,0.6715242484971617,0.6809999835677445,-0.016485463052141977,0.13369622826576233,-0.10948832355206327,0.0071987937045747685,-0.005868047988234704,6.148852348327637,4.847317695617676
17.02336359024048,9.608695030212402,-3.4887640476226807,1.5780453243417978,0.6631141041661105,0.6859999834559858,-0.014936469139894895,0.15489943325519562,-0.15224505263546603,0.006520349994286079,-0.007248997546901225,9.735126495361328,4.751325607299805
17.033804893493652,9.608295440673828,-3.4821972846984863,1.5790722869938056,0.6581034200303694,0.6909999833442271,-0.013319747412668632,0.1616721898317337,-0.17811500158139643,0.0058126809557119685,-0.008275960198909083,4.2810797691345215,4.662663459777832
17.043179988861084,9.607786178588867,-3.4756875038146973,1.5797834946860794,0.6530822317287137,0.6959999832324684,-0.011670405289695204,0.16493424773216248,-0.19512729724129882,0.00509006451567906,-0.008987167891182812,-2.2360217571258545,4.534172058105469
17.053350925445557,9.607266426086426,-3.469331979751587,1.5804297242061849,0.6377773663489493,0.7009999831207097,-0.010038202243870979,0.16322027146816254,-0.2041450001267895,0.00437645156292632,-0.009633397411288325,0.09599164873361588,4.394345283508301
17.063217401504517,9.606755256652832,-3.463162660598755,1.5810284651234174,0.6191027601555351,0.705999983008951,-0.008486923125468084,0.15512794256210327,-0.2037917052488835,0.003685668717528401,-0.010232138328520879,5.290985107421875,4.278633117675781
17.073104858398438,9.60621452331543,-3.4571444988250732,1.5814590274163616,0.6042960434177785,0.7109999828971922,-0.0069514038100656345,0.1535518616437912,-0.20730516429067442,0.0030157737424652,-0.010662700621465017,9.036609649658203,4.195558071136475
17.084010362625122,9.605554580688477,-3.4511630535125732,1.5815004675040079,0.6017594542364548,0.7009999831207097,-0.005411007691172664,0.154039666056633,-0.21391500718905002,0.002343399798681034,-0.010704140709111298,4.18501091003418,4.10528564453125
17.093404293060303,9.604803085327148,-3.4452271461486816,1.5812258695192893,0.5983464761158679,0.6909999833442271,-0.0038762542534203164,0.1534753143787384,-0.2201146453358464,0.0016742792333861445,-0.010429542724392782,-1.0199201107025146,3.97353458404541
17.104151248931885,9.60338306427002,-3.4339041709899902,1.5806475458916232,0.5606073572409566,0.6959999832324684,-0.0010168654346387556,0.13902360200881958,-0.21573461877149236,0.00042774634209585827,-0.009851219096726593,2.1970162391662598,3.8202078342437744
17.113187551498413,9.60338306427002,-3.4339041709899902,1.5806475458916232,0.5606073572409566,0.7009999831207097,-0.0010168654346387556,0.13902360200881958,-0.21441705177324447,0.00042774634209585827,-0.009851219096726593,5.168173789978027,3.7405171394348145
17.123237133026123,9.602657318115234,-3.4284656047821045,1.5801661301164425,0.5487447384876043,0.705999983008951,0.000319213583300502,0.1336079239845276,-0.21237692556266155,-0.00015358175115132155,-0.009369803321545911,6.083012104034424,3.673794984817505
17.134156465530396,9.601811408996582,-3.423036575317383,1.5792882023850399,0.5496385113862543,0.6959999832324684,0.0016579031516410242,0.13386893272399902,-0.2158182153094575,-0.000736123062285543,-0.008491875590143305,4.243751525878906,3.5840580463409424
17.143390417099,9.600898742675781,-3.4176712036132812,1.5781621080458081,0.5445313941410301,0.6859999834559858,0.002979091892700575,0.13211889564990997,-0.21856873636173124,-0.0013109717181212233,-0.007365781250911585,0.7286855578422546,3.439391613006592
17.153215408325195,9.600031852722168,-3.4124996662139893,1.5770698271925683,0.5246702766016325,0.6909999833442271,0.004219368934393798,0.12402768433094025,-0.21423043010442827,-0.0018501850519108132,-0.006273500397671716,3.948903799057007,3.3091962337493896
17.162789821624756,9.599204063415527,-3.4075253009796143,1.5759912412835189,0.5045571268443177,0.6959999832324684,0.005376881158050729,0.1157512366771698,-0.2073236809336913,-0.0023544039212755052,-0.005194914488622304,5.2227606773376465,3.2459769248962402
17.173277378082275,9.59830379486084,-3.4026083946228027,1.5746239207930735,0.5003420373027929,0.7009999831207097,0.006503776817673339,0.1126895472407341,-0.20481106740204102,-0.0028444805348115665,-0.003827593998176893,4.16300106048584,3.166043281555176
17.183032274246216,9.597311973571777,-3.397719383239746,1.572938318766084,0.49961061365778286,0.705999983008951,0.00761932847421064,0.11155515909194946,-0.2053819503762474,-0.0033306235281909125,-0.0021419919711873625,4.101792812347412,3.0589494705200195
17.193029165267944,9.596305847167969,-3.3929507732391357,1.571133587192502,0.48821619108924114,0.7109999828971922,0.008684731232072425,0.10654029995203018,-0.2025778298892571,-0.0037953309493943266,-0.00033726039760550997,3.783859968185425,2.707280397415161
17.2037034034729,9.595614433288574,-3.388129949569702,1.5693005673833869,0.48737193195823375,0.7159999827854335,0.009341663344152517,0.065693199634552,-0.15959686739541978,-0.003936839055295849,0.0014957594115097006,3.914912462234497,2.8061954975128174
17.213146924972534,9.595210075378418,-3.38319730758667,1.5673520986991278,0.49589177067179957,0.7209999826736748,0.009243443232298986,-0.009822017513215542,-0.06558775428481717,-0.0037566582357424494,0.00344422809576872,4.0525736808776855,2.9877936840057373
17.223443031311035,9.594940185546875,-3.3781685829162598,1.5654636968146458,0.5044930075848927,0.7259999825619161,0.009338940966750192,0.0095497602596879,-0.05635749941428667,-0.0034600330412235536,0.005332629980250747,4.180157661437988,3.1525347232818604
17.233608961105347,9.594783782958984,-3.3730404376983643,1.5636271317941102,0.5138964588578006,0.7309999824501574,0.009592302058275251,0.025336122140288353,-0.06916757413367829,-0.0030654769646165647,0.007169195000786388,4.299895763397217,3.3094968795776367
17.24336838722229,9.594724655151367,-3.367807388305664,1.56184297452731,0.5240894274586186,0.7359999823383987,0.009976332766773748,0.03840309754014015,-0.08605029157339204,-0.002589375054375509,0.008953352267586645,4.399419784545898,3.4645724296569824
17.253449201583862,9.594747543334961,-3.3624680042266846,1.560144678433061,0.5346162980985012,0.74099998222664,0.010455709715809936,0.047937676310539246,-0.1007164442235679,-0.002057022581675838,0.01065164836183552,4.487744331359863,3.611703872680664
17.263561964035034,9.594841957092285,-3.3570210933685303,1.5585369330394563,0.5453648311079871,0.7459999821148813,0.010996987589263135,0.054127711802721024,-0.11140048359022849,-0.001480316905281498,0.012259393755440275,4.568398952484131,3.7518062591552734
17.27349829673767,9.595001220703125,-3.3514654636383057,1.557021089710609,0.5562910127039206,0.7509999820031226,0.011575973512772045,0.05789864808320999,-0.11848629399683658,-0.0008663388678389339,0.013775237084287628,4.642733097076416,3.884398937225342
17.28358221054077,9.59521484375,-3.3458001613616943,1.5555956816578622,0.5673656558714456,0.7559999818913639,0.012171847218099838,0.05958738923072815,-0.12239508369568097,-0.00022513831961923358,0.015200645137034341,4.713559150695801,4.012171745300293
17.29357600212097,9.595478057861328,-3.340024471282959,1.554260424876652,0.5785368559708767,0.7609999817796052,0.012769547266185547,0.05976995825767517,-0.1238211807332555,0.00043860236430504074,0.016535901918244503,4.78044319152832,4.13515043258667
17.303282499313354,9.595785140991211,-3.334138870239258,1.5530105405293702,0.5896853063408313,0.7659999816678464,0.01336027231560924,0.05907251685857773,-0.12360724034815138,0.0011205955627016095,0.0177857862655264,4.845138072967529,4.253477096557617
17.313204288482666,9.596132278442383,-3.3281428813934326,1.5518447775350914,0.6008634837372935,0.7709999815560877,0.013933573607362559,0.057330142706632614,-0.12180659483508542,0.0018174028933586328,0.018951549259805134,4.908039093017578,4.367306232452393
17.323858976364136,9.596516609191895,-3.3220372200012207,1.5507588916773223,0.6119991230576435,0.775999981444329,0.014482003023808967,0.054842982441186905,-0.1187282619729212,0.002527437484928896,0.020037435117574276,4.969481468200684,4.477152347564697
17.333965063095093,9.596935272216797,-3.3158226013183594,1.549749331041562,0.6230650563705041,0.7809999813325703,0.015000203217043335,0.051820024847984314,-0.1146687374413154,0.003248904787390927,0.021046995753334574,5.029533863067627,4.583868980407715
17.343402862548828,9.597384452819824,-3.309499502182007,1.5488137297846092,0.6340579371624705,0.7859999812208116,0.01548491469729571,0.04847100377082825,-0.10992960079117377,0.003978700798201729,0.021982597010287375,5.088794708251953,4.687383651733398
17.353537559509277,9.597864151000977,-3.3030691146850586,1.5479483962138576,0.64496339291494,0.7909999811090529,0.01593375809372942,0.044884346425533295,-0.10468357333772005,0.0047179338279566,0.022847930581038955,5.147983074188232,4.787551403045654
17.363290548324585,9.598370552062988,-3.296532154083252,1.547148325202714,0.655761179497813,0.7959999809972942,0.016346202024463238,0.04124446585774422,-0.099173353947489,0.0054642913279252525,0.0236480015921825,5.230915546417236,4.8684539794921875
17.373379945755005,9.598896980285645,-3.289891242980957,1.5463674156533804,0.6662848084922871,0.8009999808855355,0.016750706386458158,0.04045050963759422,-0.09655525610964466,0.006224924725708902,0.02442891114151613,5.313039779663086,4.9463701248168945
17.38338613510132,9.599437713623047,-3.2831475734710693,1.5455732497846633,0.6766138074922973,0.8059999807737768,0.017163575258104514,0.04128682613372803,-0.09651863664358253,0.007003834401002607,0.025223077010233297,5.386231899261475,5.015984058380127
17.392730474472046,9.599987983703613,-3.2763049602508545,1.544767048232328,0.6865858493226824,0.8109999806620181,0.017573615102640234,0.0410039946436882,-0.09605776079570345,0.0077958855300632734,0.026029278562568647,5.315126419067383,4.907766819000244
17.402921676635742,9.600362777709961,-3.2693026065826416,1.5438872451129018,0.7013670183006253,0.8159999805502594,0.017479698072192677,-0.009391630068421364,-0.04156902787749983,0.008434528008308462,0.026909081681994795,5.347864151000977,4.978906154632568
17.413259506225586,9.600703239440918,-3.2621986865997314,1.5430771490209734,0.7113192406615597,0.8209999804385006,0.0172451219738641,-0.023457733914256096,-0.008719180285412076,0.009017927908590906,0.027719177773923187,5.421433448791504,5.0434184074401855
17.42278480529785,9.601052284240723,-3.2550041675567627,1.5422763878234695,0.7204021375514511,0.8259999803267419,0.016984872376629625,-0.02602487802505493,0.0056362751177409555,0.009607106092056839,0.028519938971427017,5.476383686065674,5.0959882736206055
17.43318200111389,9.601408004760742,-3.24772572517395,1.5414693494122544,0.7288215241139026,0.8309999802149832,0.016711864126892413,-0.027300849556922913,0.013136230371623273,0.01020483686474627,0.029326977382642117,5.510144233703613,5.129207134246826
17.443057775497437,9.60176944732666,-3.2403905391693115,1.540661204030132,0.7345176347294116,0.8359999801032245,0.0164255716153049,-0.028629228472709656,0.01868713086205131,0.01080861589436033,0.0301351227647646,5.517999172210693,5.156535625457764
17.453027963638306,9.602137565612793,-3.233018636703491,1.539876227761067,0.738197823883757,0.8409999799914658,0.01610918848813612,-0.031638409942388535,0.025493104534406882,0.011412117331659033,0.030920099033829643,5.508830547332764,5.181589603424072
17.463172674179077,9.602513313293457,-3.2256205081939697,1.5391458002917207,0.7408667251374139,0.8459999798797071,0.015739645136983185,-0.03695428743958473,0.035203562928747115,0.012006886018843588,0.0316505265031759,5.495871067047119,5.205049991607666
17.473196506500244,9.602895736694336,-3.218200206756592,1.5384821721513053,0.7430661024991938,0.8509999797679484,0.015308205426583515,-0.04314383864402771,0.04681817633205858,0.012588296046066816,0.03231415464359122,5.4880595207214355,5.227095127105713
17.483447790145874,9.60328483581543,-3.210758924484253,1.5378796762952127,0.745209939821323,0.8559999796561897,0.014820192395049541,-0.04880151152610779,0.058550317130300046,0.013158047792723337,0.03291665049968384,5.484500408172607,5.248429775238037
17.493319272994995,9.603680610656738,-3.2032954692840576,1.5373284860439158,0.7474406275242379,0.860999979544431,0.014283608810657964,-0.053658243268728256,0.06956846474239362,0.013719088626665155,0.03346784075098075,5.482680320739746,5.269013404846191
17.50299310684204,9.604081153869629,-3.195808172225952,1.5368192529093412,0.7498541366269325,0.8659999794326723,0.013707934766679843,-0.05756736174225807,0.0794496710794731,0.014272314921207396,0.033977073885555376,5.472827911376953,5.277091979980469
17.51314902305603,9.60446834564209,-3.188293933868408,1.5363511864406734,0.7524623214880344,0.8559999796561897,0.013040509029310577,-0.06674264371395111,0.09472151206921257,0.014799844467262346,0.03444514035422319,5.475582599639893,5.3038010597229
17.523354291915894,9.604870796203613,-3.1807620525360107,1.5359309097360438,0.7542890225448117,0.8459999798797071,0.012355481943086706,-0.06850268691778183,0.10384712588626821,0.015328302334712163,0.03486541705885271,5.480251312255859,5.329535007476807
17.533874034881592,9.605287551879883,-3.1732120513916016,1.535555109331423,0.7561560080594247,0.8359999801032245,0.011653389643821413,-0.07020918279886246,0.11109178541573615,0.01585772887492709,0.03524121746347353,5.451586723327637,5.344282150268555
17.542864561080933,9.605711936950684,-3.1656506061553955,1.5352461692775186,0.7573744337404129,0.8259999803267419,0.01090155689701812,-0.07518328726291656,0.12128882686874262,0.01637473790904309,0.035550157517378,5.390606880187988,5.351818084716797
17.55322766304016,9.606139183044434,-3.1580898761749268,1.5350498307090283,0.7572707774889579,0.8159999805502594,0.01005461672104053,-0.08469410240650177,0.1373019549995679,0.016860848151056373,0.03574649608586822,5.297494888305664,5.351263523101807
17.56292414665222,9.606553077697754,-3.1505510807037354,1.5350065972221638,0.7550272448817971,0.8059999807737768,0.009027860608526709,-0.10267556458711624,0.1643075046004077,0.017287704554654226,0.03578972957273274,5.18000602722168,5.3202738761901855
17.573420763015747,9.606924057006836,-3.1430611610412598,1.5351346975836864,0.7499411896518254,0.7959999809972942,0.0076858731460767915,-0.13419868052005768,0.209520320219415,0.017620278277334478,0.03566162921121019,5.063591003417969,5.291069984436035
17.583717346191406,9.607279777526855,-3.1356101036071777,1.5354267716102494,0.7459549820612319,0.7859999812208116,0.0061563221775569376,-0.15295524895191193,0.24713458128445423,0.0178884318453445,0.03536955518464713,4.949014186859131,5.261128902435303
17.593135118484497,9.60762882232666,-3.128201961517334,1.5358793820071948,0.7416536766235863,0.775999981444329,0.004469146337292032,-0.16871751844882965,0.2796071989574507,0.018101777367929728,0.0349169447877018,4.822526454925537,5.226898193359375
17.603495121002197,9.607970237731934,-3.1208455562591553,1.5364990178626665,0.7364225205424729,0.7659999816678464,0.0026236281182999617,-0.18455180525779724,0.3108939647228175,0.01825741332475772,0.03429730893223004,4.678083419799805,5.193477153778076
17.61324143409729,9.608304023742676,-3.113553047180176,1.5373157959358545,0.7300449540971803,0.7559999818913639,0.0006175271882122344,-0.20061010122299194,0.34231909774422214,0.01834630661229042,0.03348053085904201,4.52778959274292,5.163430690765381
17.622840642929077,9.60863208770752,-3.1063320636749268,1.5383514679140744,0.722899943206615,0.7459999821148813,-0.0015365252116935802,-0.21540524065494537,0.3726606420640199,0.018363837777002345,0.03244485888082216,4.379823684692383,5.138377666473389
17.633543729782104,9.608955383300781,-3.0991873741149902,1.5396131242955209,0.7153256141855838,0.7359999823383987,-0.0038172439198580826,-0.22807182371616364,0.40057518451184404,0.018308828009288902,0.031183202499375673,4.237001419067383,5.119208812713623
17.643116235733032,9.60927963256836,-3.0921213626861572,1.5411031468247012,0.7075684864760097,0.7259999825619161,-0.0061991862515332055,-0.2381942719221115,0.42515364647718334,0.01818627761564784,0.029693179970195382,4.099029541015625,5.105212688446045
17.65318536758423,9.609604835510254,-3.0851354598999023,1.5428186459249362,0.6997228134279625,0.7159999827854335,-0.008657286218684355,-0.24581004679203033,0.44609437499264853,0.017997044836734588,0.02797768086996033,3.9659664630889893,5.096796989440918
17.66293978691101,9.609932899475098,-3.0782294273376465,1.544761654374175,0.6919228187912748,0.705999983008951,-0.011170484904515523,-0.2513197958469391,0.4636671607690685,0.017742418910742686,0.026034672420721664,3.838763952255249,5.0945563316345215
17.67289662361145,9.610265731811523,-3.0714023113250732,1.5469324481238516,0.684268672434012,0.6959999832324684,-0.013717789477014507,-0.2547304630279541,0.4779019987755918,0.01742421592648924,0.023863878671045002,3.7187325954437256,5.09843111038208
17.682985544204712,9.610604286193848,-3.0646519660949707,1.5493290531554813,0.6768626860710961,0.6859999834559858,-0.016279662039045524,-0.2561872601509094,0.4889074670286328,0.017043973644032206,0.021467273639415252,3.606799840927124,5.10785436630249
17.693307399749756,9.61094856262207,-3.0579755306243896,1.5519472155691898,0.6698384332813202,0.6759999836795032,-0.018837087063303982,-0.25574254989624023,0.49672082297229714,0.016602961151642504,0.01884911122570676,3.503535747528076,5.123134136199951
17.703547716140747,9.611300468444824,-3.05136775970459,1.55478171844034,0.6633092485284915,0.6659999839030206,-0.021373880293166354,-0.25367939472198486,0.5016112799573644,0.016104645592351474,0.01601460835455648,3.4097537994384766,5.144664764404297
17.71317219734192,9.611658096313477,-3.0448241233825684,1.5578267310590546,0.6573070703925818,0.655999984126538,-0.023872174217249437,-0.2498292475938797,0.503435958322165,0.015548865954093216,0.012969595735841999,3.325413465499878,5.172486782073975
17.72287654876709,9.61202335357666,-3.038339138031006,1.56107661995664,0.6518994331126242,0.6459999843500555,-0.026315246241939292,-0.24430720508098602,0.5022330378667755,0.014939219716007202,0.009719706838256627,3.275430202484131,5.89570426940918
17.733696699142456,9.612377166748047,-3.031916856765747,1.5644428424899666,0.6458870665549604,0.6359999845735729,-0.02867053857482146,-0.23552928864955902,0.4963360911828487,0.014283199216071907,0.0063534843049299905,3.21809458732605,5.885482311248779
17.743168592453003,9.612689971923828,-3.0255513191223145,1.5678455759761556,0.6402419441527709,0.6259999847970903,-0.030948348883260073,-0.22778114676475525,0.48981752603787765,0.013575195884852675,0.002950750818740966,3.59511661529541,6.183004856109619
17.75323724746704,9.613025665283203,-3.0192713737487793,1.5712424579543913,0.6303739512100706,0.6159999850206077,-0.03208956521836467,-0.11412147432565689,0.3687760448693945,0.012891825939794543,-0.000446131159494767,4.21157693862915,5.284129619598389
17.76310396194458,9.613102912902832,-3.0130391120910645,1.5734876623674026,0.6248753565625105,0.620999984908849,-0.031037881535582304,0.10516839474439621,0.09719438658587298,0.012295513205785369,-0.002691335572506004,3.686842918395996,4.984771251678467
17.77290916442871,9.61306381225586,-3.0068564414978027,1.5750152051139286,0.6188835445238953,0.6259999847970903,-0.02925746020707721,0.17804205417633057,-0.06725109143725022,0.01179815251472327,-0.004218878319032005,3.6292073726654053,4.702227592468262
17.78328800201416,9.61294937133789,-3.0007874965667725,1.5761612169776769,0.6072661164187508,0.6309999846853316,-0.026852355824499654,0.2405104786157608,-0.19005486993837872,0.011339912003672126,-0.005364890182780302,5.313094615936279,4.7855987548828125
17.792970418930054,9.612654685974121,-2.994896173477173,1.5771849452066509,0.590010423188102,0.6359999845735729,-0.02487346872017622,0.19788876175880432,-0.18888292736252205,0.01073811348796383,-0.00638861841175431,9.304204940795898,4.781494140625
17.803153038024902,9.612161636352539,-2.989102363586426,1.5779202612609378,0.5814913613172661,0.6409999844618142,-0.022921358522688475,0.1952109932899475,-0.19235563850490867,0.010024474089822988,-0.007123934466041203,5.9368720054626465,4.742794990539551
17.813473224639893,9.611444473266602,-2.9834020137786865,1.5785373009826658,0.5745322472041349,0.6459999843500555,-0.02086126184141455,0.20600952208042145,-0.2118147779959853,0.009122204203197981,-0.007740974187769201,-0.2973852753639221,4.5833048820495605
17.823376893997192,9.610652923583984,-2.9778361320495605,1.5789657656180434,0.5622218942426086,0.6509999842382967,-0.018756663265422815,0.21045991778373718,-0.22941021768064285,0.008202119198257307,-0.008169438823146802,2.076843738555908,4.393377304077148
17.833686113357544,9.609862327575684,-2.9724862575531006,1.579291474499523,0.540871183776032,0.655999984126538,-0.016726790179490834,0.202987402677536,-0.23359925283799482,0.007313813917878775,-0.008495147704626449,4.744437217712402,3.6757824420928955
17.843167543411255,9.608980178833008,-2.9672484397888184,1.5792917895186558,0.5312350020821078,0.6609999840147793,-0.014796916334396521,0.192987322807312,-0.23065308314367125,0.006431570672873477,-0.008495462723759228,7.547790050506592,3.580371379852295
17.853495121002197,9.607987403869629,-2.961996555328369,1.5788180960945208,0.5345154182407967,0.6659999839030206,-0.012766731443393922,0.20301853120326996,-0.24655915017403196,0.00558089888921387,-0.008021769299624282,4.047276496887207,3.5120654106140137
17.863544702529907,9.606900215148926,-2.956782102584839,1.5780689514014794,0.5327611469875511,0.655999984126538,-0.010791950737888929,0.1974780261516571,-0.2514297712021893,0.00471844699974433,-0.007272624606582846,-0.6894975304603577,3.3860809803009033
17.873063564300537,9.605838775634766,-2.951720952987671,1.5772937009948036,0.5172440138547911,0.6609999840147793,-0.00889484143210302,0.18971088528633118,-0.25036333681002904,0.00388957708937987,-0.0064973741999070364,2.916343927383423,3.2502148151397705
17.88321328163147,9.604841232299805,-2.946864604949951,1.5765631737313832,0.495916171738009,0.6659999839030206,-0.00711090978859094,0.1783931851387024,-0.2434547987156146,0.003111187808107374,-0.005766846936486658,4.984562873840332,3.1758875846862793
17.892897129058838,9.603812217712402,-2.9421069622039795,1.5756230715859447,0.4869737972852843,0.6709999837912619,-0.005400417976033627,0.17104919254779816,-0.238611891828636,0.0023641998976273726,-0.0048267447910481645,3.918928384780884,3.1071460247039795
17.90322232246399,9.602692604064941,-2.9373698234558105,1.574358677257809,0.48714386678174354,0.6759999836795032,-0.003705024278861352,0.16953939199447632,-0.24025638163926583,0.0016239011864378483,-0.0035623504629125335,3.820728302001953,2.993635892868042
17.913145780563354,9.601568222045898,-2.932753324508667,1.5729820871341187,0.4756492633948574,0.6809999835677445,-0.0020739332225504373,0.16310907900333405,-0.2383902040121203,0.0009124944662612933,-0.0021857603392221314,3.9232425689697266,2.924583673477173
17.923113584518433,9.600410461425781,-2.92822265625,1.5714063437908972,0.4683045098770065,0.6709999837912619,-0.0005066952945407936,0.15672379732131958,-0.2351833005261221,0.00022745633833132217,-0.0006100169960006063,3.808279037475586,2.6580162048339844
17.93332839012146,9.5994291305542,-2.9235785007476807,1.5695436125735187,0.47477603183450245,0.6759999836795032,0.0009697591896521414,0.14764544367790222,-0.22800122392092145,-0.00019505527768082231,0.0012527142213778484,3.9208154678344727,2.592294931411743
17.94294548034668,9.59882640838623,-2.9187567234039307,1.567384559505997,0.48715782428737636,0.6809999835677445,0.0014413127491410933,0.04715535417199135,-0.12009431464764536,-0.00015006341277334911,0.003411767288899581,4.044506549835205,2.7830100059509277
17.95314311981201,9.598416328430176,-2.9138267040252686,1.5651954043008716,0.49594494206726625,0.6859999834559858,0.001665519122761935,0.02242063730955124,-0.06057468511545881,9.659639325754199e-05,0.005600922494024995,4.155340671539307,2.960196018218994
17.962855577468872,9.598126411437988,-2.908799409866333,1.5631160596633489,0.5046460006875462,0.6909999833442271,0.002029298165626772,0.036377910524606705,-0.056571208675233325,0.00043046892591469543,0.00768026713154768,4.269086837768555,3.1142163276672363
17.97322130203247,9.597942352294922,-2.9036734104156494,1.5610947213752349,0.5139438862407721,0.6959999832324684,0.00250020004855539,0.04709019139409065,-0.06606180605623471,0.0008527882647229035,0.009701605419661696,4.364815711975098,3.2749433517456055
17.983604192733765,9.597846984863281,-2.8984434604644775,1.5591790996614483,0.5239658562728161,0.7009999831207097,0.0030644506964002094,0.0564250573515892,-0.07843235620799133,0.001332074610816747,0.011617227133448262,4.446181774139404,3.429654598236084
17.993357181549072,9.59782886505127,-2.893108606338501,1.5573819168470997,0.5342400885280946,0.705999983008951,0.003687967692120774,0.06235171854496002,-0.08829760969077248,0.0018530673429602018,0.013414409947796857,4.519516468048096,3.576897382736206
18.003201246261597,9.597880363464355,-2.8876678943634033,1.555703349566162,0.5447332020084571,0.7109999828971922,0.004345904726254991,0.06579369306564331,-0.0949514532342741,0.002408084727461457,0.015092977228734483,4.587250232696533,3.717479705810547
18.01325535774231,9.597992897033691,-2.8821206092834473,1.5541417738647172,0.5553845270687449,0.7159999827854335,0.005019659219773541,0.06737545132637024,-0.09879392765346151,0.0029890319388403697,0.016654552930179367,4.650535583496094,3.851215124130249
18.023130655288696,9.598159790039062,-2.8764660358428955,1.552692932396145,0.566163042996834,0.7209999826736748,0.005694014054710631,0.06743548065423965,-0.10026111928367025,0.003590511709662181,0.018103394398751638,4.710874557495117,3.979365348815918
18.034539699554443,9.598374366760254,-2.8707034587860107,1.5513531194639107,0.5770312182619196,0.7259999825619161,0.006356323840506087,0.06623098254203796,-0.0997221595272087,0.004206961452632996,0.019443207330985812,4.769242763519287,4.102905750274658
18.043689727783203,9.5986328125,-2.864833116531372,1.5501176505260672,0.5879151063435448,0.7309999824501574,0.006999289173017853,0.06429652869701385,-0.09782796298402059,0.004835973272090399,0.020678676268829355,4.823027610778809,4.221565246582031
18.05364418029785,9.598930358886719,-2.858855724334717,1.5489850531757936,0.598731338334361,0.7359999823383987,0.007614866058383315,0.06155766174197197,-0.09467655929949303,0.00547322216912427,0.021811273619102955,4.867260932922363,4.324124336242676
18.06357765197754,9.599264144897461,-2.8527731895446777,1.547955875630995,0.6093663821780387,0.74099998222664,0.008192970657739967,0.05781049653887749,-0.09005824749519874,0.006115684484752748,0.022840451163901543,4.913995742797852,4.443882942199707
18.073102712631226,9.599630355834961,-2.846588373184204,1.5470328523316361,0.6197415117124836,0.7459999821148813,0.008723374963364597,0.05304039642214775,-0.08387246130958115,0.0067587272279521216,0.023763474463260437,4.946661472320557,4.5468058586120605
18.083285331726074,9.600024223327637,-2.8403046131134033,1.5462217300208414,0.6297283525433025,0.7509999820031226,0.00919370663184775,0.0470331609249115,-0.07583957180215414,0.007395860339030946,0.024574596774055157,4.9724860191345215,4.6455183029174805
18.093181848526,9.600445747375488,-2.83392596244812,1.5455294379317555,0.6393289758149499,0.7559999818913639,0.009593535331530142,0.039982907474040985,-0.06605671723208634,0.0080250075212831,0.025266888863141098,5.0085368156433105,4.7279815673828125
18.103625774383545,9.600887298583984,-2.8274574279785156,1.5449424409751267,0.6484275530482935,0.7609999817796052,0.009925690637379274,0.0332154706120491,-0.05594633787677225,0.008642600291665303,0.025853885819769884,5.067295074462891,4.784544467926025
18.113702535629272,9.601337432861328,-2.820906639099121,1.5443641730081397,0.6566927119766852,0.7659999816678464,0.010242642185922099,0.03169524669647217,-0.05120686497075686,0.009266155676829868,0.026432153786756892,5.117911338806152,4.83336067199707
18.123969078063965,9.601790428161621,-2.8142786026000977,1.5437795066703766,0.664385812995367,0.7709999815560877,0.010543584308119311,0.03009418398141861,-0.04794219661707975,0.009894488244533761,0.027016820124520006,5.162647247314453,4.876538276672363
18.133466720581055,9.602240562438965,-2.8075790405273438,1.543189451963048,0.6715316442965751,0.775999981444329,0.010819835398176983,0.027625052258372307,-0.04413926248002909,0.010521572914067079,0.027606874831848538,5.19145393371582,4.90928316116333
18.143203735351562,9.60268783569336,-2.800813674926758,1.542600672104401,0.6780778026281038,0.7809999813325703,0.011058928027504944,0.023909252136945724,-0.03876769173214284,0.011145411374911873,0.028195654690495564,5.214662551879883,4.945415019989014
18.153244972229004,9.603129386901855,-2.7939889430999756,1.5420261375748352,0.683949323272915,0.7859999812208116,0.011245740873118967,0.018681339919567108,-0.031212462844417053,0.011759253028651884,0.02877018922006136,5.22725772857666,4.976180076599121
18.163137674331665,9.603564262390137,-2.7871108055114746,1.541480145436655,0.6892335113921926,0.7909999811090529,0.011368530879527756,0.012279058806598186,-0.021625944944136832,0.012357857079011936,0.029316181358241655,5.167895317077637,4.894790172576904
18.173165798187256,9.603933334350586,-2.7801620960235596,1.5409388134369901,0.6959062771409783,0.7959999809972942,0.01128095536652612,-0.008757548406720161,0.004442997056281633,0.012889257561758072,0.02985751335790643,5.192501544952393,4.926230430603027
18.183701753616333,9.604227066040039,-2.7731432914733887,1.540381948699031,0.7025482094931171,0.8009999808855355,0.010981336203078179,-0.029961923137307167,0.036162837303060996,0.013349972816568467,0.03041437809586567,5.232697486877441,4.958694934844971
18.19387936592102,9.604525566101074,-2.766077995300293,1.5398236091808555,0.7072008344694007,0.8059999807737768,0.010672794097476157,-0.030854379758238792,0.04829120832887564,0.013815895835840308,0.03097271761404108,5.257959365844727,4.989285945892334
18.20388102531433,9.604828834533691,-2.758967876434326,1.5392671331317682,0.7117099388858344,0.8109999806620181,0.010353186558751004,-0.031960755586624146,0.05480108951949338,0.01428602556763181,0.031529193663128334,5.269119739532471,5.018095016479492
18.213836669921875,9.605135917663574,-2.7518208026885986,1.5387382730711134,0.7154309446491871,0.8159999805502594,0.010002976082161021,-0.03502097353339195,0.06174280275287833,0.014751686532118669,0.03205805372378312,5.255025863647461,5.043517589569092
18.22313690185547,9.605449676513672,-2.7446463108062744,1.5382675926538822,0.7181543291173147,0.8209999804385006,0.009600211366696152,-0.04027645289897919,0.07122031243974955,0.015206575884182172,0.03252873414101432,5.234786510467529,5.0668768882751465
18.233479022979736,9.605770111083984,-2.737452268600464,1.5378748286864146,0.7201423451492212,0.8259999803267419,0.009130427206011725,-0.046978384256362915,0.08309835789179904,0.015644776556010598,0.032921498108481995,5.217747688293457,5.089195251464844
18.243210554122925,9.606096267700195,-2.7302398681640625,1.5375586277705984,0.7219928663158026,0.8309999802149832,0.008595613359067672,-0.053481392562389374,0.09560051668650878,0.01606574155040974,0.033237699024298184,5.207070827484131,5.110991477966309
18.25326180458069,9.606427192687988,-2.7230076789855957,1.5373083528794196,0.7239882349392143,0.8209999804385006,0.008004540675266212,-0.059107329696416855,0.10746553535162831,0.01647170722288216,0.033487973915476976,5.192999839782715,5.139398574829102
18.262961864471436,9.606756210327148,-2.715759754180908,1.5371179022533454,0.725563735315679,0.8109999806620181,0.007336008357695223,-0.06685315817594528,0.12152433797342846,0.016857827833380412,0.03367842454155112,5.1648383140563965,5.132810115814209
18.273518323898315,9.607054710388184,-2.7085208892822266,1.5369913745505417,0.7245491811808692,0.8009999808855355,0.006472375510856964,-0.08636336028575897,0.14906376173891775,0.01719426459948359,0.03380495224435486,5.116212368011475,5.132278919219971
18.283791303634644,9.607349395751953,-2.7012789249420166,1.5369471458026969,0.7248604097661873,0.7909999811090529,0.005516651937750905,-0.09557235240936279,0.16999692454503307,0.01750221099688254,0.03384918099219969,5.046955108642578,5.126118183135986
18.293657064437866,9.607640266418457,-2.694044351577759,1.5370130975205671,0.7240522001702422,0.7809999813325703,0.004444570486845376,-0.10720811784267426,0.19171833338902228,0.01777330745967376,0.03378322927432941,4.949461936950684,5.112556457519531
18.30355167388916,9.607925415039062,-2.686830759048462,1.5372202688145769,0.7219466411042635,0.7709999815560877,0.0032284456772049223,-0.12161245197057724,0.21685152877858746,0.017996339938585848,0.03357605798031971,4.835575103759766,5.094419956207275
18.31321406364441,9.608205795288086,-2.679649829864502,1.5375967652835651,0.7186449391250528,0.7609999817796052,0.0018476647070369808,-0.13807812333106995,0.24547146614009946,0.018163834196412765,0.03319956151133142,4.717841148376465,5.074908256530762
18.32349181175232,9.608482360839844,-2.6725099086761475,1.5381531476750616,0.7145172916811716,0.7509999820031226,0.00030392884315779783,-0.15437361598014832,0.2752411850234527,0.018273575477177673,0.03264317911983494,4.586837291717529,5.055341720581055
18.333950757980347,9.608756065368652,-2.6654186248779297,1.5388933462169865,0.7096778967122616,0.74099998222664,-0.0013955100977527987,-0.16994380950927734,0.30485306448568794,0.018325336081693067,0.03190298057791008,4.479437351226807,5.044651985168457
18.34303331375122,9.609034538269043,-2.6583778858184814,1.5398352326284945,0.7047057392133509,0.7309999824501574,-0.003219902498672243,-0.18243920803070068,0.3313477404877852,0.018321382641326878,0.030961094166402022,4.366907596588135,5.027610778808594
18.35314178466797,9.609315872192383,-2.6513919830322266,1.5409504797511322,0.6992679362990041,0.7209999826736748,-0.005160022096742911,-0.19401197135448456,0.35610042217254534,0.018268297068614103,0.029845847043764365,4.241203784942627,5.015579700469971
18.363206148147583,9.609600067138672,-2.6444664001464844,1.5422662362738633,0.69331710769893,0.7109999828971922,-0.007203147895885788,-0.20431257784366608,0.37909398466731675,0.01815793321596182,0.02853009052103328,4.110889434814453,5.005739688873291
18.37353491783142,9.609888076782227,-2.637606382369995,1.543797826751543,0.6869097235412869,0.7009999831207097,-0.009342593945669673,-0.21394464373588562,0.4009233695014982,0.01798664284510565,0.02699850004335347,3.9823787212371826,5.00010347366333
18.38633966445923,9.61047649383545,-2.6240909099578857,1.5475274122990712,0.673652183559945,0.6889999830164015,-0.013845961982606673,-0.22823211550712585,0.4320690137341052,0.01745653826242588,0.023268914495825355,3.8593907356262207,4.999780654907227
18.393710374832153,9.61047649383545,-2.6240909099578857,1.5475274122990712,0.673652183559945,0.6809999826364219,-0.013845961982606673,-0.22823211550712585,0.44145147569928,0.01745653826242588,0.023268914495825355,3.7427825927734375,5.004871845245361
18.403870105743408,9.610780715942383,-2.6174347400665283,1.5497239047027758,0.6671563217677047,0.6709999828599393,-0.016168349800606757,-0.23223885893821716,0.4531675458880886,0.01710197472314512,0.02107242209212079,3.6278645992279053,5.015356540679932
18.41311764717102,9.611093521118164,-2.6108450889587402,1.55214790785788,0.660843800478449,0.6609999830834568,-0.018518140200897273,-0.23497894406318665,0.4641138101374537,0.01668772254290829,0.01864841893701663,3.5111122131347656,5.024159908294678
18.423505544662476,9.611411094665527,-2.604320764541626,1.5547897927047307,0.6546164211874201,0.6509999833069742,-0.020889782720091923,-0.2371641844511032,0.4740971821030693,0.01621284984419269,0.01600653409016584,3.4074673652648926,5.042187690734863
18.43388271331787,9.611735343933105,-2.59786057472229,1.5576543803770233,0.6486103231778332,0.6409999835304916,-0.023264236181499837,-0.23744535446166992,0.48158557130276214,0.015677814371672483,0.013141946417873251,3.3108224868774414,5.067886829376221
18.443488597869873,9.612068176269531,-2.5914595127105713,1.5607409429666124,0.6431359626342084,0.630999983754009,-0.02561992685900044,-0.23556919395923615,0.4857935062896897,0.015084740582906875,0.010055383828284192,3.2540125846862793,5.786380767822266
18.453701496124268,9.612398147583008,-2.5851173400878906,1.563984595764789,0.637592265634885,0.6209999839775264,-0.02791782743858824,-0.22978992760181427,0.4846001582525902,0.014441651088970886,0.00681173103010746,3.192070245742798,5.776841640472412
18.463143348693848,9.612690925598145,-2.5788352489471436,1.5672594180421877,0.6315966473415328,0.6109999842010438,-0.030137878940396136,-0.22200530767440796,0.4793990147145063,0.013751996011670542,0.003536908752708845,3.136338472366333,5.774784564971924
18.47314476966858,9.612959861755371,-2.572594165802002,1.570634694519512,0.6276717987426002,0.6009999844245613,-0.03229995883444078,-0.2162078619003296,0.47478529367803435,0.0130083514377759,0.00016163227538457114,4.028800010681152,5.304537296295166
18.483675956726074,9.613110542297363,-2.566455602645874,1.5731628872924082,0.6154741192447629,0.6059999843128026,-0.03137204957403717,0.09279102832078934,0.14410847297643148,0.01240057481081891,-0.002366560497511605,4.713405132293701,5.0057830810546875
18.493163347244263,9.613086700439453,-2.560347557067871,1.5748768643094784,0.6116466167865259,0.6109999842010438,-0.02975028300415733,0.16217651963233948,-0.03414313086884366,0.011862542582283808,-0.004080537514581818,3.6136350631713867,4.7004289627075195
18.503522634506226,9.61298656463623,-2.5543196201324463,1.576029950441175,0.6031735558824196,0.6159999840892851,-0.027559551354282348,0.21907320618629456,-0.15464313202172464,0.011416484709998898,-0.005233623646278441,3.5027389526367188,4.698008060455322
18.51341700553894,9.61280345916748,-2.5484824180603027,1.5770610526923368,0.5842153065412417,0.6209999839775264,-0.025437847140446283,0.21217043697834015,-0.19056206767039313,0.010924053691743651,-0.006264725897440204,4.926879405975342,4.690378189086914
18.52321481704712,9.612427711486816,-2.5428249835968018,1.5780695432909058,0.5671044900765629,0.6259999838657677,-0.023415542542072895,0.20223045349121094,-0.19784795995070392,0.010245765775504623,-0.007273216496009204,8.530298233032227,4.651193141937256
18.533757209777832,9.611820220947266,-2.5372729301452637,1.5789203467044188,0.558535152179385,0.630999983754009,-0.021446682226887465,0.1968860924243927,-0.2013619586435097,0.009383041783465274,-0.008124019909522273,6.20651912689209,4.560976028442383
18.543131113052368,9.611040115356445,-2.531784772872925,1.5794213909738695,0.5543741468151927,0.6359999836422503,-0.01931799665810319,0.21286845207214355,-0.2264440319787987,0.008452628184308253,-0.00862506417897291,0.6541203260421753,4.404566287994385
18.55349588394165,9.61019229888916,-2.526421308517456,1.5796912695382614,0.5431066958085314,0.6409999835304916,-0.0171933244867985,0.21246716380119324,-0.2406065139529417,0.0075238512544082425,-0.008894942743364886,3.3580920696258545,4.214064121246338
18.563852548599243,9.609345436096191,-2.521270990371704,1.5798570935848728,0.5220649962178884,0.6459999834187329,-0.015169038999021226,0.2024286687374115,-0.24097201022018314,0.006627243252358639,-0.00906076678997625,4.749289035797119,3.4792041778564453
18.57324719429016,9.608424186706543,-2.516181230545044,1.5796640667111304,0.5172546626042358,0.6509999833069742,-0.013193644594289077,0.1975393295288086,-0.2422438260348834,0.005763899598075994,-0.008867739916233797,3.8359262943267822,3.44002366065979
18.583301305770874,9.607417106628418,-2.5111262798309326,1.5791659339705775,0.5154746689858559,0.6559999831952155,-0.011229786154063037,0.19638592004776,-0.24747514617995714,0.004906253790295523,-0.008369607175680915,3.8059675693511963,3.3396196365356445
18.593112468719482,9.606375694274902,-2.50616717338562,1.5784965827514739,0.506826774360846,0.6609999830834568,-0.009304918046838083,0.19248685240745544,-0.25075907519690077,0.004065640316788688,-0.0077002559565773065,4.601876258850098,3.2716615200042725
18.603127241134644,9.605276107788086,-2.5012693405151367,1.577571893208456,0.5021715292047157,0.665999982971698,-0.007420339254330769,0.18845780193805695,-0.2530288879793493,0.0032434534167204987,-0.006775566413559364,7.307652473449707,3.212555408477783
18.61329412460327,9.604070663452148,-2.496380090713501,1.5762961765862453,0.5039512966564942,0.6559999831952155,-0.005532871493048644,0.18874679505825043,-0.2593083892835832,0.002420716832800096,-0.005499849791348765,7.691908836364746,3.1588921546936035
18.62326955795288,9.602760314941406,-2.4914956092834473,1.5746709641844776,0.5063644836145784,0.6459999834187329,-0.003647349702457079,0.18855217099189758,-0.26603871265041523,0.0015979266329910757,-0.003874637389581048,3.3742105960845947,3.0627171993255615
18.633265018463135,9.601414680480957,-2.4866766929626465,1.5728631953325825,0.5011486818111635,0.6509999833069742,-0.0018058226620121336,0.18415269255638123,-0.2682184382252557,0.0007946203611286506,-0.0020668685376858953,-1.519544005393982,2.9306726455688477
18.64321279525757,9.600162506103516,-2.4820754528045654,1.5711721106715528,0.47760186876287064,0.6559999831952155,-0.00010175761145535654,0.1704065203666687,-0.2588594600291532,4.97709431730442e-05,-0.000375783876656266,3.283928871154785,2.628366470336914
18.653233528137207,9.599221229553223,-2.4776620864868164,1.5699329782655116,0.45134606905389557,0.6609999830834568,0.0011948546365463798,0.1296612173318863,-0.2166864412441566,-0.0005197659201368054,0.0008633485293849664,3.3581466674804688,2.5630733966827393
18.66329073905945,9.598628997802734,-2.473259687423706,1.5686723282888402,0.44464973557558957,0.665999982971698,0.0016838150218409457,0.04889603704214096,-0.11997039901964424,-0.0007338031245556209,0.0021239985060563793,3.1958961486816406,2.561706781387329
18.672892570495605,9.598326683044434,-2.4689314365386963,1.5674385398957478,0.4343269434083315,0.6709999828599393,0.0015286773798058328,-0.015513764694333076,-0.021958163740704167,-0.0006659827787274253,0.0033577868991487847,3.1375858783721924,2.675274610519409
18.683354139328003,9.598165512084961,-2.464686870574951,1.5665472918149557,0.4250086517774245,0.6759999827481806,0.0012865907113245552,-0.024208663031458855,0.017992043728677923,-0.0005597812567206262,0.004249034979940891,3.270632266998291,2.83107852935791
18.692888498306274,9.598111152648926,-2.4603850841522217,1.5657698308876389,0.43039993258938414,0.6809999826364219,0.0011396892767593346,-0.014690132811665535,0.021141719353359505,-0.00038090492877529414,0.005026495907257678,3.4053194522857666,2.997239589691162
18.703455448150635,9.598154067993164,-2.4559757709503174,1.5650401739525008,0.44111568237408116,0.6859999825246632,0.0011798114043750246,0.004012204706668854,0.0031456820001886897,-0.00011909569011692156,0.005756152842395724,3.5205345153808594,3.155468463897705
18.713165521621704,9.598280906677246,-2.45145583152771,1.5643825062046788,0.45229233936051005,0.6909999824129045,0.0013565832279196226,0.01767718233168125,-0.016269980727087453,0.00020503966204188373,0.006413820590217779,3.6208815574645996,3.30485463142395
18.723289966583252,9.598477363586426,-2.4468231201171875,1.5638045364577948,0.46376600320357103,0.6959999823011458,0.0016263334696499136,0.026975024491548538,-0.03179460115001266,0.000574883597868947,0.006991790337101734,3.710523843765259,3.4472224712371826
18.733160972595215,9.598735809326172,-2.442077159881592,1.5633123015986308,0.4753728704592621,0.7009999821893871,0.001957328822451441,0.03309952840209007,-0.04301548282155003,0.0009809959258610945,0.007484025196265787,3.8189525604248047,3.564462661743164
18.742976665496826,9.599041938781738,-2.437217950820923,1.5628646743590113,0.4869443994663618,0.7059999820776284,0.0023532487296097034,0.039591994136571884,-0.05351162159479907,0.0014214095631288615,0.007931652435885226,3.9298412799835205,3.6695785522460938
18.753615617752075,9.599383354187012,-2.432246446609497,1.5624037772707178,0.4983690330398901,0.7109999819658697,0.002829611608600437,0.04763629660010338,-0.0655978021861358,0.0019010894879549767,0.008392549524178783,4.0354156494140625,3.769949436187744
18.763270139694214,9.599753379821777,-2.427161931991577,1.5619294864469921,0.5098450585781944,0.715999981854111,0.0033695247944391725,0.05399131029844284,-0.07652618235623979,0.002413397070355927,0.008866840347904414,4.136247158050537,3.8660855293273926
18.773175477981567,9.600147247314453,-2.421964168548584,1.5614420080356313,0.5213124446248466,0.7209999817423522,0.003958545542768282,0.05890204757452011,-0.08569530070174182,0.0029535020157336334,0.00935431875926529,4.23292875289917,3.9585177898406982
18.783644199371338,9.600560188293457,-2.4166533946990967,1.5609420479883693,0.5327378124995727,0.7259999816305935,0.004584719628123789,0.06261743605136871,-0.09315904481583145,0.0035164240897689325,0.009854278806527228,4.926585674285889,3.824678421020508
18.79330086708069,9.600921630859375,-2.411207914352417,1.5603942413076979,0.5458253723505756,0.7309999815188348,0.005005656003454236,0.04209362342953682,-0.07410257683491264,0.004042200228797199,0.010402085487198676,4.247616767883301,3.933593273162842
18.803241968154907,9.601099014282227,-2.405582904815674,1.5598032183546924,0.5628489312325391,0.7359999814070761,0.00500255987586918,-0.00030962337041273713,-0.023099397234763383,0.004396880389693436,0.01099310844020418,4.250927925109863,3.9930899143218994
18.812886714935303,9.601285934448242,-2.3998727798461914,1.5593083245324038,0.5713651246643998,0.7409999812953174,0.004912866394894782,-0.008969300426542759,0.0022238619943094062,0.004732259321498233,0.011488002262492802,4.343531608581543,4.062928676605225
18.8234281539917,9.601476669311523,-2.394076347351074,1.5587997095032973,0.580015541927966,0.7459999811835587,0.004822767197770151,-0.009009983390569687,0.010810268489656029,0.0050755681726712965,0.011996617291599287,4.429598808288574,4.143361568450928
18.83389663696289,9.601672172546387,-2.3881642818450928,1.5582782280822396,0.5915986566208643,0.7509999810718,0.004729358636818656,-0.009340768679976463,0.014699136855093272,0.005427504079898782,0.012518098712656965,4.514487266540527,4.222386837005615
18.84319019317627,9.601873397827148,-2.3821375370025635,1.557747581726771,0.6030729863524829,0.7559999809600413,0.004629575419391086,-0.009978368878364563,0.017531715797039764,0.005787910258206352,0.013048745068125589,4.597510814666748,4.29955530166626
18.85317897796631,9.602080345153809,-2.3759994506835938,1.55720761684123,0.6142136148685498,0.7609999808482826,0.0045234872831213324,-0.010608779266476631,0.02007118887428499,0.0061568326812384555,0.013588709953666456,4.679294109344482,4.375516891479492
18.862852096557617,9.602293014526367,-2.369751453399658,1.5566583491002084,0.6252201550574201,0.7659999807365239,0.0044108768876630075,-0.011261102743446827,0.022577208336817853,0.006534266539530265,0.014137977694688166,4.758150100708008,4.448692321777344
18.873344659805298,9.602511405944824,-2.363396406173706,1.5560996221933605,0.6359241276761198,0.7709999806247652,0.004291741623385871,-0.011913491412997246,0.025105366400875646,0.0069202586076411166,0.01469670460153605,4.83145809173584,4.51663064956665
18.884968280792236,9.602962493896484,-2.350393533706665,1.55495686818694,0.6552018118921671,0.7764999805949628,0.004033524193954449,-0.013244672678411007,0.029552661922931028,0.007714132784503391,0.015839458607956658,4.9041972160339355,4.583919525146484
18.89311718940735,9.602962493896484,-2.350393533706665,1.55495686818694,0.6552018118921671,0.7809999804012477,0.004033524193954449,-0.013244672678411007,0.030874144978883637,0.007714132784503391,0.015839458607956658,4.956385612487793,4.632082462310791
18.90315866470337,9.603196144104004,-2.343764305114746,1.5543743715168536,0.6633972538033099,0.785999980289489,0.0038944065457076267,-0.013911782763898373,0.033158935116859904,0.008122509256253352,0.01642195527804291,5.0071916580200195,4.67883825302124
18.91315793991089,9.603434562683105,-2.337063789367676,1.5537856470137132,0.6705459180908591,0.7909999801777303,0.0037486620644852603,-0.014574507251381874,0.03575951078416773,0.008537520507761798,0.017010679781183313,5.050527095794678,4.720335483551025
18.92318892478943,9.603676795959473,-2.330300807952881,1.553193716184557,0.676775039783424,0.7959999800659716,0.0035947936222622172,-0.01538675557821989,0.03864335401150362,0.0089573064366828,0.01760261061033952,5.082183361053467,4.759832382202148
18.933830738067627,9.603924751281738,-2.3234829902648926,1.552610294645717,0.6823032753330853,0.8009999799542129,0.003423973083434846,-0.017082136124372482,0.04258548779538111,0.009380260196540036,0.018186032149179573,5.104099750518799,4.797667026519775
18.943145275115967,9.604177474975586,-2.316615581512451,1.5520510938577912,0.6872656488489166,0.8059999798424542,0.0032244582537166206,-0.019951488822698593,0.04813967108349078,0.009800715523985204,0.018745232937105394,5.1201019287109375,4.834039688110352
18.95314359664917,9.604434967041016,-2.3097028732299805,1.5515264687949364,0.6918052306533592,0.8109999797306955,0.0029888160861182957,-0.02356419339776039,0.05503005283072747,0.010215566676306409,0.01926985799996017,5.1331281661987305,4.86915922164917
18.96324896812439,9.60469913482666,-2.3027474880218506,1.5510410843054803,0.6960704018984273,0.8159999796189368,0.002713721836557491,-0.027509473264217377,0.06274888872374769,0.010625322087472355,0.01975524248941629,5.14444637298584,4.903137683868408
18.97313904762268,9.604968070983887,-2.2957515716552734,1.550597264870535,0.7001469568216916,0.8209999795071781,0.002398111435119276,-0.03156096115708351,0.07090475169926931,0.011027377506614755,0.02019906192436149,5.154324531555176,4.936015605926514
18.983819007873535,9.605242729187012,-2.2887165546417236,1.5501958316227213,0.704063284475138,0.8259999793954194,0.002041621875604618,-0.03564896434545517,0.07930835169751398,0.011422440625619146,0.020600495172175215,5.162806510925293,4.967819690704346
18.99312448501587,9.605522155761719,-2.281644105911255,1.5498377762611617,0.7078256332724122,0.8309999792836607,0.0016439863639681875,-0.03976359963417053,0.0878915034492644,0.011809260618422357,0.020958550533734854,5.16997766494751,4.998577117919922
19.00313663482666,9.605806350708008,-2.2745354175567627,1.5495240890837167,0.7114388794554085,0.8359999791719019,0.0012050013194522288,-0.043898507952690125,0.09662686982732871,0.012187540739260427,0.02127223771117981,5.1760334968566895,5.028329372406006
19.013176679611206,9.606095314025879,-2.26739239692688,1.54925543059391,0.7149118037249839,0.8259999793954194,0.0007246331386975402,-0.04803675785660744,0.10548810105140653,0.012557083137982872,0.02154089620098665,5.181197643280029,5.057133197784424
19.022881269454956,9.606389045715332,-2.2602157592773438,1.5490319648580795,0.7182558667220923,0.8159999796189368,0.00020313872436058988,-0.05214953050017357,0.11443632827292896,0.012917838833329753,0.021764361936817078,5.18560791015625,5.085031509399414
19.03354811668396,9.606687545776367,-2.253007173538208,1.5488541899858657,0.7214836000614445,0.8059999798424542,-0.0003590609601352028,-0.05621998757123947,0.1234406947286806,0.01326965862162055,0.0219421368090309,5.165499687194824,5.109748363494873
19.043099403381348,9.606989860534668,-2.245774507522583,1.5487446490480525,0.7239183027206385,0.7959999800659716,-0.0009785401164485964,-0.06194785237312317,0.13430310619156327,0.013604827711132472,0.022051677746844026,5.116685390472412,5.1301188468933105
19.053342580795288,9.607298851013184,-2.2385318279266357,1.5487454372916702,0.7249146238357264,0.785999980289489,-0.0016859606919937041,-0.07074205577373505,0.1490938910616686,0.013913581774055217,0.022050889503226312,5.043884754180908,5.146355152130127
19.062973022460938,9.607613563537598,-2.2312936782836914,1.5488931478324703,0.7245174345588644,0.7759999805130064,-0.0025078817265230162,-0.08219211548566818,0.16804031529214342,0.014183991837246168,0.021903178962426217,4.954556465148926,5.158896446228027
19.073166847229004,9.607934951782227,-2.2240705490112305,1.5492160653938731,0.7230383511970312,0.7659999807365239,-0.0034622358354884342,-0.09543541073799133,0.1903266641863136,0.014408527709559138,0.021580261401023426,4.835056781768799,5.145506381988525
19.083390474319458,9.608241081237793,-2.216886043548584,1.5497299161134637,0.7191049337317309,0.7559999809600413,-0.004647836110863496,-0.11855998635292053,0.22444750921198867,0.014560536995622542,0.02106641068143289,4.702728271484375,5.127727031707764
19.093120336532593,9.608525276184082,-2.209749698638916,1.5504408805732734,0.7142498141810986,0.7459999811835587,-0.006092550014410825,-0.1444714069366455,0.26555956883578424,0.014631488351261268,0.020355446221623108,4.5764994621276855,5.111098766326904
19.103113651275635,9.608806610107422,-2.2026546001434326,1.551352925680638,0.7101186004727347,0.7359999814070761,-0.007714458251996289,-0.16219082474708557,0.30045951386161523,0.01463926292379547,0.019443401114258574,4.4535651206970215,5.095535755157471
19.112915515899658,9.609086036682129,-2.1956076622009277,1.552457629882485,0.7053835062870241,0.7259999816305935,-0.009496017567832336,-0.17815597355365753,0.3319139560941865,0.014587337388693555,0.018338696912411523,4.322549343109131,5.080478191375732
19.123135089874268,9.60936450958252,-2.188615322113037,1.5537653184216267,0.6999992684506384,0.715999981854111,-0.011421523357267196,-0.19255052506923676,0.3608927388183579,0.014473565101416952,0.017031008373269874,4.165994167327881,5.068465709686279
19.13343334197998,9.609642028808594,-2.181684732437134,1.55529508214322,0.6939418993409702,0.7059999820776284,-0.013479392132867175,-0.20578688383102417,0.3880682572410822,0.014292215967726563,0.01550124465167646,4.043004989624023,5.060053825378418
19.14343023300171,9.609919548034668,-2.174821138381958,1.5570596271434403,0.6874176929033474,0.6959999823011458,-0.015654830649625643,-0.21754387021064758,0.4132504144125369,0.01404042832768404,0.013736699651456295,3.9114949703216553,5.058857440948486
19.15325355529785,9.610200881958008,-2.1680264472961426,1.5590593835358162,0.68076318044166,0.6859999825246632,-0.01791921502087412,-0.22643844783306122,0.4348512591148971,0.013721884094666237,0.011736943259080368,3.7812297344207764,5.06239652633667
19.16722798347473,9.610486030578613,-2.1613011360168457,1.5612958667755732,0.6741058600226784,0.6759999827481806,-0.020248182580190833,-0.23289676010608673,0.45277109160008344,0.0133361257096265,0.009500460019323365,3.6942343711853027,5.067624092102051
19.176419258117676,9.6107759475708,-2.1546452045440674,1.5637723534078514,0.6674648109798785,0.665999982971698,-0.022623173603506696,-0.2374991476535797,0.467534587538591,0.012883122260149094,0.00702397338704519,3.56584095954895,5.080716133117676
19.18871831893921,9.611345291137695,-2.1415534019470215,1.5693548684557572,0.6530094851772579,0.6539999828673899,-0.027442258686427516,-0.24070517718791962,0.48393832327056907,0.011777728489684947,0.0014414583391393343,3.4570248126983643,5.774757385253906
19.19636845588684,9.611345291137695,-2.1415534019470215,1.5693548684557572,0.6530094851772579,0.6459999824874103,-0.027442258686427516,-0.24070517718791962,0.48893628231813413,0.011777728489684947,0.0014414583391393343,3.7949912548065186,6.145626544952393
19.207035064697266,9.61162281036377,-2.135230541229248,1.5720427914377626,0.6329025980414457,0.6509999823756516,-0.026941640319694003,0.050061967223882675,0.18147383434711528,0.011248871067740751,-0.0012464646428660409,3.7807199954986572,5.16849946975708
19.217318534851074,9.611607551574707,-2.1289308071136475,1.5737195931904102,0.6307135433172235,0.6559999822638929,-0.025520541620447555,0.14210990071296692,-0.01302029104426844,0.010730572905089275,-0.0029232663955136577,3.9090163707733154,4.938791275024414
19.226804494857788,9.61148738861084,-2.1226882934570312,1.5747533029007146,0.624591728759123,0.6609999821521342,-0.02360974883118359,0.19107921421527863,-0.1292097704271994,0.010300298876941838,-0.003956976105818022,3.9675357341766357,5.004599571228027
19.23694920539856,9.61120891571045,-2.11662220954895,1.575557882279242,0.6073411848048723,0.6659999820403755,-0.022417406367291334,0.11923416703939438,-0.09293805724039013,0.009780454462937627,-0.0047615554843454255,4.82387113571167,4.956821441650391
19.246886491775513,9.610682487487793,-2.110703229904175,1.5765742900237052,0.5943076928553959,0.6709999819286168,-0.020514393782462736,0.19030126929283142,-0.1634894396250702,0.008949108163958996,-0.005777963228808636,8.061124801635742,4.863208293914795
19.25678849220276,9.609969139099121,-2.104851245880127,1.5771969146609846,0.5895164813495356,0.675999981816858,-0.018452625254009737,0.20617689192295074,-0.2084237255279556,0.008048975850080353,-0.006400587866087992,6.939894199371338,4.068170070648193
19.266979932785034,9.609087944030762,-2.0990142822265625,1.5772924721082515,0.5902998210377937,0.6809999817050993,-0.016395079182104397,0.2057545781135559,-0.2282172348226955,0.007139114143562608,-0.006496145313354962,1.6388895511627197,3.9802072048187256
19.276794910430908,9.608166694641113,-2.093262195587158,1.5772214418848376,0.5825555445435163,0.6709999819286168,-0.01430178725375295,0.20932921767234802,-0.24462256944173674,0.006239173376217266,-0.006425115089941036,0.4983826279640198,3.8478496074676514
19.2870192527771,9.607285499572754,-2.087714672088623,1.5772134559585278,0.5617068384524037,0.6609999821521342,-0.012289786467417976,0.20120008289813995,-0.24749899520625257,0.005360374036360582,-0.006417129163631241,3.8783230781555176,3.728496551513672
19.29683828353882,9.606423377990723,-2.0823423862457275,1.577134378370168,0.5440944502931117,0.6659999820403755,-0.010368965820595606,0.19208212196826935,-0.24495683381605277,0.0045219752483767195,-0.006338051575271342,6.886622428894043,3.6536405086517334
19.307278394699097,9.605474472045898,-2.0770201683044434,1.5767335789928003,0.5406522093592719,0.6709999819286168,-0.008469842846685475,0.18991222977638245,-0.24782961621249988,0.0036933068512023937,-0.005937252197903753,4.084208965301514,3.578622579574585
19.31862163543701,9.6044340133667,-2.0717294216156006,1.5760093952019936,0.539325419350964,0.6609999821521342,-0.006581163416688859,0.1888679563999176,-0.2532588657973258,0.002870099928099279,-0.005213068407097011,-0.27101317048072815,3.44758939743042
19.327502965927124,9.603413581848145,-2.066593885421753,1.5752377466533132,0.5237203359846938,0.6659999820403755,-0.004772812336880681,0.18083509802818298,-0.2518153890919389,0.0020811602712349497,-0.004441419858416618,1.9237029552459717,3.307072162628174
19.33757996559143,9.602456092834473,-2.0616674423217773,1.574500545249072,0.5019915760363728,0.6709999819286168,-0.0030843884291981995,0.1688424050807953,-0.24379474402870016,0.001344829839540651,-0.003704218454175345,5.048574924468994,3.2228097915649414
19.34687638282776,9.601472854614258,-2.0568583011627197,1.5735674327052418,0.49109892981449443,0.675999981816858,-0.001471491164779955,0.1612897366285324,-0.2380999662885634,0.0006415239051236199,-0.0027711059103452396,7.901087760925293,3.1613402366638184
19.35683584213257,9.600374221801758,-2.0520529747009277,1.5722482222288174,0.4933544113440286,0.6659999820403755,0.0001395480349299627,0.16110391914844513,-0.24057434071320472,-6.134667538759686e-05,-0.0014518954339208803,4.0188164710998535,3.0601446628570557
19.366811990737915,9.599221229553223,-2.0472633838653564,1.5706429867029046,0.49309267118578765,0.6709999819286168,0.0017259012961950502,0.15863531827926636,-0.24280286971253778,-0.0007327684193594308,0.0001533400919919714,1.2748847007751465,2.8514320850372314
19.376497268676758,9.598372459411621,-2.0425963401794434,1.5695471837045805,0.4746850481363352,0.675999981816858,0.002855999331617666,0.11300979554653168,-0.19856634886591093,-0.0012527977587399874,0.0012491430903160963,3.186429977416992,2.7816555500030518
19.38709568977356,9.597790718078613,-2.0382144451141357,1.568836146979209,0.4421521805511479,0.6809999817050993,0.00369871536410915,0.08427160978317261,-0.15743641933340996,-0.0016212283532599514,0.001960179815687635,3.256230115890503,2.6976888179779053
19.3970365524292,9.597508430480957,-2.03385591506958,1.5679774881106145,0.436982988576556,0.6859999815933406,0.0037556460973354362,0.00569309014827013,-0.062193795630030496,-0.0016459190336615137,0.0028188386842820106,3.251319169998169,2.8232007026672363
19.40736961364746,9.597393989562988,-2.029449224472046,1.5671468886453708,0.44102377732436554,0.6909999814815819,0.003458007192796625,-0.029763907194137573,0.005169225710165343,-0.001511181422385377,0.0036494381495257855,3.378652334213257,2.981667995452881
19.416776180267334,9.597376823425293,-2.024967908859253,1.566433798444611,0.44829096585662553,0.6959999813698232,0.003243603785357365,-0.021440327167510986,0.01795668179303289,-0.0013144222209238166,0.0043625283502854995,3.512747049331665,3.1364970207214355
19.426856756210327,9.597456932067871,-2.0203821659088135,1.5657493591605158,0.4587727182893522,0.7009999812580645,0.0031996023204693977,-0.004400148056447506,0.004823301784692889,-0.0010289840695936192,0.005046967634380728,3.6304092407226562,3.289973258972168
19.43645167350769,9.59761905670166,-2.0156877040863037,1.5651215267036591,0.4698394234662746,0.7059999811463058,0.003293420413936918,0.009381802752614021,-0.013019924158002405,-0.0006785124083332761,0.005674800091237442,3.7306113243103027,3.434847116470337
19.44680166244507,9.59784984588623,-2.0108823776245117,1.5645671281156421,0.48115717718718365,0.7109999810345471,0.003479126031052731,0.018570564687252045,-0.027713520991427702,-0.0002814065955227818,0.006229198679254422,3.8493919372558594,3.55216646194458
19.456820011138916,9.598134994506836,-2.005966901779175,1.5640388303472468,0.49243800157872664,0.7159999809227884,0.0037567856964685394,0.02776598371565342,-0.04169776184344279,0.00016222801253285013,0.006757496447649781,3.964071750640869,3.659351110458374
19.46688151359558,9.59846019744873,-2.0009419918060303,1.5634937065480623,0.5036389560381505,0.7209999808110297,0.0041288216634317735,0.037203580141067505,-0.055931302117228826,0.0006509640510312664,0.007302620246834257,4.072473526000977,3.7609755992889404
19.476937770843506,9.598819732666016,-1.9958062171936035,1.5629323219283775,0.5148972246905864,0.725999980699271,0.004574705079777501,0.044588349759578705,-0.06824235181750946,0.0011789098095320583,0.007864004866519059,4.175594329833984,3.857928514480591
19.487298250198364,9.59920597076416,-1.990559458732605,1.5623555697591551,0.5261758623000204,0.7309999805875123,0.005077772454090654,0.050306737422943115,-0.07834859300608656,0.0017381678063213002,0.00844075703574143,4.274101734161377,3.950798511505127
19.496625661849976,9.599615097045898,-1.9852014780044556,1.5617641717608606,0.5374307492969078,0.7359999804757535,0.005624269768744838,0.054649703204631805,-0.08643779728193583,0.002324706714178504,0.009032155034035982,4.36931848526001,4.040788173675537
19.506654024124146,9.600044250488281,-1.979731798171997,1.5611583349246727,0.5487272631255068,0.7409999803639948,0.00620356099891378,0.05792917311191559,-0.09286790187224782,0.0029356032854757075,0.00963799187022385,4.323899269104004,3.939711809158325
19.51760172843933,9.60031795501709,-1.9740924835205078,1.5604546830213792,0.5647034924307306,0.7459999802522361,0.006343942642942496,0.014038142748177052,-0.04812490337993129,0.0034203928477101186,0.010341643773517317,4.382570266723633,4.032073974609375
19.527173042297363,9.600529670715332,-1.9683157205581665,1.5597902983852256,0.5781538353844298,0.7509999801404774,0.0063132762760059165,-0.0030666713137179613,-0.015786218160031035,0.0038314125791618636,0.01100602840967091,4.451899528503418,4.117665767669678
19.536834001541138,9.600749969482422,-1.9624232053756714,1.5591706252674333,0.5897422538476644,0.7559999800287187,0.0062315486470248226,-0.00817275233566761,0.0003381010869158291,0.004237601376482658,0.011625701527463228,4.535830497741699,4.194897651672363
19.547067642211914,9.60097599029541,-1.956418514251709,1.5585455301530695,0.6009763652444148,0.76099997991696,0.006138263824751661,-0.009328469634056091,0.007491550479022492,0.00465113735743472,0.012250796641827042,4.620816707611084,4.274138927459717
19.55686116218567,9.60120964050293,-1.9503000974655151,1.5579071559640787,0.6123775323075971,0.7659999798052013,0.006039633759810094,-0.009863011538982391,0.011334547028894469,0.005076284688700028,0.012889170830817864,4.703640460968018,4.350271224975586
19.567413806915283,9.601448059082031,-1.9440706968307495,1.5572605427548145,0.6234697862776343,0.7709999796934426,0.00593272217324691,-0.01069119106978178,0.014526698864006038,0.0055086702956010924,0.013535784040082044,4.785033702850342,4.425027847290039
19.57698130607605,9.601693153381348,-1.9377330541610718,1.5566031987238298,0.6343323984237803,0.7759999795816839,0.0058183066067963455,-0.011441508308053017,0.017478133131367306,0.005950948847456061,0.014193128071066761,4.86255407333374,4.496149063110352
19.586684703826904,9.601944923400879,-1.931290626525879,1.5559351447877967,0.6448154231576828,0.7809999794699252,0.005696417932556237,-0.012188893742859364,0.020390892172574435,0.006403113896704227,0.014861182007099849,4.933827877044678,4.56143856048584
19.596606016159058,9.602202415466309,-1.924750804901123,1.5552570673958783,0.654575326818806,0.7859999793581665,0.00556692639608949,-0.0129491426050663,0.02334189858714166,0.006864005676131768,0.015539259399018233,4.997644901275635,4.619778156280518
19.606837034225464,9.602466583251953,-1.9181230068206787,1.5545701571902473,0.6633871326218227,0.7909999792464077,0.005429773108771021,-0.013715365901589394,0.026347923376760524,0.007334220527901891,0.016226169604649288,5.053791522979736,4.670971870422363
19.617780685424805,9.60273551940918,-1.9114176034927368,1.5538752659970065,0.6711777933365048,0.795999979134649,0.005284943805359277,-0.014482900500297546,0.0294069382815057,0.007811595408163896,0.01692106079789002,5.097698211669922,4.71099328994751
19.62675666809082,9.603004455566406,-1.9046450853347778,1.5531747719995035,0.6778645961831254,0.8009999790228903,0.005115384696719065,-0.016955871134996414,0.03434885519175168,0.008290648417723645,0.017621554795393072,5.136195659637451,4.757124423980713
19.636794090270996,9.603279113769531,-1.8978108167648315,1.5524813372692088,0.6840577880672918,0.8059999789111316,0.004928532189356884,-0.018685325980186462,0.039122122741322145,0.008773303454447046,0.018314989525687775,5.167904853820801,4.804934024810791
19.6469988822937,9.6035737991333,-1.8909294605255127,1.5518119155177434,0.6888447540502923,0.8109999787993729,0.004749109516709802,-0.017942218109965324,0.0412277722473189,0.009268780416048727,0.018984411277153113,5.180061340332031,4.832032203674316
19.656973838806152,9.603865623474121,-1.883998990058899,1.5511692826932473,0.6937441967050927,0.8159999786876142,0.004516423701259933,-0.02326861582696438,0.04902378080191731,0.009753358674556623,0.019627044101649282,5.191641807556152,4.866490364074707
19.66730785369873,9.604164123535156,-1.8770264387130737,1.5505651397593112,0.6979554459432229,0.8209999785758555,0.004243243127852594,-0.027318032458424568,0.057269345462186365,0.01023306562212234,0.020231187035585352,5.198877811431885,4.899465560913086
19.677281856536865,9.604469299316406,-1.8700153827667236,1.5500063155393147,0.7018222825669989,0.8259999784640968,0.003924822031197799,-0.03184207156300545,0.06623692915275466,0.010705853405109877,0.020790011255581883,5.20650053024292,4.931398391723633
19.686827659606934,9.604780197143555,-1.8629673719406128,1.5494937980978112,0.7055275194036216,0.8309999783523381,0.003561175137693083,-0.03636472672224045,0.07550602786763005,0.011170472411690113,0.021302528697085377,5.214995384216309,4.96240758895874
19.696882009506226,9.605096817016602,-1.8558831214904785,1.54902455878366,0.7091783478864024,0.8359999782405794,0.00315483395512427,-0.040634118020534515,0.08468178229581937,0.011627831430542912,0.021771768011236595,5.223250389099121,4.992453575134277
19.706787824630737,9.60541820526123,-1.8487632274627686,1.5485972508541657,0.71274916949772,0.8409999781288207,0.002707443531835007,-0.04473908990621567,0.09373511441072385,0.012077381072836957,0.022199075940730895,5.221652030944824,5.009896755218506
19.71683931350708,9.605731964111328,-1.8416032791137695,1.5482033579082206,0.7166994834661813,0.8309999783523381,0.0021935078050561246,-0.05139349773526192,0.10557218373321756,0.012509278171762617,0.022592968886675946,5.232995510101318,5.048888683319092
19.726701974868774,9.606058120727539,-1.8344147205352783,1.5478623473090136,0.7196110712032986,0.8209999785758555,0.001647698003415441,-0.05458096042275429,0.11465849291193231,0.012937711462869927,0.022933979485882938,5.2431159019470215,5.085366725921631
19.736804485321045,9.606400489807129,-1.8271985054016113,1.5475724886135662,0.7224531134570702,0.8109999787993729,0.0010875095323952043,-0.056018855422735214,0.12108926477831246,0.013367014993439952,0.02322383818133034,5.220273971557617,5.111973762512207
19.746593475341797,9.606755256652832,-1.8199610710144043,1.547357282467956,0.7246163733639769,0.8009999790228903,0.0004787641131462369,-0.0608745701611042,0.1303902828438553,0.013786326111180358,0.02343904432694055,5.160462379455566,5.121333599090576
19.757161617279053,9.60710620880127,-1.8127131462097168,1.547254839774803,0.7256499256455547,0.7909999792464077,-0.0002463623613302415,-0.07251264154911041,0.14789004227125546,0.014168002588872852,0.02354148702009362,5.084867477416992,5.134828567504883
19.767134189605713,9.607460021972656,-1.8054699897766113,1.5473020737577539,0.725177533355077,0.7809999794699252,-0.0010962521041783127,-0.08498895168304443,0.16894189969401224,0.014507649483892493,0.0234942530371427,4.998541355133057,5.145698547363281
19.777350425720215,9.607818603515625,-1.7982416152954102,1.5475212293264287,0.7237351402335909,0.7709999796934426,-0.0020786464199016893,-0.09823952615261078,0.1920839340437716,0.014800502332125376,0.023275097468467898,4.870779037475586,5.1222734451293945
19.786800861358643,9.608139991760254,-1.7910643815994263,1.5479249952762622,0.7184447143616457,0.76099997991696,-0.003381574550016958,-0.13029272854328156,0.23629560149149328,0.015000793034323223,0.02287133151863441,4.7402777671813965,5.100911617279053
19.79685616493225,9.60844898223877,-1.7839248180389404,1.5485207373208787,0.7146307281982874,0.7509999801404774,-0.0048898842186080125,-0.15083099901676178,0.27510369065345225,0.015131106435211095,0.022275589474017865,4.616070747375488,5.08055305480957
19.806942224502563,9.608752250671387,-1.7768292427062988,1.5493081528236967,0.7102374307094413,0.7409999803639948,-0.006579999342796101,-0.16901153326034546,0.3101344141196928,0.01519820677498629,0.021488173971199842,4.486987590789795,5.0580830574035645
19.818498611450195,9.609345436096191,-1.7627991437911987,1.5514672949381416,0.6992974113033944,0.7299999804235995,-0.010440503817311349,-0.200641468167305,0.3632004527682698,0.015143784582560826,0.01932903185675494,4.3335981369018555,5.036385536193848
19.826927423477173,9.609345436096191,-1.7627991437911987,1.5514672949381416,0.6992974113033944,0.7209999808110297,-0.010440503817311349,-0.200641468167305,0.37915315194845167,0.015143784582560826,0.01932903185675494,4.202882766723633,5.020445346832275
19.836804389953613,9.609638214111328,-1.7558804750442505,1.552877333662638,0.6927408227706345,0.7109999810345471,-0.012585758475236948,-0.2145254760980606,0.4034838592888401,0.015013624374867973,0.01791899313225853,4.0459160804748535,5.0019450187683105
19.846837997436523,9.6099271774292,-1.7490360736846924,1.5545247115279988,0.6854516946371314,0.7009999812580645,-0.014861812470054895,-0.2276054471731186,0.4296173736015861,0.014808446604032355,0.0162716152668978,3.8952622413635254,4.995456218719482
19.85664439201355,9.61021614074707,-1.7422702312469482,1.5564345786000275,0.6778053856360478,0.6909999814815819,-0.017244687826348675,-0.23828735947608948,0.45381625957803085,0.0145245170944861,0.014361748194869019,3.760202169418335,4.995989799499512
19.867436408996582,9.610506057739258,-1.7355817556381226,1.5585885990305821,0.6703574080707309,0.6809999817050993,-0.019701963049497055,-0.24572764337062836,0.47399872186685665,0.014168285104190659,0.012207727764314448,3.636482000350952,5.003819942474365
19.876612663269043,9.610804557800293,-1.7289656400680542,1.5609811123750341,0.6634186059993832,0.6709999819286168,-0.02218859575118079,-0.24866324663162231,0.48809948842751005,0.013749074847360987,0.00981521441986244,3.518723487854004,5.017250061035156
19.88701057434082,9.611109733581543,-1.722420573234558,1.5636080880926628,0.6566770173281438,0.6609999821521342,-0.024687219400727576,-0.24986232817173004,0.49836035691994107,0.013266186621168075,0.00718823870223373,3.4055516719818115,5.0361785888671875
19.896914958953857,9.611417770385742,-1.7159456014633179,1.5664566658084234,0.6500432566616177,0.6509999823756516,-0.027177996666317844,-0.24907779693603516,0.5051479151757584,0.01271966459532159,0.004339660986473204,3.328564405441284,5.702734470367432
19.90688133239746,9.611693382263184,-1.7095634937286377,1.56940056460863,0.640672115270083,0.640999982599169,-0.029358222300142102,-0.21802249550819397,0.4781264649395801,0.012112110783105479,0.0013957621862665803,3.592578172683716,5.440919876098633
19.917014122009277,9.612010955810547,-1.7033995389938354,1.5720999467285341,0.6172384000414479,0.6459999824874103,-0.02818950020834712,0.1168721467256546,0.112905839872736,0.011619869941226213,-0.0013036199336375898,3.7419016361236572,5.098124980926514
19.926770210266113,9.611950874328613,-1.6972155570983887,1.5737406239921312,0.6191520486316971,0.6509999823756516,-0.02677256142762426,0.1416938751935959,-0.028344681675968847,0.011067586445632216,-0.0029442971972346577,3.80884051322937,4.815620422363281
19.936640977859497,9.611796379089355,-1.6910959482192993,1.5747903573326203,0.6123494822491192,0.6559999822638929,-0.024719269371493727,0.20532923936843872,-0.1444066768564862,0.010598173113731235,-0.003994030537723736,6.9784674644470215,4.891922473907471
19.946590185165405,9.611517906188965,-1.6851052045822144,1.57551749435796,0.599771922555814,0.6609999821521342,-0.023090310566718997,0.1628958135843277,-0.14013922502901602,0.010101561181645735,-0.0047211675630634,10.204748153686523,4.879669666290283
19.95650053024292,9.610976219177246,-1.679231882095337,1.5761299113310887,0.5898359633037263,0.6659999820403755,-0.02143478182151179,0.1655529886484146,-0.14738054337244294,0.009376151402635813,-0.0053335845361921486,3.804731845855713,4.784344673156738
19.967835664749146,9.610222816467285,-1.673452377319336,1.5766636800704195,0.5828459891735737,0.6709999819286168,-0.01934771750816583,0.2087063491344452,-0.2019763877126544,0.00846262058403724,-0.005867353275522902,-2.1034209728240967,3.945477247238159
19.976773738861084,9.609444618225098,-1.6678448915481567,1.5770443443276003,0.5661258929910509,0.675999981816858,-0.017312199285643107,0.20355184376239777,-0.21976204350114856,0.007570225160682398,-0.0062480175327037655,-0.4535411596298218,3.813910484313965
19.9870285987854,9.608684539794922,-1.6624085903167725,1.577333803038656,0.5489545866781631,0.6809999817050993,-0.015373487571420416,0.19387124478816986,-0.22138488964137326,0.006723310891892709,-0.006537476243759332,4.894887447357178,3.7050094604492188
19.997267961502075,9.607909202575684,-1.657128095626831,1.5775125175401592,0.5337262933854432,0.6859999815933406,-0.013478488158355407,0.18949982523918152,-0.22353726844719543,0.005894360499505424,-0.00671619074526264,8.57637882232666,3.627999782562256
20.0097758769989,9.60702896118164,-1.6518861055374146,1.577337572098428,0.531537886449209,0.675999981816858,-0.011585459130070924,0.1893029659986496,-0.23002359134974237,0.005066601584855945,-0.0065412453035313955,3.8526523113250732,3.5402209758758545
20.019817113876343,9.606070518493652,-1.6466935873031616,1.5768818553185047,0.5280596852051732,0.6809999817050993,-0.009705136759562086,0.18803218007087708,-0.2364494597518504,0.004244871205019152,-0.006085528523608108,-1.6689149141311646,3.407007932662964
20.029735565185547,9.605155944824219,-1.641684651374817,1.57643795265347,0.5092179595697855,0.6859999815933406,-0.007917038945071843,0.17880979180335999,-0.23419856877620937,0.0034634660446997145,-0.005641625858573418,1.6102333068847656,3.266833782196045
20.04010844230652,9.604293823242188,-1.6368792057037354,1.5760095650302524,0.4882630875952258,0.6909999814815819,-0.006236622322746269,0.1680416762828827,-0.2273931956933839,0.0027298588558029024,-0.005213238235355799,4.890270709991455,3.178272247314453
20.049622058868408,9.603405952453613,-1.632194995880127,1.5753956108892313,0.4768530427169006,0.6959999813698232,-0.004625957142871547,0.16106650233268738,-0.22287288675854178,0.0020261720898364644,-0.0045992840943347435,7.215588569641113,3.1128475666046143
20.059675693511963,9.602405548095703,-1.6275228261947632,1.5744037459353357,0.4780520364379231,0.6859999815933406,-0.0030165116192619025,0.16094453632831573,-0.22598557750185239,0.0013233247008219706,-0.003607419140439161,3.8189501762390137,3.032371759414673
20.069874048233032,9.601323127746582,-1.6228843927383423,1.5731167372287318,0.47674436461637415,0.675999981816858,-0.0014214199556787746,0.15950918197631836,-0.22975904728865065,0.0006270052411210258,-0.0023204104338352405,-1.150920033454895,2.8998422622680664
20.07941961288452,9.600285530090332,-1.6184253692626953,1.5718479852417009,0.45825635148293875,0.6809999817050993,8.18934674174604e-05,0.15033134818077087,-0.22531877340791315,-2.996738555260947e-05,-0.0010516584468043266,3.351271152496338,2.71470308303833
20.089764833450317,9.599337577819824,-1.6141729354858398,1.5706672249150002,0.43592668866394546,0.6859999815933406,0.0014615245892842957,0.13796311616897583,-0.21472437270670636,-0.000623691616313593,0.00012910187989634278,3.2175216674804688,2.494995594024658
20.100224256515503,9.598739624023438,-1.6098958253860474,1.569514392319663,0.4322880718290119,0.6909999814815819,0.0020007682554876284,0.05392436683177948,-0.12430655693392285,-0.0008757957393257243,0.0012819344752335038,3.1373517513275146,2.4944980144500732
20.109787702560425,9.598423957824707,-1.60567045211792,1.5683392184445162,0.42413172440762115,0.6959999813698232,0.0019163509746461377,-0.008441731333732605,-0.03060531406764025,-0.0008389104119039814,0.002457108350380377,3.105123996734619,2.6225922107696533
20.119752407073975,9.598262786865234,-1.6014906167984009,1.5674228111179116,0.41854214780517507,0.7009999812580645,0.001657110733044434,-0.025924036279320717,0.017352488203195078,-0.0007251603513012128,0.0033735156769849617,3.2429184913635254,2.780384063720703
20.12975311279297,9.59820556640625,-1.5972391366958618,1.5666061462895582,0.4253946816711202,0.7059999811463058,0.0014930099042924662,-0.01641007512807846,0.022995243225136186,-0.0005373831206227919,0.004190180505338369,3.379608631134033,2.9467976093292236
20.139747858047485,9.598247528076172,-1.5928795337677002,1.5658339733351023,0.43615115325806414,0.7109999810345471,0.001518288121313503,0.0025278234388679266,0.005584919387158445,-0.00026377199576721466,0.004962353459794233,3.4973840713500977,3.105656147003174
20.150130033493042,9.598374366760254,-1.5884090662002563,1.565129647697638,0.44737247299969546,0.7159999809227884,0.0016834770758188808,0.016518892720341682,-0.013915950747216695,7.43613912383978e-05,0.005666679097258598,3.599386692047119,3.255251407623291
20.159826517105103,9.598572731018066,-1.5838253498077393,1.5645028973114148,0.4589019628351809,0.7209999808110297,0.0019436881623049122,0.02602110616862774,-0.029600618252491166,0.0004607473998632372,0.006293429483481772,3.691286325454712,3.397789716720581
20.169753789901733,9.598833084106445,-1.579127550125122,1.5639584139047036,0.47058516512907833,0.725999980699271,0.002266789508733412,0.03231015056371689,-0.04096328814390791,0.0008844419875089216,0.0068379128901929764,3.797119140625,3.5179224014282227
20.179601907730103,9.599143981933594,-1.5743157863616943,1.5634669803994439,0.4822432177570905,0.7309999805875123,0.0026490866025717084,0.038229696452617645,-0.05081102674239933,0.001342766165908671,0.007329346395452685,3.90895676612854,3.6230809688568115
20.18996286392212,9.59949016571045,-1.5693913698196411,1.5629614592765695,0.4937169771327938,0.7359999804757535,0.003111677024473328,0.04625904932618141,-0.06259643990089472,0.0018406019187953149,0.007834867518327073,4.015377998352051,3.723437786102295
20.20028066635132,9.599865913391113,-1.5643538236618042,1.5624410601391252,0.5052271337737962,0.7409999803639948,0.003637896877760801,0.052621979266405106,-0.07335006812333197,0.0023724642236881976,0.008355266655771354,4.117072582244873,3.8196065425872803
20.20946478843689,9.600266456604004,-1.5592026710510254,1.561906327413532,0.5167353092639823,0.7459999802522361,0.0042131732774590164,0.057527657598257065,-0.08236636770807057,0.0029334212887910383,0.008889999381364477,4.214601993560791,3.9120869636535645
20.219833850860596,9.600687026977539,-1.5539379119873047,1.5613576352147531,0.5282135394021967,0.7509999801404774,0.00482561417825382,0.061244070529937744,-0.08968788643443863,0.0035185924076373,0.009438691580143432,4.1602606773376465,3.8062775135040283
20.22981023788452,9.600896835327148,-1.5484826564788818,1.5606949861853543,0.5460269773187856,0.7559999800287187,0.004861682458508465,0.003606847021728754,-0.030597337325555585,0.003927185974708536,0.010101340609542264,4.22130012512207,3.8999836444854736
20.239733934402466,9.601089477539062,-1.5429019927978516,1.5600939930293507,0.5584769402696631,0.76099997991696,0.0048304957413642605,-0.003118682187050581,-0.004930152920689549,0.004300116376839469,0.010702333765545857,4.294338703155518,3.9862565994262695
20.249974250793457,9.601290702819824,-1.537203311920166,1.559533827988788,0.5702868557401869,0.7659999798052013,0.004752334239077712,-0.007816131226718426,0.008677283315648588,0.004669381033158615,0.011262498806108523,4.381499290466309,4.067234992980957
20.259703159332275,9.601497650146484,-1.5313876867294312,1.558965686046879,0.5820076177482878,0.7709999796934426,0.004665621214395735,-0.008671307004988194,0.014667742054942716,0.0050467595782439645,0.01183064074801754,4.467000484466553,4.146275997161865
20.26982021331787,9.601709365844727,-1.5254573822021484,1.5583877364623573,0.59347461498622,0.7759999795816839,0.004572194680715495,-0.009342662058770657,0.018211488465379167,0.005431847415758639,0.01240859033253927,4.5510945320129395,4.22389554977417
20.27975869178772,9.6019287109375,-1.5194147825241089,1.5577991586292474,0.6047358235196253,0.7809999794699252,0.004472414452037302,-0.00997803546488285,0.021017689356905067,0.005827751609894349,0.01299716816564911,4.633747100830078,4.300130367279053
20.289539575576782,9.602152824401855,-1.5132615566253662,1.5572001360985857,0.6158036296637857,0.7859999793581665,0.0043658226286485925,-0.010659157298505306,0.023682917861554353,0.006231555944767209,0.013596190696310906,4.7154765129089355,4.3746562004089355
20.30005407333374,9.602378845214844,-1.507001519203186,1.5565913760423742,0.6264693138048337,0.7909999792464077,0.004240489590670579,-0.0125333396717906,0.027621103445168625,0.006640187127853636,0.014204950752522372,4.795247554779053,4.448984622955322
20.309879302978516,9.602616310119629,-1.5006325244903564,1.555972187661085,0.6374244782134798,0.795999979134649,0.00412064606171365,-0.011984314769506454,0.029400493792772084,0.007063388977552876,0.014824139133811531,4.874588966369629,4.521978378295898
20.319507598876953,9.602859497070312,-1.4941574335098267,1.5553426050031682,0.6480355321888639,0.8009999790228903,0.003993458441947034,-0.012718800455331802,0.031915110293489916,0.007495429079060756,0.015453721791728325,4.952899932861328,4.593960762023926
20.329757690429688,9.603108406066895,-1.4875779151916504,1.5547031538041263,0.6585047324052122,0.8059999789111316,0.0038586974789528447,-0.013476060703396797,0.03470896731299727,0.007936149568106288,0.016093172990770285,5.027890205383301,4.662805080413818
20.339664459228516,9.603363990783691,-1.480897068977356,1.5540538488602231,0.6686447666418602,0.8109999787993729,0.0037161769344203972,-0.014252027496695518,0.03764314474927031,0.008386499512708312,0.016742477934673428,5.0969929695129395,4.72613000869751
20.349974870681763,9.603625297546387,-1.4741218090057373,1.5533953782813716,0.6781137393728154,0.8159999786876142,0.003565795106214614,-0.015038298442959785,0.0406670155204887,0.008845318660155144,0.017400948513524916,5.158907890319824,4.782731056213379
20.3599271774292,9.60389232635498,-1.4672610759735107,1.5527289286922104,0.6866719562296051,0.8209999785758555,0.0034075207663710025,-0.01582733727991581,0.0437575099280917,0.00931225090277188,0.018067398102686205,5.213395595550537,4.832387447357178
20.36947274208069,9.604165077209473,-1.460324764251709,1.5520550135500109,0.6942397477886957,0.8259999784640968,0.0032413778879278455,-0.016614368185400963,0.04690281486371792,0.00978714205675324,0.018741313244885704,5.260847568511963,4.87546443939209
20.379706621170044,9.604442596435547,-1.4533226490020752,1.5513749877291718,0.7008421355461217,0.8309999783523381,0.003067409330493815,-0.01739680767059326,0.050094559654283354,0.010268631886971136,0.01942133906572474,5.283713340759277,4.9057207107543945
20.389575004577637,9.604718208312988,-1.4462592601776123,1.5506966223737604,0.7069581968617149,0.8359999782405794,0.00286282233983034,-0.02045871503651142,0.055776147199442086,0.010747713635392842,0.020099704421136178,5.3164520263671875,4.954421520233154
20.401195287704468,9.605001449584961,-1.4391471147537231,1.5500476442198696,0.711850802950579,0.841499978210777,0.0026266859029582964,-0.02361362613737583,0.06237188068288814,0.011225607743568844,0.020748682575026933,5.338617324829102,4.993972301483154
20.410274267196655,9.605302810668945,-1.431993007659912,1.5494327057529445,0.7161113093147057,0.845999978017062,0.0023849827426060998,-0.02417031303048134,0.0665173222638155,0.011711409470226641,0.021363621041952104,5.349613666534424,5.024999141693115
20.419723987579346,9.605609893798828,-1.4247958660125732,1.5488532402195274,0.7204159870676845,0.8509999779053032,0.0021038475040355397,-0.02811349742114544,0.07356243816687102,0.012192291505392916,0.021943086575369145,5.359958171844482,5.057289123535156
20.429587602615356,9.605916023254395,-1.417557716369629,1.548310703205186,0.7245114066542001,0.8559999777935445,0.0017685050123755818,-0.033534321933984756,0.08314320712501663,0.012661141905439877,0.022485623589710624,5.369207382202148,5.088491439819336
20.439825296401978,9.606228828430176,-1.4102826118469238,1.5478101175146342,0.7282285375525207,0.845999978017062,0.0013914367615254892,-0.037706781178712845,0.09225707975500544,0.01312408397393483,0.022986209280262404,5.377473831176758,5.118653297424316
20.450054168701172,9.606547355651855,-1.402971625328064,1.5473511364389516,0.7318254816019465,0.8359999782405794,0.0009732578171802296,-0.041817888617515564,0.10124634763416551,0.01358026841231208,0.023445190355944945,5.383259296417236,5.147968769073486
20.459434747695923,9.606870651245117,-1.3956260681152344,1.5469349113108912,0.7352924249837413,0.8259999784640968,0.0005134554730588423,-0.045980244874954224,0.11033151623086809,0.014028396614351735,0.023861415484005333,5.36539888381958,5.173701763153076
20.4699068069458,9.607200622558594,-1.3882542848587036,1.5465844591579119,0.737940712931732,0.8159999786876142,-4.433457306407506e-06,-0.05178888142108917,0.12128241756068048,0.014463473203054633,0.02421186763698469,5.311244964599609,5.192936420440674
20.479820728302002,9.607535362243652,-1.3808720111846924,1.5463487923493286,0.7389970428114878,0.8059999789111316,-0.0006219560535414015,-0.06175229325890541,0.1373340335977823,0.01486889200666397,0.02444753444556791,5.2124481201171875,5.189666748046875
20.489407062530518,9.607852935791016,-1.3735069036483765,1.5462726357061256,0.7372049766192048,0.795999979134649,-0.0014598556070834943,-0.08378996700048447,0.1680516157173999,0.015209305698421716,0.02452369108877095,5.090818881988525,5.17009162902832
20.499884366989136,9.608139038085938,-1.3661768436431885,1.5463764874077,0.7335823140210828,0.7859999793581665,-0.0025856205996834325,-0.1125764548778534,0.2108628256344255,0.015464261811429125,0.02441983938719661,4.97056245803833,5.152260780334473
20.509754419326782,9.608414649963379,-1.358877420425415,1.5466663315105627,0.7304706040515679,0.7759999795816839,-0.003911093467748705,-0.1325473189353943,0.24840914874908415,0.0156529460765924,0.024129995284333905,4.8478569984436035,5.135761260986328
20.52002215385437,9.608684539794922,-1.3516154289245605,1.547145965795598,0.7266973889230001,0.7659999798052013,-0.00542076454111235,-0.1509670913219452,0.28307567509899845,0.015778986684065188,0.023650360999298625,4.714400768280029,5.111575603485107
20.52972650527954,9.608949661254883,-1.3444008827209473,1.5478153692698349,0.721959583541948,0.7559999800287187,-0.007112478908161093,-0.16917146742343903,0.3169776916664731,0.015843341688196233,0.022980957525061685,4.571532726287842,5.08843994140625
20.539681911468506,9.609210968017578,-1.3372434377670288,1.5486967278956287,0.7162760851019648,0.7459999802522361,-0.008979526543626042,-0.18670466542243958,0.3502313220814937,0.01584030803687142,0.022099598899267825,4.4243364334106445,5.06845760345459
20.551579236984253,9.609469413757324,-1.3301506042480469,1.5498041356158379,0.7098748974170103,0.7359999804757535,-0.011005433161894245,-0.2025907188653946,0.38178608014248505,0.0157666085875956,0.020992191179058706,4.277029514312744,5.052519798278809
20.561382293701172,9.60972785949707,-1.3231278657913208,1.551146122588785,0.7029724069142612,0.725999980699271,-0.013168994457991336,-0.21635614335536957,0.41076329638054654,0.015622541389044287,0.01965020420611152,4.131758213043213,5.041439533233643
20.571442127227783,9.60998821258545,-1.3161789178848267,1.552727972651216,0.6957544874705482,0.7159999809227884,-0.015446274909380373,-0.227728009223938,0.4365411008393728,0.015408423898724877,0.018068354143680576,3.98982572555542,5.0355119705200195
20.58144474029541,9.610249519348145,-1.3093067407608032,1.554551399511888,0.6882776313411605,0.7059999811463058,-0.01781851755923415,-0.23722432553768158,0.45942095053658877,0.01512278318595861,0.016244927283008522,3.8514668941497803,5.035897731781006
20.591449975967407,9.610519409179688,-1.3025099039077759,1.556625032125889,0.6809691925493262,0.6959999813698232,-0.020246233887895607,-0.24277165532112122,0.4772018642741611,0.014770655283886214,0.014171294669007573,3.7208917140960693,5.0413432121276855
20.60201072692871,9.610790252685547,-1.2957910299301147,1.5589426080214894,0.6735180255069245,0.6859999815933406,-0.02272534421311458,-0.24791090190410614,0.4929298287192976,0.014346285039469109,0.01185371877340713,3.621321439743042,5.053201198577881
20.610969305038452,9.611071586608887,-1.2891451120376587,1.5615100840157174,0.6665661070529085,0.675999981816858,-0.025217199537318963,-0.24918562173843384,0.5037809502298204,0.013857419403178639,0.00928624277917911,3.471835136413574,5.075706481933594
20.62131094932556,9.611359596252441,-1.28257155418396,1.5643302744467684,0.6597509261591922,0.6659999820403755,-0.027715400279619645,-0.24982008337974548,0.5122703715077889,0.013299398439679422,0.006466052348128137,3.3840057849884033,5.7572174072265625
20.631198167800903,9.611620903015137,-1.276082158088684,1.5672541176243835,0.6514815704456627,0.6559999822638929,-0.030174668784313022,-0.2459268569946289,0.5150677503291844,0.012683563544044318,0.0035422091705130665,3.803229808807373,6.173240661621094
20.641403675079346,9.612044334411621,-1.2698194980621338,1.5703264005314188,0.6286503325259388,0.6609999821521342,-0.029579989267149068,0.05946800857782364,0.19111593563258855,0.012185312285476257,0.000469926263477749,3.7246758937835693,5.342925548553467
20.651492834091187,9.61213207244873,-1.263646125793457,1.5726366191975372,0.6174340403214791,0.6659999820403755,-0.028340316017127314,0.12396720796823502,0.020625450877174156,0.011579985039562146,-0.0018402924026406087,3.7516226768493652,5.015956878662109
20.661417484283447,9.61197566986084,-1.2574926614761353,1.5740881372536972,0.6160258370128036,0.6709999819286168,-0.026663710427117866,0.1676606982946396,-0.08264371927175837,0.010988128506705053,-0.0032918104588006707,6.142935752868652,4.8121843338012695
20.671648502349854,9.611700057983398,-1.2514209747314453,1.5752280166955344,0.6079743401299936,0.675999981816858,-0.024142847626447504,0.252086341381073,-0.2106697957087124,0.010370555365094347,-0.004431689900637803,10.313915252685547,4.879642486572266
20.681734323501587,9.61127758026123,-1.24546217918396,1.5758865775899635,0.5973822779555692,0.6809999817050993,-0.022284181957101207,0.18586641550064087,-0.185756817031011,0.009750511617287572,-0.005090250795066975,3.8998937606811523,4.846573829650879
20.691566467285156,9.610630989074707,-1.239630103111267,1.576491541201934,0.5867830616280278,0.6859999815933406,-0.020393887050849175,0.18902942538261414,-0.18810209181087328,0.008922433988928447,-0.005695214407037463,-2.220078945159912,4.68369722366333
20.70187473297119,9.609904289245605,-1.233994722366333,1.5771976927182356,0.568218580965391,0.6909999814815819,-0.01824843939883248,0.2145448923110962,-0.22298787264979453,0.007983892584171315,-0.006401365923339064,0.4593970477581024,3.852888584136963
20.711276292800903,9.609163284301758,-1.2285408973693848,1.5777175486136212,0.5504151658594459,0.6809999817050993,-0.01622923029263563,0.20192091166973114,-0.2270831541772984,0.007086934333573325,-0.006921221818724677,4.847005844116211,3.7507736682891846
20.72136640548706,9.608409881591797,-1.2232239246368408,1.5780268411569005,0.5370411071612958,0.6859999815933406,-0.01428978239350472,0.1939448118209839,-0.2264265592124114,0.006240746183832968,-0.007230514362003948,8.621301651000977,3.6720798015594482
20.731192350387573,9.607550621032715,-1.2179539203643799,1.5780131157508874,0.5339596127689455,0.675999981816858,-0.012332609435535852,0.1957172453403473,-0.23445441804522005,0.005385603139124839,-0.0072167889559908716,3.770443916320801,3.583364486694336
20.740966320037842,9.606612205505371,-1.212736964225769,1.5777243458198702,0.5300765168003131,0.6659999820403755,-0.01038370875581322,0.1948900818824768,-0.24214616344568957,0.004533816424201476,-0.006928019024973642,-1.8490785360336304,3.4494051933288574
20.751530647277832,9.605716705322266,-1.2077020406723022,1.5774381540967655,0.5114145725453952,0.6709999819286168,-0.008528096192769095,0.18556125462055206,-0.24048930998893214,0.00372417178150819,-0.006641827301868908,1.3591537475585938,3.308946371078491
20.761399507522583,9.604869842529297,-1.2028695344924927,1.5771604099051129,0.4906202711452305,0.675999981816858,-0.006780553361957368,0.1747542917728424,-0.2341436070412639,0.0029606304839688846,-0.0063640831102163,4.94814395904541,3.216276168823242
20.771193742752075,9.60400104522705,-1.198163390159607,1.5767006866220203,0.478627454941389,0.6809999817050993,-0.00510577825250184,0.16747748851776123,-0.22975847524578247,0.0022297475706274383,-0.005904359827123783,8.151582717895508,3.147616386413574
20.78183627128601,9.603019714355469,-1.1934734582901,1.575862180466955,0.4793200117674147,0.6859999815933406,-0.003433363191502791,0.16724152863025665,-0.2331038392717228,0.0014999647540605565,-0.0050658536720584735,3.7691650390625,3.0679779052734375
20.791271448135376,9.60195541381836,-1.1888173818588257,1.5747252377889611,0.47794555788446874,0.675999981816858,-0.0017757772738621808,0.16575857996940613,-0.23720579246135418,0.0007767435525387612,-0.003928910994064561,-1.323010802268982,2.9341602325439453
20.801528215408325,9.600936889648438,-1.1843411922454834,1.5736051517756393,0.45939639961588974,0.6809999817050993,-0.00021183973855262765,0.15639376640319824,-0.23296794769845325,9.424326222529089e-05,-0.0028088249807427523,2.292799949645996,2.79288649559021
20.81117033958435,9.599981307983398,-1.1800769567489624,1.5725316273443497,0.4373367763500436,0.6859999815933406,0.0012393307284936433,0.14511704444885254,-0.2238990033051815,-0.0005392819201652799,-0.0017353005494531448,4.540205955505371,2.7178313732147217
20.821309328079224,9.598995208740234,-1.1759188175201416,1.5712610058706173,0.42782820942729194,0.6909999814815819,0.0026248699953408685,0.1385539323091507,-0.21798638183323593,-0.0011441949774653182,-0.00046467907572078637,3.3511784076690674,2.4283628463745117
20.831394910812378,9.59814739227295,-1.171668291091919,1.5697188537047355,0.4335315498741767,0.6959999813698232,0.00379085682792477,0.11659867316484451,-0.1957981773316331,-0.0015293658625470385,0.0010774730901610408,3.211432933807373,2.415740489959717
20.84118413925171,9.597600936889648,-1.167382001876831,1.5682206654080386,0.4327798438151195,0.7009999812580645,0.0037294772391466276,-0.006137952208518982,-0.059172902292072754,-0.0016263655486437045,0.002575661386857941,3.2622649669647217,2.4608778953552246
20.851555347442627,9.59726619720459,-1.1631314754486084,1.566814235190769,0.42696322407796455,0.7059999811463058,0.0035544273622946064,-0.017504999414086342,-0.004691618597063449,-0.0015391784713809642,0.003982091604127547,3.396909236907959,2.6358931064605713
20.861144065856934,9.597066879272461,-1.1588006019592285,1.565482742097528,0.4340607357431431,0.7109999810345471,0.0034379522790771192,-0.01164750475436449,0.006983929073274225,-0.0013390528195529328,0.005313584697368646,3.5406391620635986,2.795855760574341
20.871215343475342,9.596979141235352,-1.1543675661087036,1.5641693326822794,0.4438926690463016,0.7159999809227884,0.0035039502045277164,0.0065997811034321785,-0.00759362613232408,-0.0010327750827325843,0.006626994112617135,3.660740613937378,2.9608757495880127
20.881880521774292,9.596986770629883,-1.1498275995254517,1.5629270652147895,0.45442299641013206,0.7209999808110297,0.0037210691601434888,0.021711908280849457,-0.02714707490866318,-0.0006524752613206175,0.007869261580107034,3.7650065422058105,3.116879463195801
20.89191508293152,9.597076416015625,-1.1451786756515503,1.5617679218180738,0.4653449172229523,0.725999980699271,0.004044733744649039,0.03236646205186844,-0.043809363714238506,-0.00021509928738794315,0.009028404976822781,3.8563385009765625,3.264413595199585
20.90104103088379,9.597236633300781,-1.1404194831848145,1.5606990209472984,0.47649167267623455,0.7309999805875123,0.004437359946204615,0.039262618869543076,-0.05587087885560411,0.00026577358148749397,0.010097305847598161,3.9414665699005127,3.4045207500457764
20.91090703010559,9.597457885742188,-1.1355477571487427,1.559717432986891,0.4879244323145113,0.7359999804757535,0.00487447742934815,0.043711740523576736,-0.06413576922283352,0.0007814858927890356,0.01107889380800553,4.016502380371094,3.538699150085449
20.92149305343628,9.597732543945312,-1.1305639743804932,1.558831974359856,0.4993360248898627,0.7409999803639948,0.005329977967634437,0.04555004835128784,-0.06861844012656715,0.0013217640441407497,0.01196435243504057,4.089515209197998,3.6677136421203613
20.93219304084778,9.598055839538574,-1.1254669427871704,1.558036055070717,0.5108677870666477,0.7459999802522361,0.005793640252911175,0.04636624455451965,-0.07096166609096798,0.0018838171724091524,0.012760271724179484,4.159280300140381,3.792128324508667
20.94147562980652,9.598421096801758,-1.120256781578064,1.5573286370666126,0.5224224702155935,0.7509999801404774,0.006254806200903919,0.04611661285161972,-0.0715891041693912,0.002461281583769903,0.013467689728283938,4.234082221984863,3.906914234161377
20.95094656944275,9.598825454711914,-1.1149336099624634,1.5567006649287871,0.533934252771416,0.7559999800287187,0.006709250577995789,0.045444417744874954,-0.07128533223524615,0.003054013241417408,0.014095661866109443,4.3322978019714355,3.999188184738159
20.961546897888184,9.599254608154297,-1.1094999313354492,1.5560768538362928,0.5451491667964776,0.76099997991696,0.007194280142679583,0.048502955585718155,-0.07468916278892267,0.0036702905854326673,0.014719472958603765,4.426702976226807,4.088074684143066
20.971302270889282,9.599703788757324,-1.1039564609527588,1.5554383420018087,0.5562496975693074,0.7659999798052013,0.007711094272631298,0.05168139562010765,-0.07939053772729385,0.004311003074761288,0.015357984793087809,4.518013000488281,4.17421817779541
20.98154330253601,9.600170135498047,-1.0983033180236816,1.554785507381032,0.5673150789654888,0.7709999796934426,0.008250868928361773,0.05397743731737137,-0.08359325823227774,0.00497317610908965,0.01601081941386462,4.6063666343688965,4.257730007171631
20.991129875183105,9.600650787353516,-1.092541217803955,1.5541187223064428,0.5783070305834438,0.7759999795816839,0.008806032435009275,0.05551644787192345,-0.08687255068717536,0.00565383676575415,0.01667760448845379,4.665797233581543,4.310853004455566
21.001044750213623,9.601123809814453,-1.086663007736206,1.5534283480556095,0.5898129525592334,0.7809999794699252,0.009287553448174085,0.04815207049250603,-0.08031328346013035,0.006333941490529682,0.017367978739287082,4.624364376068115,4.227986812591553
21.01107668876648,9.601380348205566,-1.0806001424789429,1.5526569587488963,0.6069410526842568,0.7859999793581665,0.009216017883704321,-0.007153618615120649,-0.019087503591381047,0.00682186019841069,0.018139368046000245,4.68297815322876,4.314685344696045
21.021493911743164,9.601641654968262,-1.0744229555130005,1.551938930642275,0.618374258941814,0.7909999792464077,0.009105172174902936,-0.01108455378562212,0.004666525753174732,0.007298538534195487,0.018857396152621497,4.754965305328369,4.394038200378418
21.031953811645508,9.601911544799805,-1.0681352615356445,1.551251520103431,0.6294443710416183,0.795999979134649,0.008952433863253244,-0.01527387648820877,0.017543078238189333,0.007774613509086592,0.019544806691465633,4.837067127227783,4.46987771987915
21.041648149490356,9.602189064025879,-1.0617378950119019,1.5505543064942167,0.6404203768404347,0.8009999790228903,0.008789786276621418,-0.016264718025922775,0.023840693245673495,0.008261255426930347,0.020242020300679894,4.917541980743408,4.54349946975708
21.051563262939453,9.602473258972168,-1.0552335977554321,1.5498474780615088,0.6511444921266931,0.8059999789111316,0.008617712919221162,-0.017207279801368713,0.02815463175721439,0.008757453927692893,0.02094884873338776,4.995673656463623,4.6158037185668945
21.061490535736084,9.602764129638672,-1.0486246347427368,1.5491310597403476,0.6616354551125978,0.8109999787993729,0.008435613000285183,-0.0182100348174572,0.031979045326175244,0.009263201300704793,0.021665267054548965,5.072333812713623,4.68623161315918
21.071659088134766,9.603062629699707,-1.0419130325317383,1.548405236355939,0.6719244300465976,0.8159999786876142,0.008243008637005207,-0.019260387867689133,0.035751068092164495,0.009779395544567748,0.022391090438957484,5.14476203918457,4.752115249633789
21.081246614456177,9.603367805480957,-1.0351035594940186,1.547669033986,0.6817255145214591,0.8209999785758555,0.0080410631791222,-0.020194577053189278,0.039427825933512586,0.010305374833476932,0.023127292808896586,5.2105183601379395,4.811758995056152
21.09133505821228,9.603680610656738,-1.028204321861267,1.5469234777171075,0.6907228583488018,0.8259999784640968,0.007829754378918804,-0.021130943670868874,0.043122274660513396,0.010841785127199799,0.023872849077789082,5.268697261810303,4.864328861236572
21.1017587184906,9.603999137878418,-1.021225094795227,1.5461692475243527,0.6987428964890556,0.8309999783523381,0.007609128931315582,-0.02206248603761196,0.04685930481164089,0.011386514874628162,0.02462707927054386,5.319353103637695,4.909878253936768
21.111307859420776,9.604323387145996,-1.0141761302947998,1.5454078678260257,0.7057493697379211,0.8359999782405794,0.0073792839608257015,-0.022984450682997704,0.05064026870929477,0.011939106626192242,0.025388458968870875,5.363064765930176,4.948947429656982
21.121256589889526,9.604653358459473,-1.0070663690567017,1.544640022701901,0.7118437943917807,0.8409999781288207,0.007140319463436317,-0.023896493017673492,0.05446431914239787,0.012499354973272148,0.026156304092995523,5.395756244659424,4.985086441040039
21.131656885147095,9.604990005493164,-0.9999043345451355,1.5438775522486692,0.7170873443383725,0.845999978017062,0.006883963875190865,-0.0256356131285429,0.059222495898403046,0.013064662597678023,0.026918774546227372,5.419454097747803,5.017811298370361
21.14123010635376,9.605332374572754,-0.99269700050354,1.5431274537261446,0.7216384520932836,0.8509999779053032,0.006605478015907311,-0.027848506346344948,0.0648161164048706,0.013631977415753838,0.027668873068751987,5.43536376953125,5.048980712890625
21.151637315750122,9.605680465698242,-0.9854492545127869,1.5424028793844962,0.7256968444868647,0.8559999777935445,0.006295027726800111,-0.031045017763972282,0.07176464486679002,0.014197355444872883,0.028393447410400396,5.4441819190979,5.072884559631348
21.16119122505188,9.606035232543945,-0.9781646728515625,1.5417121390829163,0.7294023249948522,0.8609999776817858,0.005946886006788995,-0.034814171493053436,0.07980070224377786,0.014759258808425102,0.02908418771198029,5.4546990394592285,5.107330322265625
21.1714346408844,9.606396675109863,-0.970845639705658,1.5410593810947515,0.7328646067428319,0.8509999779053032,0.005558387197590444,-0.03884994983673096,0.08852578293115915,0.015316444079889635,0.029736945700145064,5.461983680725098,5.1348466873168945
21.181329250335693,9.606764793395996,-0.9634937644004822,1.540445578797446,0.7361667373120113,0.8409999781288207,0.005129039584201055,-0.04293479397892952,0.09759211195330192,0.015868619952868812,0.030350747997450522,5.455235958099365,5.165207862854004
21.191312789916992,9.607124328613281,-0.9561194777488708,1.539881969660353,0.738392657058381,0.8309999783523381,0.004605453419910886,-0.05235850438475609,0.11257829193811716,0.01639715858557622,0.030914357134543602,5.402042388916016,5.155850410461426
21.201401710510254,9.607443809509277,-0.9487507939338684,1.5394022911996414,0.7377391755576898,0.8209999785758555,0.0038406229805842576,-0.07648307085037231,0.14534636995792888,0.016860473188822667,0.03139403559525511,5.323976993560791,5.143312454223633
21.21126127243042,9.607749938964844,-0.9413824677467346,1.5390336836287732,0.7376101572507815,0.8109999787993729,0.0029202456813368816,-0.09203781932592392,0.17476083956425248,0.017277129783755285,0.03176264316612332,5.229860305786133,5.126929759979248
21.220945358276367,9.608044624328613,-0.9340265989303589,1.538802502527499,0.7362714163197503,0.8009999790228903,0.001828043965936192,-0.10922013223171234,0.20522108225904914,0.017641134241046075,0.03199382426739761,5.114765644073486,5.105424404144287
21.231521368026733,9.608327865600586,-0.9266965985298157,1.5387324621116039,0.7336096018555569,0.7909999792464077,0.0005519116432834664,-0.12761323153972626,0.237621163197903,0.017945376861092655,0.0320638646832927,4.9841742515563965,5.079695701599121
21.24164605140686,9.608602523803711,-0.9194055199623108,1.5388469874409205,0.7296476093998838,0.7809999794699252,-0.0009193357847667991,-0.14712470769882202,0.2721437808776175,0.018185695062289398,0.031949339353976036,4.848993301391602,5.050777435302734
21.251573085784912,9.608870506286621,-0.9121634364128113,1.5391549234984916,0.7247125400720938,0.7709999796934426,-0.002582459254182796,-0.1663123518228531,0.3073119568566518,0.01836134342035045,0.03164140329640497,4.711132526397705,5.023427486419678
21.261215209960938,9.609131813049316,-0.9049792289733887,1.5396629734618663,0.7188967909652866,0.76099997991696,-0.004427298953135345,-0.18448396027088165,0.34192047617192256,0.018470310266657464,0.031133353333030245,4.5707831382751465,4.999035358428955
21.271700859069824,9.609395027160645,-0.8978571891784668,1.540382756349043,0.7127061281278979,0.7509999801404774,-0.006421002644856385,-0.19937041401863098,0.37312705040053684,0.018517691754224685,0.030413570445853466,4.427309989929199,4.9771904945373535
21.281409740447998,9.60965633392334,-0.8908044099807739,1.5413199156225141,0.7058175394724777,0.7409999803639948,-0.008551234903754298,-0.21302329003810883,0.40219134856663996,0.018497976788699688,0.029476411172382422,4.281871318817139,4.958922863006592
21.291242361068726,9.609919548034668,-0.8838256001472473,1.5424855146652394,0.6985054865061819,0.7309999805875123,-0.010800137126652603,-0.22489017248153687,0.42885200187285205,0.018411657160287476,0.02831081212965714,4.137818336486816,4.9456377029418945
21.301313400268555,9.610184669494629,-0.8769240379333496,1.5438865527176058,0.690904575991642,0.7209999808110297,-0.013146944911155074,-0.23468077182769775,0.45265940396914883,0.018256627436365136,0.02690977407729078,3.99780535697937,4.938282489776611
21.31127405166626,9.610453605651855,-0.8701009750366211,1.545526625968667,0.6832150465143296,0.7109999810345471,-0.015568106452068037,-0.24211613833904266,0.4731163988853116,0.018033709117281305,0.02526970082622948,3.863638162612915,4.937166213989258
21.32151198387146,9.610727310180664,-0.8633562922477722,1.5474062683575975,0.6755930622708111,0.7009999812580645,-0.01803975881456854,-0.24716517329216003,0.48997328067146173,0.017743687900349414,0.02339005843729902,3.736387252807617,4.942582607269287
21.331441164016724,9.611006736755371,-0.8566884994506836,1.5495247618991312,0.6681682081398862,0.6909999814815819,-0.020538530297398844,-0.2498771995306015,0.5031418161588613,0.01738772498766572,0.021271564895765316,3.61666202545166,4.956273555755615
21.34173083305359,9.61129379272461,-0.8500950932502747,1.5518803006673463,0.6610427813307455,0.6809999817050993,-0.023042310574035812,-0.25037792325019836,0.5126682456882156,0.016968262146047408,0.01891602612755028,3.5056354999542236,4.973443031311035
21.351845502853394,9.611588478088379,-0.8435720801353455,1.5544698182740866,0.6543619482610523,0.6709999819286168,-0.02553018087598141,-0.2487872838973999,0.5186354671397421,0.016486213051996046,0.016326508520809968,3.4035632610321045,4.997950553894043
21.36144232749939,9.61189079284668,-0.8371144533157349,1.5572879465238547,0.6482229608744962,0.6609999821521342,-0.02798449145304673,-0.24543088674545288,0.5213652239944027,0.015943183681129014,0.013508380271041842,3.310241937637329,5.029057025909424
21.372077465057373,9.61247730255127,-0.8243910670280457,1.5634357970181774,0.6356002000792014,0.6509999823756516,-0.03269874427765836,-0.23094326257705688,0.5147282162513194,0.014685441545621458,0.0073605297767191935,3.255082130432129,5.714056491851807
21.38194489479065,9.61247730255127,-0.8243910670280457,1.5634357970181774,0.6356002000792014,0.640999982599169,-0.03269874427765836,-0.23094326257705688,0.5128515595308081,0.014685441545621458,0.0073605297767191935,3.190157651901245,5.712810039520264
21.391765356063843,9.612728118896484,-0.8181139230728149,1.5666445829700342,0.6308882849177295,0.6309999828226864,-0.03493990200736769,-0.22411566972732544,0.5085417016369677,0.013973638465770932,0.004151743824862386,3.9027793407440186,6.121115684509277
21.4016854763031,9.613205909729004,-0.8120695948600769,1.5698759088047487,0.6076040802415482,0.6359999827109277,-0.03379975747613038,0.11401431262493134,0.14648132352267357,0.013482035087061917,0.0009204179901478593,3.821390151977539,5.2722272872924805
21.411463260650635,9.61331558227539,-0.8060951828956604,1.5723976095460006,0.5976012240256856,0.640999982599169,-0.03248363883862563,0.13161183893680573,0.013407949583661705,0.01283519765535246,-0.0016012827511040495,3.575256109237671,4.9359049797058105
21.421273708343506,9.613109588623047,-0.8001237511634827,1.5740381659886293,0.5981404851669635,0.6459999824874103,-0.03076838877421137,0.17152516543865204,-0.07502144998393755,0.012137038568434733,-0.003241839193732776,5.692132472991943,4.733098983764648
21.431771993637085,9.61279582977295,-0.7942403554916382,1.5754049199227345,0.589466786736222,0.6509999823756516,-0.02820740335660408,0.2560982406139374,-0.19911933128234346,0.01141325672871929,-0.004608593127837901,9.814023971557617,4.5317816734313965
21.442625761032104,9.612350463867188,-0.7884222865104675,1.5762262065201103,0.5835375985208885,0.640999982599169,-0.0252352816019427,0.2972123622894287,-0.2890482144002318,0.010721507954229992,-0.005429879725213692,8.152791976928711,4.435115337371826
21.454354524612427,9.611172676086426,-0.7772272229194641,1.5769230882726357,0.5526039498325974,0.6464999825693667,-0.021360998642765062,0.17591246962547302,-0.2012956714198027,0.009334659142158586,-0.006126761477739162,1.1051123142242432,4.53811502456665
21.463444471359253,9.611172676086426,-0.7772272229194641,1.5769230882726357,0.5526039498325974,0.6509999823756516,-0.021360998642765062,0.17591246962547302,-0.17490262138284582,0.009334659142158586,-0.006126761477739162,-4.78680944442749,4.411282539367676
21.47333788871765,9.610429763793945,-0.7719810009002686,1.5777171483168035,0.529854350355026,0.6559999822638929,-0.019118454113107794,0.22425436973571777,-0.22550537675663634,0.00835353391192939,-0.0069208215219069835,-7.303032398223877,4.237297534942627
21.484373569488525,9.609684944152832,-0.7669456005096436,1.5784580380627984,0.5090147272872083,0.6614999822340906,-0.01690732877554414,0.2211126685142517,-0.2450343871698304,0.007386453260215475,-0.007661711267901827,-0.023908153176307678,3.452918767929077
21.493531703948975,9.608916282653809,-0.7620857357978821,1.5789404412394468,0.49207602138677997,0.6659999820403755,-0.014927234361704579,0.1980094313621521,-0.2334397052084465,0.006473075328925049,-0.00814411444455021,6.83070182800293,3.304511308670044
21.502811193466187,9.608133316040039,-0.7573384642601013,1.5791268862875092,0.48116064916974366,0.6709999819286168,-0.012935764264067305,0.19914697110652924,-0.23773168759399924,0.005634177098455595,-0.008330559492612633,10.8396577835083,3.260307788848877
21.51332187652588,9.6072416305542,-0.7526319026947021,1.5790059570215624,0.47901878017493693,0.6609999821521342,-0.010943048510742487,0.19927160441875458,-0.2455674043225879,0.004778769151752016,-0.008209630226665874,9.28403091430664,3.1939969062805176
21.522916078567505,9.60624885559082,-0.7479576468467712,1.5785895137067434,0.4778859899325752,0.6659999820403755,-0.00895568825175081,0.19873599708080292,-0.25357563138308953,0.003910923182672832,-0.007793186911846828,1.9242154359817505,3.09934139251709
21.53352999687195,9.605215072631836,-0.7433522343635559,1.5779737803902771,0.4721040110723374,0.6559999822638929,-0.007009024488118729,0.19466640055179596,-0.25765145732601813,0.0030618550408014755,-0.0071774535953805785,-3.673921585083008,2.9700801372528076
21.54270601272583,9.604249000549316,-0.7389440536499023,1.577426445986034,0.45134162245638654,0.6609999821521342,-0.005173522544263358,0.18355019390583038,-0.2528268901987021,0.0022599793644424437,-0.00663011919113754,-0.7975814938545227,2.8329761028289795
21.552756547927856,9.60334587097168,-0.7347378730773926,1.576907537717817,0.4302739592794532,0.6659999820403755,-0.0034619042504535165,0.17116183042526245,-0.2436277051400057,0.0015125191065212817,-0.00611121092292044,4.571201324462891,2.733685255050659
21.56274390220642,9.60244083404541,-0.7306753993034363,1.5762493976783891,0.41633744068174394,0.6709999819286168,-0.0018403478532204184,0.1621556580066681,-0.23629458304691764,0.0008049208879707948,-0.005453070883492561,7.876871585845947,2.679115056991577
21.57277274131775,9.601428985595703,-0.726626455783844,1.5752160848088645,0.4176654843182559,0.675999981816858,-0.00023102162796396531,0.16093263030052185,-0.2374058166617541,0.00010306250834446473,-0.004419758013967989,3.374680280685425,2.5909016132354736
21.583056926727295,9.600340843200684,-0.7226107716560364,1.5739019516731438,0.4165649590775371,0.6659999820403755,0.0013585073991546808,0.15895290672779083,-0.2399999721179076,-0.0005908427651171166,-0.0031056248782472817,-1.4962438344955444,2.4586215019226074
21.592820405960083,9.599310874938965,-0.7187795639038086,1.5726270562161757,0.39726156557285264,0.6709999819286168,0.0028429592171950895,0.14844517409801483,-0.23378087934025152,-0.0012383435806277987,-0.0018307294212791536,2.4313902854919434,2.319596529006958
21.602757692337036,9.598348617553711,-0.7151581048965454,1.571406212154722,0.3752314050904254,0.675999981816858,0.004208302064787045,0.13653428852558136,-0.2231078196085715,-0.0018343480428928416,-0.000609885359825535,2.9054980278015137,2.0770561695098877
21.612460374832153,9.597533226013184,-0.7115561962127686,1.5700414001463903,0.3693175251990804,0.6809999817050993,0.005389436803507633,0.11811350286006927,-0.20341987939240427,-0.0022402960137757333,0.0007549266485062933,2.8007917404174805,1.9740781784057617
21.622819900512695,9.597041130065918,-0.7078447341918945,1.5685826148791562,0.375116337480735,0.6859999815933406,0.00537864707912782,-0.0010789856314659119,-0.07138658739641707,-0.0022947569017759406,0.0022137119157403795,2.9324941635131836,2.163914680480957
21.632866144180298,9.596713066101074,-0.7040703892707825,1.5672327704910876,0.37948296972133005,0.6909999814815819,0.00513932645919676,-0.02393207512795925,-0.006088415864123009,-0.002217869270449313,0.0035635563038090012,3.0816214084625244,2.3485255241394043
21.6426100730896,9.596513748168945,-0.7001962065696716,1.5659418259876918,0.388473546023373,0.6959999813698232,0.0051262299007891875,-0.0013096787733957171,-0.009099922799973044,-0.002029907308987333,0.004854500807204731,3.2291512489318848,2.5119757652282715
21.65280795097351,9.596426963806152,-0.6962143778800964,1.564667977961994,0.39879399249599173,0.7009999812580645,0.0052977971293147645,0.017156729474663734,-0.028645340995722517,-0.0017345430519704053,0.006128348832902475,3.3547403812408447,2.6816227436065674
21.662492036819458,9.596434593200684,-0.6921199560165405,1.563460953018929,0.40988841760786854,0.7059999811463058,0.005626645606349924,0.0328848659992218,-0.050680163222013866,-0.0013648144014553054,0.007335373775967602,3.461229085922241,2.8420822620391846
21.672744512557983,9.596524238586426,-0.6879116892814636,1.5623406404883327,0.42129686600036226,0.7109999810345471,0.006062648734720855,0.04360029101371765,-0.06849983088516981,-0.000939085749996238,0.008455686306563903,3.555579900741577,2.9932708740234375
21.683380603790283,9.596683502197266,-0.6835877299308777,1.5613101386347055,0.4329970772670089,0.7159999809227884,0.006568259878050576,0.05056113377213478,-0.08132768600523879,-0.0004706840365287235,0.009486188160191089,3.642331600189209,3.1376216411590576
21.69291377067566,9.596903800964355,-0.6791466474533081,1.5603708827538865,0.4448966314144328,0.7209999808110297,0.007117423167458054,0.05491633713245392,-0.09007647649439214,3.137751995119231e-05,0.01042544404101009,3.723784923553467,3.275970697402954
21.7027907371521,9.597176551818848,-0.6745875477790833,1.55952180637656,0.4569165064289726,0.725999980699271,0.007691998917024626,0.0574575737118721,-0.09580985561939614,0.0005588362868778063,0.011274520418336651,3.801013231277466,3.409045934677124
21.71280527114868,9.597497940063477,-0.6699100732803345,1.5587618622540718,0.46899652302468814,0.7309999805875123,0.008277716350585468,0.0585717149078846,-0.09921684989676964,0.0011081922797817612,0.012034464540824796,3.8749654293060303,3.5374555587768555
21.72303318977356,9.597860336303711,-0.6651139855384827,1.5580888422135903,0.48109668828836005,0.7359999804757535,0.00886365357318956,0.058593690395355225,-0.10083187140771285,0.0016724790785964672,0.012707484581306218,3.9462625980377197,3.661700963973999
21.734935998916626,9.59869384765625,-0.6551677584648132,1.5569511529759765,0.5050693422443845,0.7419999805279076,0.01003061881730148,0.05892910808324814,-0.10288679486574157,0.0028472671049346587,0.013845173818920033,4.03153657913208,3.7538411617279053
21.743077993392944,9.59869384765625,-0.6551677584648132,1.5569511529759765,0.5050693422443845,0.7459999807178974,0.01003061881730148,0.05892910808324814,-0.10353135763717261,0.0028472671049346587,0.013845173818920033,4.140047550201416,3.856982946395874
21.752818822860718,9.59914493560791,-0.6500211358070374,1.5563872954637292,0.5167113839312267,0.7509999806061387,0.01065473130747633,0.06241120770573616,-0.10809573322687072,0.003467495428527201,0.014409031331167332,4.186199188232422,3.8773562908172607
21.76241445541382,9.599586486816406,-0.6447494626045227,1.5557931719513307,0.5290949125171082,0.75599998049438,0.011201844936656822,0.05471137911081314,-0.10186822167563678,0.004087264414877723,0.015003154843565849,4.1632981300354,3.824371099472046
21.77273392677307,9.599799156188965,-0.6392809152603149,1.55511229010158,0.5473553046914563,0.7609999803826213,0.011171088752831905,-0.00307563878595829,-0.03837416187929722,0.004504174294302388,0.01568403669331664,4.231322765350342,3.915187120437622
21.78627109527588,9.600238800048828,-0.6279831528663635,1.553877718829985,0.5713458039266647,0.7674999805167317,0.011003402924317883,-0.010551409795880318,-0.009356979085237905,0.005314140303246617,0.016918607964911514,4.300874710083008,4.004492282867432
21.79338264465332,9.600238800048828,-0.6279831528663635,1.553877718829985,0.5713458039266647,0.7709999806247652,0.011003402924317883,-0.010551409795880318,-0.0006787825850167982,0.005314140303246617,0.016918607964911514,4.386969089508057,4.087109088897705
21.802889347076416,9.600469589233398,-0.6221561431884766,1.553284721103802,0.5832324755872972,0.7759999805130064,0.01087590001838302,-0.01275026984512806,0.005383816777161998,0.005722802442603481,0.017511605691094667,4.472265720367432,4.165931224822998
21.812830686569214,9.600707054138184,-0.6162149906158447,1.5526822938666949,0.5946679385247771,0.7809999804012477,0.010740191733535718,-0.013570890761911869,0.009252222320797032,0.006140966844336404,0.018114032928201684,4.557743072509766,4.2451043128967285
21.822733163833618,9.600951194763184,-0.6101596355438232,1.5520681162843777,0.6061007733156693,0.785999980289489,0.010597409328696277,-0.014278173446655273,0.012379135341898332,0.00656932947997646,0.018728210510518872,4.64129114151001,4.322180271148682
21.83328890800476,9.601202011108398,-0.6039924621582031,1.5514433772724907,0.6173018751214474,0.7909999801777303,0.010446802832229096,-0.015060681849718094,0.015399833705097985,0.007007533552458867,0.01935294952240585,4.723594665527344,4.398030757904053
21.842794179916382,9.601459503173828,-0.597715437412262,1.550807595744024,0.6283095018674996,0.7959999800659716,0.010288422629902498,-0.015838034451007843,0.01842078141249284,0.00745572317282317,0.01998873105087262,4.804847240447998,4.472835063934326
21.852514266967773,9.601722717285156,-0.5913299918174744,1.5501609593265373,0.63917128537347,0.8009999799542129,0.010122036196590748,-0.016638631001114845,0.02150306586902659,0.007912888189069989,0.020635367468359256,4.885015487670898,4.546558380126953
21.862520217895508,9.601993560791016,-0.5848376154899597,1.549503318912775,0.6498823514413703,0.8059999798424542,0.009947412799281002,-0.01746232621371746,0.02466771537741606,0.008380980462426635,0.021293007882121625,4.964137554168701,4.619234085083008
21.872780084609985,9.60227108001709,-0.5782397389411926,1.5488352000868075,0.6604474846885275,0.8109999797306955,0.00976432086262883,-0.018309211358428,0.027920234751560035,0.00885888845950511,0.02196112670808903,5.042229652404785,4.6908745765686035
21.88300061225891,9.602555274963379,-0.5715379118919373,1.5481566231333126,0.6708687275058359,0.8159999796189368,0.009572527706533496,-0.019179290160536766,0.03126292425707866,0.00934660587071967,0.022639703661583965,5.119309425354004,4.76149320602417
21.892746448516846,9.602845191955566,-0.5647335052490234,1.5474676106999923,0.6811481227328856,0.8209999795071781,0.009371802207184537,-0.020072564482688904,0.03469612030498079,0.009843171993127342,0.023328716094904278,5.193140029907227,4.830987453460693
21.90291142463684,9.603143692016602,-0.5578284859657288,1.5467708520467283,0.6912309589524286,0.8259999793954194,0.009160091446509236,-0.02117110602557659,0.038417364248348615,0.010350641057708998,0.024025474748168293,5.263472557067871,4.895241737365723
21.91276454925537,9.603447914123535,-0.5508278608322144,1.5460658679925265,0.7008058129911936,0.8309999792836607,0.008938067203492705,-0.022202370688319206,0.04219673110151656,0.010866295535391757,0.024730458802370014,5.3272223472595215,4.953292369842529
21.922785758972168,9.603759765625,-0.5437399744987488,1.5453523477570703,0.7095617167360134,0.8359999791719019,0.008706690682430938,-0.023137690499424934,0.0459363222003937,0.01139213574640685,0.025443979037826248,6.0261945724487305,4.994753360748291
21.933003902435303,9.604070663452148,-0.5365744233131409,1.544632501647302,0.7173098446272692,0.8409999790601432,0.008448863931448043,-0.02578260935842991,0.05154069260902883,0.011918915510317873,0.026163825147594636,5.435939788818359,5.051657676696777
21.94301128387451,9.604392051696777,-0.5293406844139099,1.5439056135887044,0.7241744580933497,0.8459999789483845,0.008193668391529777,-0.025519542396068573,0.05466374954574506,0.012458293445991586,0.026890713206192185,5.301242351531982,5.049301624298096
21.95271372795105,9.604715347290039,-0.5220943689346313,1.5433188738846453,0.7254106427456811,0.8509999788366258,0.00779753074901286,-0.039613768458366394,0.07239914736666676,0.012957545914110469,0.027477452910251277,5.309417247772217,5.08542013168335
21.962702989578247,9.605043411254883,-0.5148419141769409,1.5428643794134551,0.7260252728445438,0.8409999790601432,0.00728275821813716,-0.051477354019880295,0.09238433320868,0.013421905895373953,0.027931947381441447,5.3825297355651855,5.136789321899414
21.972748517990112,9.60539722442627,-0.5075481534004211,1.5424008638548385,0.7302666671576691,0.8309999792836607,0.006823417189927605,-0.04593406617641449,0.09462995939789477,0.013914718588061703,0.028395462940058014,5.436526775360107,5.160138130187988
21.983603477478027,9.605766296386719,-0.5002009272575378,1.54189705593859,0.735696332825341,0.8359999791719019,0.006422920852019565,-0.040049660950899124,0.09108043610958859,0.014434870906899988,0.028899270856306503,5.448947429656982,5.185564994812012
21.99276328086853,9.606119155883789,-0.4928026497364044,1.5413846143057373,0.7407086131871011,0.8259999793954194,0.005961406889513759,-0.04615131393074989,0.09854263760764842,0.014941397557182157,0.029411712489159303,5.418732643127441,5.20725154876709
22.002697944641113,9.606477737426758,-0.48538291454315186,1.5409444788578357,0.7428691937785051,0.8159999796189368,0.005434229161615097,-0.052717868238687515,0.10992987093054639,0.015431961769060365,0.02985184793706086,5.387186527252197,5.228919506072998
22.01314401626587,9.606842994689941,-0.47795143723487854,1.540603909172102,0.7440657446377407,0.8059999798424542,0.004824408158009329,-0.060982078313827515,0.12442226840148135,0.015899343896156992,0.030192417622794565,5.323557376861572,5.2361226081848145
22.022725582122803,9.607197761535645,-0.47052502632141113,1.5403808952095444,0.7435164954314614,0.7959999800659716,0.004050290724646288,-0.07741168886423111,0.14876387121497903,0.01632098421285022,0.030415431585352204,5.225368976593018,5.21815824508667
22.03286576271057,9.607515335083008,-0.4631262421607971,1.5403018599940224,0.7406217221223613,0.785999980289489,0.0029992616840596995,-0.10510291904211044,0.18849590147572123,0.016662257329892682,0.030494466800874198,5.11903715133667,5.1983795166015625
22.042725086212158,9.607821464538574,-0.4557502865791321,1.5403775782982572,0.7382576870506656,0.7759999805130064,0.0017677524362697203,-0.12315095216035843,0.2230593100022592,0.016945681828879344,0.03041874849663939,5.006053924560547,5.178033828735352
22.052765369415283,9.608118057250977,-0.44840604066848755,1.5406202231151156,0.7350331739589132,0.7659999807365239,0.0003599737360743079,-0.14077791571617126,0.2559567366964985,0.017169514503637018,0.030176103679780963,4.877965450286865,5.150125026702881
22.062549352645874,9.608407020568848,-0.44110456109046936,1.5410381930925237,0.7307211373499384,0.7559999809600413,-0.0012294687529432486,-0.15894420444965363,0.2892581424262977,0.017333143127309825,0.029758133702372902,4.741341590881348,5.122550964355469
22.07281470298767,9.60869026184082,-0.43385621905326843,1.5416521718605116,0.7253935929204053,0.7459999811835587,-0.0029944155313399393,-0.17649465799331665,0.32233558116811584,0.017432270648010117,0.029144154934384936,4.600520610809326,5.097841262817383
22.083112239837646,9.608967781066895,-0.4266687035560608,1.5424755984909104,0.7193209240687177,0.7359999814070761,-0.004918314796678796,-0.19238989055156708,0.3538479889418946,0.017462863852298227,0.02832072830398613,4.458695411682129,5.076971054077148
22.092972993850708,9.609243392944336,-0.4195477366447449,1.5435175003352386,0.7127126534609899,0.7259999816305935,-0.006979772474558489,-0.20614582300186157,0.3828183950337918,0.017426025964374148,0.027278826459657957,4.317720413208008,5.060606002807617
22.103376388549805,9.609517097473145,-0.4124974012374878,1.544784493139989,0.7057349956770829,0.715999981854111,-0.009155899683825935,-0.21761271357536316,0.408724525277806,0.017319767598909408,0.026011833654907557,4.179012298583984,5.049325466156006
22.112468242645264,9.609792709350586,-0.40552037954330444,1.546281439956215,0.6985260579252803,0.7059999820776284,-0.01142362370074982,-0.22677236795425415,0.4313238684342721,0.017146438776887152,0.024514886838681527,4.039443016052246,5.045852184295654
22.12276029586792,9.61007022857666,-0.3986184597015381,1.5480251619307923,0.6912026385851953,0.6959999823011458,-0.013765877748013463,-0.23422537744045258,0.4511083901706108,0.016900987679203894,0.022771164864104243,3.915921211242676,5.043509483337402
22.13341474533081,9.610352516174316,-0.3917900025844574,1.5499860456313233,0.6840565121198182,0.6859999825246632,-0.01615325515673588,-0.23873786628246307,0.46687837140224175,0.016595149920009433,0.020810281163573308,3.7954471111297607,5.0514302253723145
22.14311456680298,9.610638618469238,-0.3850342035293579,1.5521805193186216,0.6770558839064144,0.6759999827481806,-0.018560726766449747,-0.24074707925319672,0.478645067636967,0.016223038153899694,0.018615807476275004,3.6809749603271484,5.064946174621582
22.152838468551636,9.610929489135742,-0.37834930419921875,1.5546042900737689,0.6702943889858534,0.665999982971698,-0.020972815158235344,-0.24120886623859406,0.48737643264109287,0.01578688789179239,0.01619203672112768,3.5736634731292725,5.08408260345459
22.16281771659851,9.611227035522461,-0.3717292845249176,1.5572575497205603,0.6641337032338672,0.6559999831952155,-0.02336128313797768,-0.23884688317775726,0.49194273817927914,0.015288544564032946,0.013538777074336261,3.4760665893554688,5.110126972198486
22.172861576080322,9.611531257629395,-0.36517059803009033,1.5601346474052251,0.6583933744603401,0.6459999834187329,-0.025713953235106744,-0.23526693880558014,0.49366356119548394,0.014729700850235616,0.010661679389671441,3.388953447341919,5.142950057983398
22.182982444763184,9.611841201782227,-0.35866761207580566,1.563229271580691,0.6532561139578699,0.6359999836422503,-0.02801126945650332,-0.22973163425922394,0.4921097525015232,0.014111296681948104,0.007567055214205531,3.339620590209961,5.846882343292236
22.192452430725098,9.6121187210083,-0.3522317707538605,1.5663765432165342,0.6466093797618556,0.6259999838657677,-0.03020939208560283,-0.2198123037815094,0.48461810520727366,0.01344465176490317,0.0044197835783623685,3.6555700302124023,6.0080671310424805
22.202993869781494,9.61242389678955,-0.3458799123764038,1.5696301495071252,0.6380041040949508,0.6159999840892851,-0.03153120870928172,-0.13218159973621368,0.39122685312299876,0.012773749896584974,0.001166177287771353,3.8625805377960205,5.469330310821533
22.21277952194214,9.612648963928223,-0.3396913409233093,1.5723544233975686,0.6192834869759044,0.6209999839775264,-0.03026344678568211,0.12677626311779022,0.08541694059020849,0.012181535136548405,-0.0015580966026720322,3.708249807357788,5.1407470703125
22.22276782989502,9.61252212524414,-0.3334883153438568,1.5740986152184024,0.6212086043861088,0.6259999838657677,-0.02864580876754507,0.1617637723684311,-0.04941674878232766,0.01153144051767896,-0.0033022884235058836,3.7403993606567383,4.872622966766357
22.232970714569092,9.612306594848633,-0.3273630440235138,1.5753577772574092,0.6131701728349626,0.630999983754009,-0.026355401895416703,0.22904066741466522,-0.16830752888558223,0.010938164455341237,-0.004561450462512662,6.762818336486816,4.721113681793213
22.24282932281494,9.611963272094727,-0.3213176131248474,1.5762247150779878,0.6055821421070904,0.6359999836422503,-0.02362962589398273,0.2725774943828583,-0.25845888588073085,0.010334763607811936,-0.0054283882830912225,10.768030166625977,4.863160610198975
22.25252652168274,9.611441612243652,-0.3154310882091522,1.5767783611251043,0.5909555011904754,0.6409999835304916,-0.02205759901848186,0.15720270574092865,-0.16975317436601106,0.009647012647846509,-0.00598203433020772,3.844289541244507,4.824717998504639
22.26289391517639,9.610673904418945,-0.3096441924571991,1.5774136203330653,0.5837761080584387,0.6459999834187329,-0.019862742992839143,0.21948571503162384,-0.2160686839693929,0.008688730845555881,-0.006617293538168756,-2.262425184249878,4.657067775726318
22.272827863693237,9.609862327575684,-0.3040429949760437,1.5780409754541038,0.5659794458970829,0.6509999833069742,-0.01757450902436434,0.22882337868213654,-0.24757806570946478,0.0076889519896177205,-0.007244648659207265,0.47695469856262207,3.816192626953125
22.28337836265564,9.609045028686523,-0.29862096905708313,1.5784408903055667,0.5483293573049468,0.6559999831952155,-0.015478171455866371,0.2096337378025055,-0.24394886752402573,0.006751681970424528,-0.00764456351067011,4.988735675811768,3.7214667797088623
22.292758226394653,9.608211517333984,-0.29332709312438965,1.5786581099435926,0.5359375948723022,0.6609999830834568,-0.013407902768223845,0.207026869058609,-0.24698068275031704,0.005853006685212492,-0.007861783148696011,8.633706092834473,3.646378755569458
22.303211212158203,9.60727310180664,-0.2880706489086151,1.5785395936798012,0.533953968620238,0.665999982971698,-0.011340452151035636,0.20674508810043335,-0.2542530902606749,0.004950144954710467,-0.007743266884904676,3.7888295650482178,3.5591299533843994
22.312411069869995,9.60626220703125,-0.2828640937805176,1.5781399539394352,0.5304092130822505,0.6559999831952155,-0.009298862247470903,0.2041589766740799,-0.2601017756070869,0.004059138689507691,-0.0073436271445386225,-1.7808536291122437,3.4278807640075684
22.32287073135376,9.60529899597168,-0.2778385281562805,1.5777512322218927,0.5117257417406664,0.6609999830834568,-0.007360366956995349,0.19384950399398804,-0.257071676756195,0.0032125411642258683,-0.006954905426996171,1.4587057828903198,3.2888236045837402
22.33280301094055,9.604392051696777,-0.2730138301849365,1.577373013478464,0.49094614438228407,0.665999982971698,-0.0055430273838076366,0.18173395097255707,-0.2491077501503252,0.002419059914684496,-0.006576686683567479,4.90635871887207,3.1987006664276123
22.343125581741333,9.603466033935547,-0.2683124542236328,1.5768117379182753,0.47924079545166576,0.6709999828599393,-0.003807493028788098,0.1735534518957138,-0.2434251379514946,0.0016614214819483664,-0.006015411123378779,7.884964942932129,3.132155179977417
22.353163957595825,9.602431297302246,-0.2636241614818573,1.5758687242712452,0.4803417194511504,0.6609999830834568,-0.002083312217097147,0.17241805791854858,-0.2455380559949077,0.0009095845847735262,-0.005072397476348689,3.822313070297241,3.0557379722595215
22.36246919631958,9.601314544677734,-0.2589649260044098,1.574619817735167,0.47952823704683406,0.665999982971698,-0.00038145263395734767,0.17018598318099976,-0.24855554912903172,0.0001675001904484219,-0.003823490940270347,0.005519249942153692,2.92348051071167
22.372803211212158,9.600242614746094,-0.2544792592525482,1.5733780222856177,0.46162950374778466,0.6709999828599393,0.0012224396953295807,0.16038921475410461,-0.24359426536861672,-0.0005318930407529621,-0.0025816954907211804,3.507082462310791,2.7884445190429688
22.383300065994263,9.59923267364502,-0.25019964575767517,1.5721655992831804,0.44013882847712654,0.6759999827481806,0.002702445635129469,0.1480005830526352,-0.23314943882219752,-0.0011781079731019162,-0.00136927248828389,4.747934341430664,2.7265617847442627
22.392449378967285,9.598186492919922,-0.245979905128479,1.5706994633401201,0.4352329622678258,0.6809999826364219,0.004144356873250139,0.14419113099575043,-0.22974150904041274,-0.0017844480436899346,9.686345477644132e-05,3.2380805015563965,2.3550760746002197
22.40279245376587,9.597467422485352,-0.24163755774497986,1.5691517119650336,0.44084436630241625,0.6859999825246632,0.004722906960526673,0.05785498768091202,-0.13890673387180158,-0.0020391932881036468,0.0016446148298630003,3.215217113494873,2.421271324157715
22.412813663482666,9.596977233886719,-0.23737895488739014,1.567773928297709,0.4292356838991532,0.6909999824129045,0.00483282143192177,0.01099146343767643,-0.06190958985616221,-0.002116047944587862,0.0030223984971875506,3.264723539352417,2.531757354736328
22.422799348831177,9.596704483032227,-0.23312237858772278,1.5664458443232439,0.4270571150252321,0.6959999823011458,0.00463497098908845,-0.01978505589067936,-0.004884892299996738,-0.0019903763432864707,0.004350482471652706,3.405465602874756,2.6952757835388184
22.432903051376343,9.596546173095703,-0.22878243029117584,1.5651903939539014,0.43474642418920967,0.7009999821893871,0.00456892814095859,-0.006604259833693504,-0.0003112532834592726,-0.0017720558607212666,0.005605932840995198,3.539531946182251,2.8636600971221924
22.443003177642822,9.5964937210083,-0.22433772683143616,1.5639876418047032,0.44491363851245985,0.7059999820776284,0.004688659450724122,0.0119731230661273,-0.017593520908196963,-0.0014636892765196308,0.006808684990193381,3.6590402126312256,3.0268640518188477
22.45279550552368,9.59653091430664,-0.21978390216827393,1.562852139781835,0.45575407547116353,0.7109999819658697,0.0049554506189092235,0.02667909301817417,-0.0377507807226379,-0.0010858546572869443,0.007944187013061654,3.761451482772827,3.181354284286499
22.46277618408203,9.596647262573242,-0.21511943638324738,1.5617995907327942,0.4668884835656255,0.715999981854111,0.005322963410531056,0.03675130754709244,-0.05418862906265843,-0.0006537530183372553,0.008996736062102384,3.8516528606414795,3.327155113220215
22.47290825843811,9.596829414367676,-0.21034273505210876,1.5608356315620036,0.4782612851598443,0.7209999817423522,0.005754084645120491,0.04311210289597511,-0.06581540487048768,-0.0001824264749537008,0.009960695232893002,3.9345855712890625,3.4664254188537598
22.48383331298828,9.59706974029541,-0.2054525762796402,1.5599612073894025,0.48980078746565253,0.7259999816305935,0.006224420090542705,0.04703354462981224,-0.07358136224885554,0.000320212515383389,0.010835119405494087,4.012226581573486,3.5999484062194824
22.493627786636353,9.59736156463623,-0.20044822990894318,1.559176105026032,0.5014344677140609,0.7309999815188348,0.006716508501360687,0.04920884594321251,-0.07845839252747672,0.0008475527137523642,0.01162022176886457,4.085941314697266,3.7283992767333984
22.5028293132782,9.597699165344238,-0.19532927870750427,1.558478615286681,0.5131191345120925,0.7359999814070761,0.007217112996826868,0.05006050318479538,-0.08114960897477416,0.0013943853515474558,0.01231771150821559,4.157104969024658,3.8517680168151855
22.512659311294556,9.598073959350586,-0.19009800255298615,1.557866668667927,0.5245441157165613,0.7409999812953174,0.0077075145910941644,0.04904012754559517,-0.08124506568340502,0.0019527487131156818,0.012929658126969557,4.246675968170166,3.955427408218384
22.523496389389038,9.598484992980957,-0.18475107848644257,1.5573053828610743,0.5363385914601806,0.7459999811835587,0.008217104056781745,0.05095892772078514,-0.0837215967476806,0.0025321533908755356,0.013490943933822218,4.34408712387085,4.0479912757873535
22.533309936523438,9.598917007446289,-0.1792927086353302,1.556731139612038,0.5476220489539788,0.7509999810718,0.008765465173328862,0.054836124181747437,-0.08904799344245617,0.0031364244770824,0.01406518718285854,4.438128471374512,4.137557506561279
22.543132305145264,9.599369049072266,-0.17372289299964905,1.5561429766166381,0.5588788223351386,0.7559999809600413,0.009343408164940446,0.057794321328401566,-0.09431873885487088,0.0037648968085726153,0.014653350178258417,4.529075622558594,4.224366664886475
22.5527126789093,9.599835395812988,-0.16804195940494537,1.5555417756230696,0.5700817203375524,0.7609999808482826,0.009942574812769917,0.0599166564643383,-0.09873348555259638,0.004411583678884057,0.015254551171826947,4.49017858505249,4.059613227844238
22.562349319458008,9.600237846374512,-0.16222214698791504,1.5548709879283447,0.5834599209965038,0.7659999807365239,0.010311915583286221,0.03693404048681259,-0.07589751954587395,0.005015246090668057,0.015925338866551897,4.5467987060546875,4.1871185302734375
22.572484016418457,9.6004638671875,-0.15623097121715546,1.5541602009541,0.5996449482719148,0.7709999806247652,0.010279901044787052,-0.0032014306634664536,-0.025914063088672383,0.005454474731648062,0.016636125840796545,4.6089911460876465,4.27497673034668
22.582843780517578,9.600698471069336,-0.15012522041797638,1.5534940316863157,0.6111150410227743,0.7759999805130064,0.010196077473561565,-0.008382358588278294,-0.0043737022683043025,0.005888900616888293,0.017302295108580834,4.6759562492370605,4.360492706298828
22.59303069114685,9.60094165802002,-0.14390531182289124,1.552862763375304,0.62254591073677,0.7809999804012477,0.01006824497981351,-0.012783244252204895,0.007908159011516045,0.006321438667450607,0.017933563419592513,4.759452819824219,4.437941551208496
22.602715730667114,9.601191520690918,-0.13757285475730896,1.5522353068133161,0.6338174384202803,0.785999980289489,0.009921088350717066,-0.014715619385242462,0.014875027491760189,0.006759506966693252,0.01856101998158044,4.841390609741211,4.513557434082031
22.612967252731323,9.601449012756348,-0.13113081455230713,1.55159797380474,0.6447929493789167,0.7909999801777303,0.009765652804288961,-0.015543648041784763,0.019126807155976457,0.007208164856580268,0.01919835299015649,4.921720504760742,4.587604999542236
22.62293529510498,9.601712226867676,-0.12458150088787079,1.5509501145502431,0.6555397444796333,0.7959999800659716,0.009602146703299454,-0.01635058782994747,0.022578823700255622,0.007665699705263762,0.019846212244653442,5.000936985015869,4.660542011260986
22.63317608833313,9.601982116699219,-0.11792643368244171,1.550291918236847,0.6661336336423055,0.8009999799542129,0.009430346606896631,-0.017179962247610092,0.02585263399130235,0.008133008241481221,0.02050440855804947,5.079132556915283,4.732452869415283
22.643375873565674,9.602258682250977,-0.1111670434474945,1.5496234043210306,0.6765853027368655,0.8059999798424542,0.009250026380436229,-0.018032029271125793,0.029135576479132144,0.008610084420501707,0.021172922473865933,5.1528472900390625,4.801968097686768
22.653249740600586,9.60254192352295,-0.10430635511875153,1.548947765221855,0.6867345698955637,0.8109999797306955,0.009058741629910893,-0.019128458574414253,0.032720811753151176,0.009095970526230346,0.02184856157304149,5.222070693969727,4.865424156188965
22.66445565223694,9.603127479553223,-0.0903080403804779,1.5475706809045757,0.7050050587884144,0.8164999797008932,0.008648877900964923,-0.020937733352184296,0.038743820965046895,0.010094546905978774,0.023225645890320834,5.293127059936523,4.9303975105285645
22.67319679260254,9.603127479553223,-0.0903080403804779,1.5475706809045757,0.7050050587884144,0.8209999795071781,0.008648877900964923,-0.020937733352184296,0.040523479764400364,0.010094546905978774,0.023225645890320834,5.343150615692139,4.97593355178833
22.683842182159424,9.603429794311523,-0.08318643271923065,1.5468702721940404,0.7128839990070945,0.8259999793954194,0.008430653316270737,-0.021822424605488777,0.043556480071024986,0.01060692588059986,0.023926054600856173,5.393408298492432,5.021503448486328
22.693281650543213,9.603737831115723,-0.07599582523107529,1.54616331155649,0.7198025093622679,0.8309999792836607,0.008203673509879597,-0.02269803360104561,0.046994892171019306,0.011126988362169854,0.024633015238406664,5.437507629394531,5.061269283294678
22.70281982421875,9.604050636291504,-0.06874369084835052,1.5454503110194373,0.7259730913780377,0.8359999791719019,0.007967991634000865,-0.023568222299218178,0.050586101420893856,0.011653626910266723,0.025346015775459255,5.472250938415527,5.095705986022949
22.712425470352173,9.604369163513184,-0.061440158635377884,1.5447366215841227,0.7311302191313662,0.8409999790601432,0.007720740508367087,-0.024725094437599182,0.054566273233740574,0.01218619023843992,0.02605970521077383,5.494882583618164,5.128173351287842
22.722694635391235,9.604692459106445,-0.05409152805805206,1.54403473697279,0.7356564476903404,0.8459999789483845,0.007452351565606162,-0.026838839054107666,0.05972197866885272,0.012719977778024472,0.026761589822106524,5.506274223327637,5.158720016479492
22.73318839073181,9.605022430419922,-0.04670446738600731,1.5433643117784421,0.7395156479192615,0.8509999788366258,0.007148569791922498,-0.030378147959709167,0.06680405148702277,0.01325100281293956,0.027432015016454425,5.512823581695557,5.188105583190918
22.74259853363037,9.605359077453613,-0.039282236248254776,1.5427338193680455,0.7430487434944719,0.8559999787248671,0.0068031368207965145,-0.03454335033893585,0.07520587268174773,0.013776724757880388,0.028062507426851013,5.517909526824951,5.2160186767578125
22.75297999382019,9.605701446533203,-0.03182794526219368,1.5421474033159004,0.7462706820962793,0.8459999789483845,0.006413750725264426,-0.03893863782286644,0.08433144440210512,0.014294947929458957,0.02864892347899617,5.5226311683654785,5.242917060852051
22.76283288002014,9.606049537658691,-0.024342475458979607,1.541603709754589,0.7494045122250755,0.8359999791719019,0.005981689348278407,-0.043206118047237396,0.09362309012236661,0.01480607891339858,0.029192617040307622,5.526800155639648,5.268831729888916
22.773470163345337,9.606403350830078,-0.016826922073960304,1.5411023950339104,0.7524294298135525,0.8259999793954194,0.005507863643045119,-0.04738256335258484,0.10295025258632234,0.01531022131518256,0.029693931760986114,5.50571346282959,5.291257381439209
22.78310227394104,9.60676383972168,-0.009289389476180077,1.5406668999731181,0.7546447188095384,0.8159999796189368,0.004975290016983907,-0.05325731262564659,0.11418191814572577,0.01580130028217397,0.030129426821778438,5.455330848693848,5.319465637207031
22.792479276657104,9.607121467590332,-0.001746028894558549,1.5403343934356981,0.7552143221149409,0.8059999798424542,0.004324453348803834,-0.0650838240981102,0.1324704141444767,0.01625863433751107,0.030461933359198445,5.3561110496521,5.287317276000977
22.803133726119995,9.60743522644043,0.005767955910414457,1.5401426356723356,0.7521370954869404,0.7959999800659716,0.0033685058063349766,-0.09559471905231476,0.17318846108758895,0.016629893659688477,0.030653691122561,5.240982532501221,5.264734745025635
22.81241464614868,9.607733726501465,0.013260282576084137,1.540115233470453,0.7498732195245879,0.785999980289489,0.0022121728390665975,-0.1156332865357399,0.21001958494655232,0.016936610515870143,0.030681093324443465,5.122746467590332,5.242630481719971
22.82250952720642,9.60802173614502,0.02072056382894516,1.5402628421674258,0.7466014847922449,0.7759999805130064,0.0008644153198497272,-0.13477563858032227,0.24510462470544409,0.017180358290863396,0.03053348462747074,4.990105152130127,5.213792324066162
22.833059072494507,9.608302116394043,0.028137562796473503,1.5405931830391557,0.7422305094696995,0.7659999807365239,-0.0006762818143127544,-0.15406976640224457,0.2801869768452504,0.01736168197306931,0.030203143755740847,4.848710536956787,5.184523105621338
22.84319829940796,9.608573913574219,0.03550036624073982,1.5411222428432017,0.7367846868607596,0.7559999809600413,-0.002400099300479472,-0.17238178849220276,0.31455499459008524,0.017474832339649637,0.029674083951694907,4.70285177230835,5.158036708831787
22.85349464416504,9.608839988708496,0.04280100017786026,1.5418666008196242,0.7305690121049949,0.7459999811835587,-0.004291225855619607,-0.1891126185655594,0.34730648991223206,0.01751769594534025,0.028929725975272325,4.5558695793151855,5.135476112365723
22.863018035888672,9.609102249145508,0.050033360719680786,1.542835757367744,0.7237781553742798,0.7359999814070761,-0.006327205629363868,-0.20359791815280914,0.3774015942358467,0.017489327046884995,0.027960569427152526,4.406754016876221,5.1208391189575195
22.87273907661438,9.609362602233887,0.05719228833913803,1.5440494478142486,0.7165214100165932,0.7259999816305935,-0.008493670149680771,-0.2166464924812317,0.40531863769838516,0.01738570923241234,0.02674687898064798,4.271378993988037,5.104489803314209
22.883145809173584,9.609624862670898,0.06427829712629318,1.5454778106416478,0.7093340084620716,0.715999981854111,-0.010749494144379612,-0.22558240592479706,0.4283064939382259,0.017219606049931002,0.02531851615324876,4.1345906257629395,5.098490238189697
22.892736196517944,9.60988998413086,0.07128803431987762,1.5471431844446177,0.7018660545573154,0.7059999820776284,-0.01307445041548926,-0.23249565064907074,0.4476580933672445,0.01698526519192356,0.023653142350278822,4.0003981590271,5.098031520843506
22.902504682540894,9.610158920288086,0.07822143286466599,1.5490484326355625,0.6944375259157463,0.6959999823011458,-0.015446215596575318,-0.2371765673160553,0.4634742187431546,0.01668277424199438,0.02174789415933409,3.872634172439575,5.10429573059082
22.91275906562805,9.610430717468262,0.08507944643497467,1.5511955130395174,0.6871532968493104,0.6859999825246632,-0.017844111692373064,-0.2397894561290741,0.4758955771722353,0.016310585078414874,0.019600813755379143,3.7541868686676025,5.117608547210693
22.922959089279175,9.610709190368652,0.09186490625143051,1.553580803559441,0.6802019985002614,0.6759999827481806,-0.020244851529812122,-0.24007415771484375,0.484631937569007,0.01587359223118945,0.01721552323545561,3.6457905769348145,5.13709831237793
22.933507919311523,9.610993385314941,0.09858231991529465,1.5561985676971148,0.6737428642945319,0.665999982971698,-0.02262627187418215,-0.23814190924167633,0.489654349510945,0.015372557510772822,0.014597759097781717,3.5481882095336914,5.163414478302002
22.942964553833008,9.611283302307129,0.10523739457130432,1.5590412627055747,0.667891703244495,0.6559999831952155,-0.024968456925565898,-0.23421861231327057,0.4911421362354905,0.014809740317849318,0.01175506408932181,3.4612720012664795,5.196524620056152
22.953024864196777,9.611580848693848,0.11183595657348633,1.562102245349578,0.6626630585254414,0.6459999834187329,-0.027251960805200825,-0.22835035622119904,0.48915140953465724,0.01418904026956902,0.008694081445318469,3.408141613006592,5.928589344024658
22.96287441253662,9.61186695098877,0.11837451159954071,1.5652958515065194,0.6569277872004287,0.6359999836422503,-0.029443373744305952,-0.2191411256790161,0.4822123459091755,0.013517085254388661,0.00550047528837716,3.3521835803985596,5.927690029144287
22.972699642181396,9.612116813659668,0.12486033141613007,1.5685416347205106,0.6517228307703142,0.6259999838657677,-0.03154323849751279,-0.20998652279376984,0.47350017727976595,0.012793220708882558,0.002254692074386,3.755605936050415,5.958885669708252
22.983692169189453,9.612534523010254,0.1311236470937729,1.57165403260808,0.6282340148101606,0.630999983754009,-0.03012117606606864,0.14220629632472992,0.09460018701666517,0.012277211297847757,-0.0008577058131833404,4.422853469848633,5.316936492919922
22.993008852005005,9.612422943115234,0.13743464648723602,1.5735768104759524,0.6321872452016558,0.6359999836422503,-0.02874207651592075,0.13790985941886902,-0.02041707493100084,0.011588799085725299,-0.0027804836810558786,3.859070301055908,5.030013084411621
23.003690481185913,9.612215042114258,0.14369596540927887,1.5748759440765037,0.626797196785568,0.6409999835304916,-0.026699167772817268,0.20429092645645142,-0.1317700339496331,0.010991160324683946,-0.004079617281607106,3.864720106124878,4.767427921295166
23.0131573677063,9.611953735351562,0.1498585194349289,1.5756758253500618,0.6168617272930187,0.6459999834187329,-0.024133024744976965,0.25661414861679077,-0.2282676923195185,0.010489891593929102,-0.004879498555165229,4.02316427230835,4.908440589904785
23.023234605789185,9.611587524414062,0.15583477914333344,1.5763094235419466,0.5987588098109556,0.6509999833069742,-0.022742753789446048,0.13902725279331207,-0.13852847813948999,0.009933603768253363,-0.005513096747050028,6.4503278732299805,4.905457019805908
23.033570289611816,9.610941886901855,0.16168248653411865,1.577111742004726,0.5883345680616466,0.6559999831952155,-0.0207159405337971,0.20268116891384125,-0.18552302916499763,0.009047274933230653,-0.006315415209829477,9.67115592956543,4.8210225105285645
23.043009281158447,9.61007308959961,0.1674538105726242,1.5777012130172918,0.5836584243241241,0.6609999830834568,-0.018322804922462427,0.23931355774402618,-0.24624996511303546,0.008001640193221249,-0.006904886222395268,3.737373113632202,3.9877965450286865
23.05300760269165,9.609074592590332,0.17319270968437195,1.5777927060970318,0.5825295958897198,0.6509999833069742,-0.015984437273348362,0.2338367998600006,-0.26638137677001017,0.0069756959230513615,-0.006996379302135258,-2.3515288829803467,3.8806989192962646
23.062657356262207,9.60810375213623,0.17877879738807678,1.5778193834957386,0.5669916750226678,0.6409999835304916,-0.013733148239227786,0.2251289188861847,-0.27057355360615154,0.005996852445960599,-0.007023056700842023,0.42127135396003723,3.7551231384277344
23.072474479675293,9.60717487335205,0.18416938185691833,1.577918473551515,0.5470075760880891,0.6459999834187329,-0.011539585876007414,0.2193562239408493,-0.2729432509644172,0.005038247388554851,-0.007122146756618486,5.056396484375,3.651043176651001
23.08405590057373,9.606240272521973,0.18941573798656464,1.5778608790688096,0.5328956130698698,0.6509999833069742,-0.009439620086421801,0.20999659597873688,-0.27061624869879775,0.004120924468603349,-0.007064552273913005,8.517561912536621,3.5770750045776367
23.092769145965576,9.605206489562988,0.19463269412517548,1.5774355382252725,0.5318766180575671,0.6409999835304916,-0.007363583079468658,0.20760367810726166,-0.2738952572825524,0.0032147407663760674,-0.0066392114303759344,3.944878578186035,3.4906978607177734
23.102790117263794,9.604104995727539,0.19980256259441376,1.576734363591419,0.5286979663662337,0.6459999834187329,-0.005321311023730356,0.2042272388935089,-0.27752488158293803,0.002323595157406544,-0.0059380367965224945,-1.4542039632797241,3.35840106010437
23.112720727920532,9.60306167602539,0.2047870010137558,1.5760500903281611,0.5093411482945972,0.6509999833069742,-0.0034026717086624372,0.19186390936374664,-0.27142881863073637,0.0014855542161296142,-0.005253763533264566,1.890849232673645,3.218503713607788
23.122475147247314,9.602083206176758,0.2095678448677063,1.5753832688011868,0.4881038702754074,0.6559999831952155,-0.001619431717588405,0.17832399904727936,-0.26076557667461836,0.0007071284003377087,-0.004586942006290284,4.78556489944458,3.134387969970703
23.132895469665527,9.601085662841797,0.21423286199569702,1.5745237516662944,0.477244135553602,0.6609999830834568,7.595672556330403e-05,0.16953884065151215,-0.25332045384905244,-3.256203023838111e-05,-0.0037274248713978775,6.074601173400879,3.07252836227417
23.14306378364563,9.599982261657715,0.21889108419418335,1.573279444296888,0.47913475175487047,0.665999982971698,0.0017504180627583032,0.16744613647460938,-0.2535377585011749,-0.0007626728273528727,-0.002483117501991483,3.894230842590332,2.987161874771118
23.153231143951416,9.598809242248535,0.22350892424583435,1.5717516548012813,0.4770806347312554,0.6559999831952155,0.003387813547417067,0.16373953223228455,-0.2540466905206466,-0.0014773561097864985,-0.0009553280063847591,3.358731508255005,2.630033016204834
23.16312599182129,9.597769737243652,0.2279876470565796,1.5703188609332095,0.4598507134723646,0.6609999830834568,0.0047925490920385444,0.14047357439994812,-0.2334228551849219,-0.0020870230032841164,0.00047746586168706534,3.330953359603882,2.601901054382324
23.173036098480225,9.597084999084473,0.2324138581752777,1.5690944669338027,0.44830110306831666,0.665999982971698,0.0055073656189479235,0.07148166000843048,-0.15633210010604065,-0.002404443203655404,0.0017018598610938351,3.438110113143921,2.609581708908081
23.18316960334778,9.596697807312012,0.23688361048698425,1.5676838445514536,0.44922063479650737,0.6709999828599393,0.00546133536481591,-0.004603050649166107,-0.05217654120522462,-0.00236844952257087,0.00311248224344296,3.5718328952789307,2.7879459857940674
23.193005561828613,9.596464157104492,0.2414456456899643,1.5662972976109675,0.45733990546377895,0.6759999827481806,0.005424461033782981,-0.003687425283715129,-0.02061975854254694,-0.0021861386936254945,0.004499029183929081,3.7027695178985596,2.949327230453491
23.202770709991455,9.596342086791992,0.24610690772533417,1.56495401305042,0.4667775045106467,0.6809999826364219,0.005547931564522505,0.012347041629254818,-0.02708536741687315,-0.001905229055324753,0.005842313744476523,3.8251891136169434,3.1085965633392334
23.21261239051819,9.596315383911133,0.250873863697052,1.5636667107660822,0.47714117357148783,0.6859999825246632,0.005817937699689935,0.027000639587640762,-0.0438712193245141,-0.001545749400603924,0.007129616028814345,3.92913556098938,3.265974760055542
23.222736358642578,9.5963716506958,0.255748987197876,1.562464532821491,0.48791591927678163,0.6909999824129045,0.006199925333544729,0.038198769092559814,-0.06043798030234774,-0.0011288400312299274,0.008331793973405555,4.019355773925781,3.415090799331665
23.23316526412964,9.596498489379883,0.26073336601257324,1.5613555901360565,0.4989080744884743,0.6959999823011458,0.006654852134475732,0.04549266770482063,-0.07306696777385452,-0.0006693316937447236,0.009440736658840043,4.100615501403809,3.556535005569458
23.242851734161377,9.596686363220215,0.26582852005958557,1.5603424742535197,0.5101119896985432,0.7009999821893871,0.00715346083852901,0.049860887229442596,-0.08160231777524092,-0.00017753813849452627,0.010453852541376873,4.1761627197265625,3.6919398307800293
23.252956867218018,9.596928596496582,0.27103525400161743,1.5594246009773052,0.5214349922574882,0.7059999820776284,0.007676581607044414,0.052312083542346954,-0.08701012417168602,0.00034004071494564414,0.011371725817591383,4.247626304626465,3.8219971656799316
23.262454986572266,9.59721851348877,0.2763541042804718,1.5586004010436705,0.5328284073263081,0.7109999819658697,0.00821021652476527,0.053363461047410965,-0.09009026392960127,0.0008772005133437233,0.012195925751226078,4.315985202789307,3.947340726852417
23.27247667312622,9.597551345825195,0.2817853093147278,1.5578673145127713,0.5442572400647184,0.715999981854111,0.008743821206585255,0.05336043983697891,-0.09141872641174337,0.0014299414504659325,0.012929012282125285,4.381837368011475,4.068446636199951
23.283583164215088,9.597922325134277,0.2873287796974182,1.5572229700156117,0.555678996915941,0.7214999818243086,0.009268794118350975,0.05249729007482529,-0.09135435417080631,0.001994207134156767,0.01357335677928484,4.451012134552002,4.181941032409668
23.292465209960938,9.59832763671875,0.29298415780067444,1.5566604927187386,0.5670538147414198,0.7259999816305935,0.009781527391127379,0.05127336084842682,-0.09050620732844572,0.0025682457106146472,0.014135834076157927,4.545323848724365,4.272469520568848
23.30273151397705,9.598756790161133,0.2987489700317383,1.5561082973185332,0.5781380031932447,0.7309999815188348,0.010318031022026527,0.05365031212568283,-0.09326542485856723,0.003163040567292441,0.014688029476363385,4.636326789855957,4.360030651092529
23.31272840499878,9.599204063415527,0.30462247133255005,1.5555436714982995,0.5891058748297497,0.7359999814070761,0.010882984639626265,0.056495387107133865,-0.09765294221025163,0.0037796825850193727,0.015252655296597029,4.724425792694092,4.444986820220947
23.32289171218872,9.599665641784668,0.3106043040752411,1.554967324793921,0.600026305518896,0.7409999812953174,0.011468408525807113,0.05854242667555809,-0.101728408108842,0.004414144083842331,0.01582900200097548,4.661749362945557,4.3249921798706055
23.332736253738403,9.5999174118042,0.31676605343818665,1.5542974685386048,0.6167734148333106,0.7459999811835587,0.011450698178042205,-0.0017710387473925948,-0.038689545408053486,0.0048668447245159285,0.016498858256291715,4.72206449508667,4.411749839782715
23.342767000198364,9.600140571594238,0.32305392622947693,1.5536584170208083,0.6292673877935995,0.7509999810718,0.011372028350161694,-0.007866942323744297,-0.012332362878681096,0.0052816928531420615,0.01713790977408824,4.783151149749756,4.497020721435547
23.352801084518433,9.600373268127441,0.32945334911346436,1.5530619194604924,0.64043151908908,0.7559999809600413,0.011244908408682735,-0.012712097726762295,0.0018090152931732103,0.005693311450432503,0.017734407334404123,4.861982345581055,4.572645664215088
23.36246085166931,9.60061264038086,0.3359627425670624,1.5524753721653244,0.6514442383701746,0.7609999808482826,0.011094935638922908,-0.014997195452451706,0.009655923740173667,0.0061086192967110264,0.018320954629572173,4.937618255615234,4.643937587738037
23.37275743484497,9.60085678100586,0.34257590770721436,1.5518825818295694,0.661833700516229,0.7659999807365239,0.010935648906182517,-0.015928776934742928,0.014229470349750594,0.006530566201046639,0.01891374496532716,5.006987571716309,4.708364009857178
23.386072158813477,9.601360321044922,0.3560771644115448,1.5506751523691173,0.6798989741053811,0.7719999807886779,0.010582455057075718,-0.016819778829813004,0.019184878866149394,0.007396266066297841,0.02012117442577921,5.074105262756348,4.770510196685791
23.393232822418213,9.601360321044922,0.3560771644115448,1.5506751523691173,0.6798989741053811,0.7759999809786677,0.010582455057075718,-0.016819778829813004,0.02064187054550183,0.007396266066297841,0.02012117442577921,5.1224284172058105,4.815080165863037
23.40310049057007,9.601621627807617,0.36294710636138916,1.550060711943844,0.6875600651797155,0.780999980866909,0.010401056159933308,-0.018139971420168877,0.023808949362364912,0.00784186649233476,0.020735614851052464,5.171699047088623,4.860392093658447
23.41277313232422,9.601888656616211,0.3698848783969879,1.5494402503261906,0.6943576816532944,0.7859999807551503,0.010212218216540742,-0.018883787095546722,0.026917621842631443,0.008294992561822312,0.021356076468705965,5.215916633605957,4.9008989334106445
23.422756671905518,9.60215950012207,0.37688374519348145,1.5488146165030945,0.7004800316962194,0.7909999806433916,0.01001597324936742,-0.019624480977654457,0.03003609595611242,0.008753482149170821,0.02198171029180207,5.251101970672607,4.937262058258057
23.432793140411377,9.602435111999512,0.3839363753795624,1.5481889915635574,0.7058702182709791,0.7959999805316329,0.009808558712785917,-0.020741449669003487,0.03359003013381289,0.009216734862713238,0.022607335231339176,5.275122165679932,4.971706867218018
23.442507028579712,9.602716445922852,0.39103609323501587,1.5475773929379792,0.7105928475366794,0.8009999804198742,0.009579915055365193,-0.022864341735839844,0.03838342688223888,0.009681500208506222,0.02321893385691731,5.2912187576293945,5.004609107971191
23.452866077423096,9.603002548217773,0.39817798137664795,1.546992988005463,0.7148181374575842,0.8059999803081155,0.009320055507572469,-0.02598605677485466,0.04466350498389447,0.010142875526383932,0.023803338789433637,5.303354263305664,5.036234378814697
23.462752103805542,9.603294372558594,0.4053586721420288,1.546443434539759,0.7187150148541946,0.8109999801963568,0.009023855944065932,-0.029619857668876648,0.05200067686165066,0.010599518116142903,0.02435289225513748,5.313934326171875,5.066788673400879
23.47310733795166,9.603590965270996,0.412576287984848,1.5459308867215413,0.7224189772429863,0.8159999800845981,0.008689861767205627,-0.03339940682053566,0.05988208494578494,0.011049828613982626,0.024865440073355227,5.323686599731445,5.096359729766846
23.483471870422363,9.603894233703613,0.41982951760292053,1.5454559999278723,0.725991605864594,0.8209999799728394,0.008318171662098195,-0.03716907650232315,0.06799147399004668,0.011495518197893517,0.025340326867024254,5.332731246948242,5.12527322769165
23.496238231658936,9.604201316833496,0.42711782455444336,1.5450184280739223,0.7295113444632808,0.8269999800249934,0.007909348959612228,-0.0408821739256382,0.07617510442419739,0.011933830007478718,0.025777898720974246,5.341150760650635,5.152970790863037
23.505019426345825,9.604514122009277,0.43443912267684937,1.5446191651519454,0.7328238597967531,0.8309999802149832,0.0074631647852234735,-0.04461853578686714,0.08448947805112597,0.012366373646017337,0.02617716164295114,5.344526290893555,5.163822650909424
23.514697790145874,9.60483169555664,0.4417927861213684,1.5442570339736537,0.736074822759044,0.8359999801032245,0.006980956970171174,-0.048220742493867874,0.0927662825172226,0.012792548809530402,0.026539292821242896,5.350776195526123,5.185098171234131
23.52465319633484,9.605154037475586,0.4491778016090393,1.543931860698916,0.7392195997770735,0.8259999803267419,0.006463102396553812,-0.0517854169011116,0.10106122145805695,0.01321240793572187,0.026864466095980474,5.359085559844971,5.215993881225586
23.53482151031494,9.605480194091797,0.4565930664539337,1.5436443140281213,0.7422574855435066,0.8159999805502594,0.005909745905079876,-0.055335648357868195,0.10941339831267494,0.01362479709236375,0.027152012766775254,5.367494583129883,5.245839595794678
23.54473900794983,9.60581111907959,0.46403804421424866,1.5433925568858784,0.7452442240464614,0.8059999807737768,0.005322625202634452,-0.05871216207742691,0.11766516226144152,0.014031221125128113,0.02740376990901816,5.377434253692627,5.279462814331055
23.55399250984192,9.606144905090332,0.47151216864585876,1.5431757543966174,0.7481691369218779,0.7959999809972942,0.004702961935793401,-0.061966218054294586,0.12581873297617294,0.0144300232687673,0.027620572398279197,5.384060382843018,5.302198886871338
23.564661979675293,9.606483459472656,0.47901418805122375,1.5429930784240282,0.7509688345819392,0.7859999812208116,0.004051641138733276,-0.06513222306966782,0.13391170975963868,0.014823359401237468,0.02780324837086834,5.352710723876953,5.32030725479126
23.573994874954224,9.606825828552246,0.4865323007106781,1.5428794866630393,0.7525912956467357,0.775999981444329,0.0033447300433495806,-0.07069102674722672,0.14459735112793926,0.015199792784777344,0.027916840131857242,5.27683162689209,5.243190765380859
23.58429980278015,9.607171058654785,0.4940478801727295,1.5429015671986583,0.7523515767890767,0.7659999816678464,0.0025350599827515404,-0.0809669941663742,0.16118120109967732,0.015538401305692062,0.027894759596238217,5.15036678314209,5.320459842681885
23.5939621925354,9.607498168945312,0.5015277862548828,1.5431122314009917,0.7487025340420778,0.7559999818913639,0.0014970401663401598,-0.10380198806524277,0.19317654637165474,0.015802336736951972,0.027684095393904817,4.994232654571533,5.287884712219238
23.603991508483887,9.607791900634766,0.5089530348777771,1.5435443504703608,0.74310842043917,0.7459999821148813,0.00014752317938490872,-0.13495171070098877,0.23915827623960936,0.015966481608149508,0.027251976324535798,4.844550609588623,5.259390354156494
23.61450719833374,9.608073234558105,0.5163270235061646,1.5441987808973554,0.7379514560442745,0.7359999823383987,-0.0014253856183959969,-0.15729086101055145,0.2804775717337869,0.016051557566283847,0.026597545897541153,4.704939842224121,5.2345404624938965
23.624067783355713,9.608348846435547,0.5236449837684631,1.5450634205241471,0.7323528611132717,0.7259999825619161,-0.003182832115433834,-0.1757446527481079,0.3166269038925711,0.016067866351015425,0.025732906270749423,4.564486026763916,5.211098670959473
23.63414716720581,9.608619689941406,0.5309011936187744,1.5461373404815868,0.7262267027730973,0.7159999827854335,-0.005095147412183528,-0.19123147428035736,0.34833783046584177,0.016016636144120966,0.02465898631330976,4.4176177978515625,5.191486835479736
23.64415431022644,9.608887672424316,0.5380889177322388,1.547437472148025,0.7194604326621701,0.705999983008951,-0.007143643054501639,-0.20484955608844757,0.37691621236277206,0.015894691564056984,0.023358854646871485,4.268462657928467,5.176579475402832
23.65400981903076,9.609153747558594,0.5452028512954712,1.548977375826879,0.7122050203650344,0.6959999832324684,-0.009309380565679004,-0.2165737748146057,0.40266062119204227,0.015698913497647737,0.02181895096801756,4.122913837432861,5.167834758758545
23.66385579109192,9.609417915344238,0.5522393584251404,1.5507622072837473,0.7046426527459599,0.6859999834559858,-0.011573605727414924,-0.2264225035905838,0.4256207808013529,0.015427749154985904,0.020034119511149306,3.9853017330169678,5.166422367095947
23.673935651779175,9.609685897827148,0.5592001676559448,1.5527947618676399,0.6972878232616445,0.6759999836795032,-0.013896327080390777,-0.23227214813232422,0.44346944934578836,0.015086075633989893,0.018001564927256686,3.856984853744507,5.172323226928711
23.683773279190063,9.609959602355957,0.566085934638977,1.5550698897015056,0.6900597807296958,0.6659999839030206,-0.0162549446332533,-0.2358618527650833,0.45727849660456793,0.014677339012610702,0.015726437093390944,3.7373390197753906,5.184754848480225
23.693976640701294,9.610237121582031,0.5728995203971863,1.5575836790568744,0.6831615100545743,0.655999984126538,-0.018623911615760904,-0.23689667880535126,0.46698861592375396,0.014200800575165928,0.013212647738022108,3.6268372535705566,5.203542232513428
23.704214811325073,9.61052131652832,0.579645037651062,1.56033159777116,0.6767286185172527,0.6459999843500555,-0.020982832863215596,-0.23589205741882324,0.47307252187234444,0.013660677935842358,0.010464729023736517,3.5268046855926514,5.229473114013672
23.714272499084473,9.610812187194824,0.5863274931907654,1.5633075118197564,0.6708282624101027,0.6359999845735729,-0.0233103691905736,-0.2327536642551422,0.4755187612714316,0.013058810687908817,0.007488814975140201,3.4377312660217285,5.26228666305542
23.724002838134766,9.611109733581543,0.59295254945755,1.5665050048888807,0.6655424078764328,0.6259999847970903,-0.0255866649348123,-0.22762955725193024,0.47442958684810865,0.01239712620202127,0.004291321906015888,3.3854424953460693,5.990786075592041
23.73421025276184,9.611381530761719,0.5995103120803833,1.5697769309179628,0.6589483749301924,0.6159999850206077,-0.02777066716401214,-0.21840035915374756,0.46761933201350125,0.01168734947183303,0.0010193958769337819,3.8816778659820557,5.563834190368652
23.743682146072388,9.6116304397583,0.6059264540672302,1.5724959432140553,0.6422763883492143,0.620999984908849,-0.026730592306324023,0.10400763899087906,0.12180307923812067,0.011120555078036887,-0.0016996164191587229,4.358050346374512,5.257869720458984
23.753905773162842,9.611602783203125,0.6123416423797607,1.5741702687676913,0.6422665735956488,0.6259999847970903,-0.025148798581439837,0.15817932784557343,-0.044896492729281035,0.010590602531646454,-0.003373941972794725,3.934239387512207,5.068263053894043
23.764244556427002,9.611474990844727,0.6186900734901428,1.5752835510092182,0.6352195610379039,0.6309999846853316,-0.023185368969767573,0.19634301960468292,-0.14163451631270652,0.010128828097979437,-0.004487224214321683,3.944406509399414,5.167352199554443
23.773982763290405,9.611150741577148,0.6248573064804077,1.5764127094194933,0.6177527265806703,0.6359999845735729,-0.0216721961309283,0.151317298412323,-0.1289675560472071,0.009465835647844756,-0.005616382624596739,6.780969142913818,5.077667713165283
23.784316301345825,9.610580444335938,0.6309254169464111,1.5774132276962274,0.6095407783336623,0.6409999844618142,-0.01970375122283138,0.1968444138765335,-0.18001592772699337,0.008595388551020378,-0.0066169009013308236,10.01862621307373,4.98762845993042
23.7936954498291,9.60982894897461,0.636932373046875,1.5779847434063052,0.6053851568616102,0.6459999843500555,-0.017590699341137998,0.21130511164665222,-0.21774623549766428,0.007672442563611881,-0.007188416611408677,3.910001039505005,4.186683654785156
23.803741931915283,9.608940124511719,0.6429219245910645,1.578090767857332,0.6055203609222938,0.6509999842382967,-0.015479941681835115,0.21107587218284607,-0.23574443966925332,0.0067518115993845385,-0.007294441062435375,-2.293379306793213,4.063745021820068
23.813814401626587,9.608073234558105,0.648749828338623,1.5781929197005957,0.589209722366053,0.655999984126538,-0.01342474700944111,0.2055194228887558,-0.24201350309031058,0.005854276919567525,-0.007396592905699162,0.3973008990287781,3.929151773452759
23.824538707733154,9.607245445251465,0.654384970664978,1.578297980384978,0.5695595071561952,0.6609999840147793,-0.011457830958711121,0.19669166207313538,-0.24105377122325125,0.0049949702820875075,-0.00750165359008137,4.975994110107422,3.8251166343688965
23.83426308631897,9.606405258178711,0.6598764061927795,1.5782446191196104,0.5555384927554189,0.6659999839030206,-0.00956866427450951,0.1889166235923767,-0.2386939969737813,0.004170791141707042,-0.00744829232471389,8.246901512145996,3.751406669616699
23.84396195411682,9.605459213256836,0.6653420925140381,1.577815084771368,0.5547316349981783,0.6709999837912619,-0.007695052435960664,0.1873612254858017,-0.24216557126305652,0.0033536031520924325,-0.007018757976471335,10.960254669189453,3.6830503940582275
23.8539137840271,9.604401588439941,0.6707924604415894,1.5770050260908393,0.5553383997958465,0.6609999840147793,-0.005827044293375129,0.1868007928133011,-0.24815503778694809,0.0025389906177668564,-0.006208699295942698,4.1702189445495605,3.6099252700805664
23.864055156707764,9.603267669677734,0.6762137413024902,1.5758955803409203,0.5541297485865982,0.6659999839030206,-0.0039887216051510445,0.18383225798606873,-0.2520685270671932,0.0017379002435564672,-0.0050992535460236965,-1.3141199350357056,3.479915142059326
23.873942613601685,9.602185249328613,0.681459367275238,1.5748093424776173,0.5358742400769784,0.6709999837912619,-0.0022548331278461047,0.17338885366916656,-0.24718526110275188,0.0009813478551343735,-0.004013015682720722,1.7984415292739868,3.3411827087402344
23.88371706008911,9.601171493530273,0.6864968538284302,1.5737663642112871,0.5141214656956505,0.6759999836795032,-0.0006468099969757639,0.16080231964588165,-0.23704571955873532,0.0002804836153096346,-0.00297003741639057,4.566271781921387,3.2569401264190674
23.89368724822998,9.600146293640137,0.6914092898368835,1.5725606440986921,0.5021910861336306,0.6809999835677445,0.0008742444384795321,0.1521054357290268,-0.2290311000664826,-0.0003830012764023394,-0.0017643173037955595,6.2337751388549805,3.2002170085906982
23.904337406158447,9.599010467529297,0.6963241100311279,1.5709562823700347,0.5050930666273705,0.6859999834559858,0.0023743547464495666,0.15001103281974792,-0.22824422920027937,-0.0010375191430398445,-0.00015995557513814873,3.7880375385284424,2.8097760677337646
23.914613485336304,9.598180770874023,0.7013782262802124,1.5692246626318136,0.5126735301086849,0.6909999833442271,0.003161763511528826,0.07874089479446411,-0.15452038392836692,-0.0013477300711617346,0.0015716641630829642,3.5753796100616455,2.901883125305176
23.924297332763672,9.597580909729004,0.7062650322914124,1.5679041425150992,0.49278832095561076,0.6959999832324684,0.0035430661941046,0.0381302610039711,-0.09015853899089063,-0.0015514361966726398,0.0028921842797973163,3.5315968990325928,2.875401258468628
23.9344322681427,9.597260475158691,0.7110042572021484,1.5667403627263106,0.4753751738285762,0.7009999831207097,0.0034803794394751325,-0.006268676370382309,-0.023232911963420547,-0.0015227389569307803,0.004055964068585993,3.607755422592163,3.0259997844696045
23.943960189819336,9.597089767456055,0.715769350528717,1.5656846695628233,0.47711593341717506,0.705999983008951,0.003323976145180258,-0.015640344470739365,0.00801654480641862,-0.0013767420524484208,0.005111657232073297,3.7392733097076416,3.192347526550293
23.954001426696777,9.597021102905273,0.7206267714500427,1.5647096213844605,0.4860352585712691,0.7109999828971922,0.0033280193778053775,0.0004043537483084947,0.0014617105446220694,-0.0011528967465821438,0.0060867054104361,3.862978458404541,3.356658697128296
23.964417219161987,9.597044944763184,0.7255905866622925,1.5637973292899212,0.49659819552165585,0.7159999827854335,0.003501232540810026,0.017321301624178886,-0.01778700824194561,-0.0008553731279139498,0.006998997504975346,3.970850944519043,3.511582374572754
23.973921298980713,9.597148895263672,0.7306634783744812,1.562959835703647,0.5075718453338018,0.7209999826736748,0.0037974166742283325,0.029618382453918457,-0.03632910863912275,-0.0005001814710574592,0.00783649109124962,4.063901901245117,3.657914638519287
23.98404359817505,9.597318649291992,0.735846757888794,1.5622071726019169,0.5187441322441099,0.7259999825619161,0.00417363352804681,0.037621695548295975,-0.050394177038317306,-0.00010463613262423621,0.008589154192979676,4.147707462310791,3.79744815826416
23.993961572647095,9.597546577453613,0.7411413192749023,1.5615434975162914,0.5300504812030353,0.7309999824501574,0.004601866079974211,0.04282328858971596,-0.060352850654349456,0.0003223866283850185,0.009252829278605157,4.225282192230225,3.9309535026550293
24.004205465316772,9.59782600402832,0.7465478181838989,1.5609696262932609,0.5414482352365506,0.7359999823383987,0.00506228447559931,0.0460418201982975,-0.06712916988574254,0.0007739667337443024,0.009826700501635699,4.298323631286621,4.059164524078369
24.014158010482788,9.598149299621582,0.7520667910575867,1.5604843715988468,0.5528987530147337,0.74099998222664,0.005539981797274217,0.047769732773303986,-0.07148321678976607,0.001242831353868823,0.010311955196049771,4.390902042388916,4.166201114654541
24.0240216255188,9.598509788513184,0.757697343826294,1.5600515363927256,0.56424184654717,0.7459999821148813,0.0060443387619074605,0.05043572187423706,-0.07618970849427709,0.0017331636096109548,0.010744790402170912,4.489381790161133,4.261726379394531
24.034117221832275,9.598893165588379,0.7634379267692566,1.5596086389943156,0.5753787466706898,0.7509999820031226,0.006600253390892768,0.05559145286679268,-0.08373173253250174,0.002249401914003357,0.011187687800580992,4.583836555480957,4.353615760803223
24.044064044952393,9.599297523498535,0.7692885398864746,1.5591553831933012,0.5864978582005319,0.7559999818913639,0.007196124311088732,0.059587057679891586,-0.09099166598869718,0.002789727705422962,0.0116409436015954,4.67471170425415,4.442272186279297
24.05393409729004,9.59971809387207,0.7752489447593689,1.5586919699323245,0.5975689495321435,0.7609999817796052,0.007821921065728826,0.06257964670658112,-0.09717677417332413,0.0033493122577237244,0.012104356862572052,4.89645528793335,4.390194416046143
24.06385898590088,9.60012149810791,0.7813296318054199,1.5581929865133353,0.6094546175461388,0.7659999816678464,0.00833905903531893,0.05171384662389755,-0.08817408864518017,0.0039024000948071347,0.012603340281561293,4.6909499168396,4.397619247436523
24.074193000793457,9.600301742553711,0.7875963449478149,1.5575999127733648,0.6269959466439325,0.7709999815560877,0.008330504313857618,-0.0008554696105420589,-0.02951178872504258,0.004260551856468453,0.01319641402153171,4.750678539276123,4.485729694366455
24.084232330322266,9.600484848022461,0.7939766645431519,1.5570629754830523,0.6383500113282569,0.775999981444329,0.008277135606591629,-0.0053368606604635715,-0.006365618721455066,0.004604723908341768,0.013733351311844276,4.812533855438232,4.572300434112549
24.093934297561646,9.600674629211426,0.8004701137542725,1.556568753513657,0.6496690862562863,0.7809999813325703,0.008177526477214358,-0.009960941970348358,0.0063660755044551605,0.004942757197254011,0.01422757328123958,4.893249988555908,4.650620460510254
24.103904485702515,9.600871086120605,0.8070761561393738,1.5560874371182303,0.6609346225703725,0.7859999812208116,0.008055668540544788,-0.012185757048428059,0.013508084678604497,0.005283593910856865,0.01470888967666628,4.973300933837891,4.726024150848389
24.114057302474976,9.601072311401367,0.8137908577919006,1.5555994466284084,0.6718149729560277,0.7909999811090529,0.007926961662235913,-0.012870722450315952,0.017385748815683902,0.005631199971039891,0.015196880166488125,5.0498247146606445,4.798957824707031
24.12393546104431,9.601278305053711,0.8206110000610352,1.5551051263148947,0.6823744534025751,0.7959999809972942,0.007790933196489941,-0.013602781109511852,0.020363895123947554,0.005985472030607397,0.015691200480001832,5.1219282150268555,4.866735458374023
24.134016752243042,9.601489067077637,0.827531099319458,1.5546039867149302,0.6923721708413187,0.8009999808855355,0.007648124822425962,-0.014280891045928001,0.023045535908662883,0.006346556829408101,0.016192340079966394,5.187741756439209,4.928481101989746
24.1437566280365,9.601704597473145,0.8345429301261902,1.5540963720672725,0.7015608708908636,0.8059999807737768,0.007498821810330644,-0.014930257573723793,0.02563770880806115,0.006714351023422438,0.01669995472762409,5.246675491333008,4.983636379241943
24.153953313827515,9.601924896240234,0.8416374325752258,1.5535827960158914,0.7098367377005211,0.8109999806620181,0.007343046703285864,-0.01557755284011364,0.028230507653003983,0.007088700454399799,0.017213530779005115,5.298820972442627,5.032290458679199
24.164475917816162,9.602149963378906,0.8488052487373352,1.5530639343391055,0.7171793450402978,0.8159999805502594,0.007180845824546033,-0.016220083460211754,0.030847706971288948,0.00746940233335458,0.017732392455791057,5.34468936920166,5.074931621551514
24.173994779586792,9.602377891540527,0.8560375571250916,1.5525406362682987,0.7236396793243899,0.8209999804385006,0.007012278652543805,-0.016856707632541656,0.0334924539927887,0.007854294499660242,0.018255690526597812,5.383783340454102,5.112865447998047
24.18385934829712,9.60261058807373,0.8633265495300293,1.5520152464748973,0.7293187590285398,0.8259999803267419,0.0068358794828949935,-0.01763990893959999,0.03632954347239314,0.008244580944008817,0.018781080319999255,5.412528038024902,5.149001598358154
24.19397234916687,9.6028470993042,0.870665967464447,1.5514986338172079,0.734368682176032,0.8309999802149832,0.006643712173188465,-0.019216759130358696,0.04009799090011273,0.008636047880232312,0.019297692977688685,5.432960033416748,5.1836771965026855
24.203861236572266,9.603089332580566,0.8780509233474731,1.5510043290080697,0.7389277501272032,0.8359999801032245,0.006425603250080688,-0.02181086875498295,0.04527098842173272,0.009026544274995274,0.01979199778682683,5.448629379272461,5.217090606689453
24.213858127593994,9.6033353805542,0.8854777812957764,1.5505406751138888,0.7431324218844594,0.8409999799914658,0.006175464833446025,-0.02501383237540722,0.05156821772803585,0.009411660531016608,0.020255651681007736,5.462037086486816,5.249423980712891
24.223722457885742,9.603586196899414,0.8929443955421448,1.5501116732370426,0.7471137705001443,0.8459999798797071,0.005890836335713405,-0.028462860733270645,0.058528309273840416,0.009791150474725896,0.020684653557853983,5.474145412445068,5.280768394470215
24.234434843063354,9.603841781616211,0.9004492163658142,1.549718310935634,0.7509408298045004,0.8509999797679484,0.005571082879116228,-0.031975407153367996,0.06582194399979795,0.010164718154445751,0.021078015859262503,5.485079288482666,5.31115198135376
24.243635177612305,9.60410213470459,0.9079908132553101,1.5493615817427646,0.7546329814908537,0.8559999796561897,0.005216023411003466,-0.03550586849451065,0.07330208888341944,0.010532065823687375,0.021434745052131943,5.494809150695801,5.340590000152588
24.253926515579224,9.60436725616455,0.915567934513092,1.549042313858094,0.7581918899957902,0.860999979544431,0.0048254706682316845,-0.039055317640304565,0.08092565106685748,0.010892945317495517,0.02175401293680257,5.503427028656006,5.369110107421875
24.26409125328064,9.604636192321777,0.9231792688369751,1.5487611685286553,0.7616210606322226,0.8509999797679484,0.004399269904636239,-0.04262007400393486,0.08867482951291776,0.011246204858066378,0.02203515826624125,5.5111165046691895,5.396754741668701
24.27370810508728,9.604909896850586,0.930823564529419,1.5485186398800483,0.7649289591944873,0.8409999799914658,0.003937475605810959,-0.04617943614721298,0.09652303207782574,0.011592650123155579,0.022277686914848216,5.518044471740723,5.42356538772583
24.284007787704468,9.60518741607666,0.9384998083114624,1.5483152272446952,0.7681264810897437,0.8309999802149832,0.0034403341615542446,-0.049714136868715286,0.10444004217123204,0.011931177858874875,0.02248109955020139,5.500337600708008,5.447228908538818
24.293846607208252,9.60546875,0.9461999535560608,1.5481736259511012,0.7705351092512968,0.8209999804385006,0.0028910337547988175,-0.05493008345365524,0.11423559103326712,0.012254981368203133,0.022622700843795363,5.453610420227051,5.466612339019775
24.303963661193848,9.605755805969238,0.9539096355438232,1.5481365681734158,0.7715057620840121,0.8109999806620181,0.0022586060754493107,-0.06324274092912674,0.12798818203492807,0.012553151821354191,0.02265975862148073,5.383181571960449,5.481848239898682
24.314003705978394,9.606048583984375,0.9616150259971619,1.5482412790338258,0.7710919726103386,0.8009999808855355,0.0015166257165824593,-0.07419803738594055,0.14588186388208663,0.012814524605614608,0.022555047761070757,5.298549652099609,5.493213176727295
24.323559522628784,9.606348037719727,0.9693059921264648,1.5485117086812195,0.7696934306714318,0.7909999811090529,0.0006691744102886452,-0.08474507927894592,0.1647327766473314,0.01303286983581664,0.0222846181136771,5.201155662536621,5.5022807121276855
24.333757638931274,9.606649398803711,0.976973295211792,1.5489697349181422,0.7673568795791772,0.7809999813325703,-0.00033144270104462745,-0.10006169974803925,0.18912975339960375,0.013196856469580354,0.021826591876754398,5.076159477233887,5.477048873901367
24.343961477279663,9.60692310333252,0.9846166372299194,1.5496087376993493,0.7649091316822718,0.7709999815560877,-0.0015441340225661316,-0.12126917392015457,0.22176520796957672,0.01327890450166258,0.0211875890955473,4.974151134490967,5.490713119506836
24.35474920272827,9.607196807861328,0.992229163646698,1.550448558415662,0.7618535544078747,0.7609999817796052,-0.002884610316424582,-0.13404762744903564,0.24818575361560025,0.013300717152784358,0.020347768379234576,4.875003337860107,5.505519390106201
24.364369869232178,9.60748291015625,0.9998003244400024,1.551493998803355,0.7578325863535489,0.7509999820031226,-0.004315005136984511,-0.1430394947528839,0.268833553134689,0.013273248977473173,0.019302327991541638,4.765115737915039,5.5178961753845215
24.374318599700928,9.607776641845703,1.0073257684707642,1.5527528974782887,0.7533856520599894,0.74099998222664,-0.0058314021202827155,-0.1516396701335907,0.2873796660848666,0.013189376929705787,0.01804342931660785,4.64460563659668,5.530192852020264
24.38447904586792,9.608076095581055,1.0147998332977295,1.5542450427475933,0.7483686165542575,0.7309999824501574,-0.007439885497933668,-0.16084837913513184,0.30597156053510544,0.013041254091273657,0.016551284047303216,4.5229268074035645,5.545233726501465
24.3942608833313,9.608379364013672,1.0222183465957642,1.555981681391273,0.7429935530596871,0.7209999826736748,-0.009134025557920257,-0.1694139838218689,0.32390685027622523,0.01282359506527797,0.014814645403623539,4.376500606536865,5.509018421173096
24.40440559387207,9.608636856079102,1.0295963287353516,1.5579297092813442,0.738907225585505,0.7109999828971922,-0.011015000115789443,-0.18809746205806732,0.35253223727089733,0.012496734830721223,0.012866617513552338,4.2607550621032715,5.507383346557617
24.41425061225891,9.608867645263672,1.0369287729263306,1.5600840046490307,0.7344238908803192,0.7009999831207097,-0.013009946378847108,-0.1994946002960205,0.37680588543982474,0.012081280443776876,0.010712322145865816,4.149040222167969,5.507029056549072
24.42422652244568,9.609076499938965,1.0442150831222534,1.562444084306156,0.7299440554126715,0.6909999833442271,-0.0150978246359242,-0.20878778398036957,0.39760117104504816,0.01158214355308651,0.008352242488740558,4.047832489013672,5.5050859451293945
24.434224128723145,9.609259605407715,1.0514577627182007,1.564982497043353,0.7256909539642156,0.6809999835677445,-0.017253266609784455,-0.21554425358772278,0.4146773113341812,0.011003744507643631,0.005813829751543542,3.942828893661499,5.505290985107422
24.444024801254272,9.609415054321289,1.0586565732955933,1.5677106258730635,0.7214396405123351,0.6709999837912619,-0.019476035597468983,-0.22227688133716583,0.4305873433047388,0.010340763128807495,0.0030857009218330234,3.8365111351013184,5.506415843963623
24.454236030578613,9.609539031982422,1.0658109188079834,1.5706300467358167,0.7171780743707535,0.6609999840147793,-0.021762664078036342,-0.22866284847259521,0.44574283809692605,0.009588915999916736,0.00016628005907981525,4.099655628204346,5.336866855621338
24.46411895751953,9.6096830368042,1.0728436708450317,1.5731292457842194,0.7043313630549422,0.6659999839030206,-0.021017865440377887,0.07447978854179382,0.1276482699822178,0.008983161742248669,-0.0023329189893228626,4.194343566894531,5.084717273712158
24.473943948745728,9.609737396240234,1.079831600189209,1.5749929401879565,0.6994904212176867,0.6709999837912619,-0.019632466374958194,0.13854007422924042,-0.04066516529237518,0.008478415917759108,-0.004196613393059989,4.209033489227295,5.047021865844727
24.484485149383545,9.609682083129883,1.0867092609405518,1.576516846451963,0.6882513208296086,0.6759999836795032,-0.01825830865285722,0.13741567730903625,-0.09532599314708182,0.007965936592761125,-0.005720519657066436,5.671487331390381,4.977608680725098
24.49397349357605,9.609448432922363,1.0934665203094482,1.5781181704000904,0.6766535335118842,0.6809999835677445,-0.016627396791918988,0.16309118270874023,-0.14502370557497113,0.0072518994667323255,-0.007321843605193834,9.327268600463867,4.879615783691406
24.50419330596924,9.609079360961914,1.1001609563827515,1.5794068925414964,0.6708086830572455,0.6859999834559858,-0.01490121808694411,0.17261791229248047,-0.17639488294029476,0.006496223157975933,-0.008610565746599796,6.004551410675049,4.794704437255859
24.513995885849,9.60859489440918,1.1068010330200195,1.5803588985148898,0.665964978008115,0.6909999833442271,-0.013140890025859995,0.17603276669979095,-0.19573749449778424,0.005726166614389072,-0.009562571719993196,-1.1470834016799927,4.679543972015381
24.523673057556152,9.608065605163574,1.113327145576477,1.5811695763064273,0.6549014080333408,0.6959999832324684,-0.01137568337997317,0.17652064561843872,-0.20831237505707956,0.00495368612013003,-0.010373249511530735,0.9550295472145081,4.5428853034973145
24.534006595611572,9.607544898986816,1.1196708679199219,1.581933474784099,0.636634895438615,0.7009999831207097,-0.009661196095856745,0.1714487224817276,-0.21282089171144708,0.004203823660027695,-0.0111371479892024,5.340969085693359,4.432290554046631
24.543959379196167,9.606986999511719,1.1258752346038818,1.5825077284464817,0.6230161627248114,0.6909999833442271,-0.007991298412841932,0.1669897735118866,-0.2152974983278192,0.0034736593306874397,-0.01171140165158513,9.099591255187988,4.347929000854492
24.554330348968506,9.606310844421387,1.1320439577102661,1.5826912533431743,0.6205639960520409,0.6959999832324684,-0.006319476933121284,0.16718220710754395,-0.22180777391879092,0.0027424506065365506,-0.011894926548277729,4.171438694000244,4.257753372192383
24.56399416923523,9.605548858642578,1.1381655931472778,1.5825622807961819,0.6168970525386325,0.6859999834559858,-0.0046605284542996905,0.16589482128620148,-0.22771735375370988,0.0020191538841949352,-0.011765954001285328,-1.1803964376449585,4.127788066864014
24.574071884155273,9.604812622070312,1.14411461353302,1.5824083362201393,0.5994355655811908,0.6909999833442271,-0.003080600891742523,0.15799272060394287,-0.22622705744385796,0.0013290975296609275,-0.011612009425242764,1.5980918407440186,3.9896774291992188
24.58429503440857,9.604113578796387,1.1498709917068481,1.5822417550346757,0.5798863101509744,0.6959999832324684,-0.0015914662678902201,0.1489134579896927,-0.22098774320052694,0.000680025290273889,-0.01144542823977912,5.142547607421875,3.89412522315979
24.593597888946533,9.603384017944336,1.155501365661621,1.5818856475145684,0.5677685540685078,0.7009999831207097,-0.00016444916014392814,0.14270173013210297,-0.217315004667885,5.728991238562742e-05,-0.011089320719671836,8.285877227783203,3.8236746788024902
24.603785037994385,9.60253620147705,1.1611218452453613,1.5811151967403188,0.5685304518441917,0.6909999833442271,0.0012524327094761505,0.14168821275234222,-0.21925361489126752,-0.0005594045696799554,-0.010318869945422195,4.404110908508301,3.7404820919036865
24.613754749298096,9.601600646972656,1.1667109727859497,1.580020952362014,0.566944342817542,0.6959999832324684,0.002647384821309992,0.13949519395828247,-0.22134449849760246,-0.001166701449761831,-0.00922462556711734,-0.8502181768417358,3.6117727756500244
24.62403416633606,9.60070514678955,1.1721254587173462,1.578933743918746,0.5490934166265791,0.7009999831207097,0.003956894434300335,0.13095097243785858,-0.21655406074754896,-0.0017360514056985465,-0.008137417123849522,2.5201029777526855,3.4732444286346436
24.63398265838623,9.599863052368164,1.1773357391357422,1.5778859161461631,0.5280706005374405,0.705999983008951,0.0051705017910217725,0.12136074155569077,-0.20833027915091895,-0.002263806620314668,-0.007089589351266578,4.847604274749756,3.3956058025360107
24.64394974708557,9.59898567199707,1.1824398040771484,1.5766357226769556,0.5182767938769304,0.7109999828971922,0.006323908634954392,0.11534066498279572,-0.20248687035964041,-0.002766136811819919,-0.005839395882059062,4.500538349151611,3.341383218765259
24.654074668884277,9.597990036010742,1.1875550746917725,1.5749701547100068,0.5218129839844908,0.7159999827854335,0.007464696852051711,0.1140788197517395,-0.20200970457453446,-0.003262108728215196,-0.004173827915110229,4.377712726593018,3.250535249710083
24.664076566696167,9.596930503845215,1.1926180124282837,1.573043691829426,0.518184513507999,0.705999983008951,0.008570579585182163,0.11058828234672546,-0.20052013025429058,-0.0037437050976105724,-0.0022473650345293805,4.540984630584717,3.196533203125
24.67371368408203,9.59579849243164,1.1976425647735596,1.5708261176148755,0.5162758066270151,0.7109999828971922,0.009639468531975845,0.10688889026641846,-0.1981857254255232,-0.0042104448143511775,-2.9790819978892102e-05,4.30972146987915,2.8331615924835205
24.68436884880066,9.595108032226562,1.2028805017471313,1.5684001389447348,0.52967723049683,0.7159999827854335,0.010477801393043636,0.08383332937955856,-0.17389674443442593,-0.004173112106299115,0.002396187850161713,4.441003322601318,2.9874916076660156
24.694443225860596,9.594653129577637,1.2082375288009644,1.5658321815405387,0.5391882572691918,0.7209999826736748,0.010782382035710754,0.030458074063062668,-0.10929385565316527,-0.0038576329625552574,0.0049641452543578435,4.560367107391357,3.167541265487671
24.704121351242065,9.594321250915527,1.21369206905365,1.5633577537778744,0.5478697485930912,0.7259999825619161,0.011248797820415192,0.0466415137052536,-0.10605330639305371,-0.0034471977590015968,0.00743857301702211,4.669300079345703,3.3333325386047363
24.713988304138184,9.594096183776855,1.2192474603652954,1.5609677054055529,0.5572626534739016,0.7309999824501574,0.011830071699613939,0.05812744051218033,-0.11658478837077108,-0.002955277279236057,0.009828621389343706,4.764970302581787,3.4929187297821045
24.723954439163208,9.593964576721191,1.2249064445495605,1.5586759532640906,0.5672026283546812,0.7359999823383987,0.012493367049355351,0.06632953137159348,-0.12803435307605415,-0.0023994002451495078,0.012120373530805972,4.859524726867676,3.636702537536621
24.73395299911499,9.593914031982422,1.23067045211792,1.556453708157276,0.5774728914357361,0.74099998222664,0.013208635114792075,0.07152681797742844,-0.13674010324782446,-0.0017833299462868268,0.014342618637620541,4.938547134399414,3.7831757068634033
24.74368691444397,9.593934059143066,1.23654043674469,1.5543352402593347,0.5879269680231409,0.7459999821148813,0.013964264113094772,0.07556290179491043,-0.14355439511447826,-0.0011278379141099748,0.016461086535561886,5.011412620544434,3.9235637187957764
24.754027843475342,9.594017028808594,1.2425174713134766,1.5523197573201475,0.5985784385568221,0.7509999820031226,0.014739735770962926,0.0775471106171608,-0.14774835940245026,-0.00044031572350533565,0.01847656947474907,5.084873199462891,4.05860710144043
24.764030933380127,9.594156265258789,1.2486026287078857,1.5504024856053484,0.60939211724832,0.7559999818913639,0.01551683682595371,0.0777101144194603,-0.1492973509930715,0.0002739935256137471,0.020393841189548123,5.7751617431640625,4.210852146148682
24.773842096328735,9.594369888305664,1.2547938823699951,1.5486637278573587,0.6201883039871199,0.7609999817796052,0.016268510408471114,0.07516738027334213,-0.14725230406383433,0.0010091259153810483,0.02213259893753783,5.822161674499512,4.4275712966918945
24.78479838371277,9.594687461853027,1.2611039876937866,1.547234963043397,0.632298168265924,0.7659999816678464,0.016943130298870117,0.0674619972705841,-0.13870757973110429,0.0017552170063748207,0.02356136375149953,5.651324272155762,4.576188564300537
24.795347929000854,9.595463752746582,1.2739202976226807,1.5456466999031455,0.6438206579362749,0.7709999815560877,0.017336510490794637,0.0002995172399096191,-0.06435544572625007,0.0030078454776170105,0.025149626891751042,5.483342170715332,4.682498455047607
24.804464101791382,9.595463752746582,1.2739202976226807,1.5456466999031455,0.6438206579362749,0.775999981444329,0.017336510490794637,0.0002995172399096191,-0.042110483310155336,0.0030078454776170105,0.025149626891751042,4.736721038818359,4.7118048667907715
24.814099311828613,9.595890998840332,1.2803754806518555,1.5453863729469723,0.6469377696198999,0.7809999813325703,0.017094887263155202,-0.024162311106920242,-0.008422357422342486,0.00351316470434071,0.025409953847924216,4.707127571105957,4.72662353515625
24.82392382621765,9.596327781677246,1.286860704421997,1.545244153521468,0.6499937311138096,0.7859999812208116,0.016735088854910186,-0.035979803651571274,0.015643135881254874,0.003992599518486628,0.02555217327342851,4.8603901863098145,4.7883782386779785
24.8342764377594,9.596780776977539,1.2934068441390991,1.5450248008193355,0.6561880956106215,0.7909999811090529,0.01644737634682143,-0.028771379962563515,0.016732522316024116,0.004511378962909873,0.025771525975561094,5.015766620635986,4.855736255645752
24.84372305870056,9.597261428833008,1.3000433444976807,1.5446487931119701,0.6654234019898294,0.7959999809972942,0.016347067409363758,-0.010030738078057766,-0.001524611768433208,0.005104795123477501,0.026147533682926438,5.144047737121582,4.914076805114746
24.853798151016235,9.597760200500488,1.3067699670791626,1.5441375634972274,0.6745463197501728,0.8009999808855355,0.01638578891818873,0.0038720217999070883,-0.02074322108997182,0.005756882218078019,0.026658763297669145,5.24279260635376,4.963310241699219
24.864097118377686,9.598267555236816,1.3135809898376465,1.5435258363600353,0.6830498150718144,0.8059999807737768,0.016506610150472632,0.012082185596227646,-0.034395581738938905,0.006447688379543237,0.027270490434861294,5.327638626098633,5.008180618286133
24.87409806251526,9.598777770996094,1.3204718828201294,1.5428376610890557,0.6910578275264464,0.8109999806620181,0.016672332352924788,0.016572121530771255,-0.042520873757079594,0.0071642780042964205,0.027958665705840824,5.4070258140563965,5.0511698722839355
24.88438653945923,9.599287986755371,1.3274409770965576,1.5420820833855586,0.698872681725773,0.8159999805502594,0.01686717105612932,0.019484015181660652,-0.04734890032018567,0.007901076071126667,0.028714243409337925,5.469934940338135,5.099273681640625
24.89397358894348,9.599800109863281,1.3344873189926147,1.5412797771233913,0.7065903125163586,0.8209999804385006,0.017071824466367392,0.020465360954403877,-0.04914368421845983,0.008653789040426574,0.0295165496715053,5.5209455490112305,5.147350311279297
24.9038507938385,9.600314140319824,1.341609239578247,1.5404683267225419,0.71414741030333,0.8259999803267419,0.01725730430088887,0.018547916784882545,-0.046924279957551766,0.0094111456397723,0.030328000072354703,5.566860198974609,5.190557956695557
24.91400957107544,9.600829124450684,1.3488024473190308,1.5396502560516296,0.7212656886535266,0.8309999802149832,0.017416170601351443,0.0158865824341774,-0.04264045709828172,0.010171435041469223,0.031146070743266918,5.608950614929199,5.230064868927002
24.923938035964966,9.601344108581543,1.3560632467269897,1.5388260821563646,0.728005909911944,0.8359999801032245,0.017544639980997312,0.012846967205405235,-0.037251726849990084,0.010933548222773481,0.03197024463853193,5.646258354187012,5.264959812164307
24.933749198913574,9.601856231689453,1.3633875846862793,1.5379966553161561,0.7343274660565535,0.8409999799914658,0.017638873107642783,0.009423293173313141,-0.03103229755501943,0.011694368903393482,0.03279967147874041,5.582818031311035,5.205355644226074
24.943951845169067,9.602306365966797,1.3707929849624634,1.537167897551474,0.7420146661462641,0.8459999798797071,0.017532670492946247,-0.010620148852467537,-0.006625105786889244,0.012392993376140637,0.03362842924342258,5.620448589324951,5.2385358810424805
24.954262256622314,9.602689743041992,1.3782776594161987,1.5363508621338802,0.7495522992869236,0.8509999797679484,0.01720235549919863,-0.03303149715065956,0.026270540367282314,0.013021339101491947,0.03444546466101639,5.664780139923096,5.277872085571289
24.9640691280365,9.603078842163086,1.3858163356781006,1.5355281546477892,0.7549770549146474,0.8559999796561897,0.016861544423864526,-0.034081265330314636,0.03933244955670162,0.013657100538470246,0.035268172147107306,5.701110363006592,5.309703826904297
24.97422742843628,9.603474617004395,1.3934065103530884,1.5347001258709572,0.7601519200185464,0.860999979544431,0.01651017266231064,-0.035137105733156204,0.046492372004464946,0.014301125883289245,0.03609620092393939,5.708000183105469,5.334537029266357
24.984533309936523,9.603876113891602,1.4010322093963623,1.533891988580036,0.7637375626563605,0.8659999794326723,0.01613083154842487,-0.03793405741453171,0.05378165878965928,0.014944902470586996,0.03690433821486061,5.693624019622803,5.3548665046691895
24.99411416053772,9.604283332824707,1.4086813926696777,1.5331380293196937,0.766086765627505,0.8709999793209136,0.015695151804599402,-0.04356808960437775,0.06420476861244348,0.015578152005828017,0.037658297475202884,5.674860000610352,5.373540878295898
25.004297494888306,9.604697227478027,1.4163477420806885,1.5324547805985873,0.7678162586192429,0.860999979544431,0.015190656734850714,-0.05044955015182495,0.07701066550141163,0.016196873298239822,0.03834154619630925,5.661235332489014,5.393356800079346
25.013857126235962,9.605118751525879,1.4240309000015259,1.5318364967228486,0.7695288694210015,0.8509999797679484,0.014644413948319002,-0.054624129086732864,0.08774983818768303,0.016803743977218843,0.03895983007204795,5.653916835784912,5.413819313049316
25.024077653884888,9.605546951293945,1.4317296743392944,1.531277671840164,0.7711188891528133,0.8409999799914658,0.014031876300339446,-0.061253733932971954,0.10058166456228036,0.017399462159549017,0.03951865495473261,5.622040748596191,5.427058219909668
25.03434109687805,9.605981826782227,1.4394395351409912,1.5307916189693462,0.7722457878400889,0.8309999802149832,0.013354292505391227,-0.06775835901498795,0.11403066515514296,0.017980038256022013,0.04000470782555032,5.528947353363037,5.408670902252197
25.043938875198364,9.606359481811523,1.4471125602722168,1.5304371775775563,0.7683998720863154,0.8209999804385006,0.012337747070611967,-0.10165461152791977,0.15722198195059126,0.01846393987235828,0.040359149217340295,5.419642925262451,5.377206802368164
25.053774118423462,9.60671615600586,1.4547618627548218,1.5302215716690797,0.765870431216729,0.8109999806620181,0.011122957347536929,-0.12147897481918335,0.19495162049029546,0.01888524288573734,0.040574755125816875,5.312131881713867,5.3480305671691895
25.064263820648193,9.607061386108398,1.4623806476593018,1.5301584757617748,0.7627415016015527,0.8009999808855355,0.009736500810537431,-0.13864558935165405,0.22857803422916168,0.01924938615704974,0.040637851033121786,5.188540935516357,5.31127405166626
25.073928833007812,9.607396125793457,1.4699567556381226,1.5302484622104613,0.7583848867938097,0.7909999811090529,0.008172676863147085,-0.1563824713230133,0.2619197473219766,0.019557152146139956,0.04054786458443527,5.050423622131348,5.2721028327941895
25.084214210510254,9.607719421386719,1.477477788925171,1.5305196165907384,0.7528251532339685,0.7809999813325703,0.00642933594657897,-0.1743340939283371,0.2957265329552373,0.019799167842014853,0.04027671020415813,4.90442419052124,5.235505104064941
25.094062328338623,9.608034133911133,1.4849344491958618,1.5309934728442738,0.7463323029766801,0.7709999815560877,0.004515681785229197,-0.19136537611484528,0.3289856102814719,0.01997183742829911,0.039802853950622774,4.75640869140625,5.2018656730651855
25.104137182235718,9.608343124389648,1.4923194646835327,1.5316775391706614,0.7391384003008448,0.7609999817796052,0.002452729420181147,-0.20629532635211945,0.36008819817691956,0.020075767771901454,0.03911878762423515,4.609477519989014,5.172554016113281
25.114206075668335,9.608646392822266,1.4996281862258911,1.5325795790787542,0.7315343061979244,0.7509999820031226,0.0002619526848542192,-0.2190776914358139,0.38843302105376354,0.020108626525056295,0.03821674771614236,4.464973449707031,5.148346900939941
25.12394380569458,9.608948707580566,1.5068575143814087,1.53370395185735,0.7236554062457514,0.74099998222664,-0.0020324783955630314,-0.2294430434703827,0.41348842193813284,0.020073868570767317,0.037092374937546475,4.32378625869751,5.129570484161377
25.13410520553589,9.609251976013184,1.5140057802200317,1.5350537681442014,0.7156281773795233,0.7309999824501574,-0.004408063195268074,-0.237558513879776,0.43520495991266517,0.01997246064378544,0.0357425586506952,4.187319755554199,5.116576671600342
25.144338607788086,9.609556198120117,1.5210723876953125,1.5366309119238688,0.7075881392604597,0.7209999826736748,-0.006842906158030805,-0.24348431825637817,0.4535663853733375,0.019803828675089008,0.034165414871027755,4.057234287261963,5.109871864318848
25.15388512611389,9.609864234924316,1.5280581712722778,1.5384350176016317,0.699679399934765,0.7109999828971922,-0.009315262400088783,-0.247235506772995,0.4685244875406939,0.019570933244960287,0.03236130919326485,3.9349606037139893,5.109511852264404
25.164133071899414,9.610177040100098,1.5349652767181396,1.54046314890431,0.6920298663039957,0.7009999831207097,-0.011804085433479702,-0.24888230860233307,0.48008209204569285,0.019275598051073928,0.03033317789058665,3.8212058544158936,5.115675449371338
25.174561738967896,9.610496520996094,1.5417970418930054,1.5427116003386794,0.6847536515905613,0.6909999833442271,-0.014289436004339885,-0.24853509664535522,0.48830447460178467,0.018920831382628123,0.02808472645621718,3.7165887355804443,5.127786636352539
25.18474268913269,9.610822677612305,1.5485577583312988,1.5451749073368781,0.6779468931781981,0.6809999835677445,-0.016752984606851363,-0.24635480344295502,0.49333321953490716,0.01850826250913329,0.025621419458018435,3.614492654800415,5.144465446472168
25.19425320625305,9.611156463623047,1.5552520751953125,1.5478544739492466,0.6716241911068329,0.6709999837912619,-0.01918893921903592,-0.24359555542469025,0.4965104780618642,0.01803841574495202,0.022941852845649976,3.5285091400146484,5.165913105010986
25.204333782196045,9.611495971679688,1.5618852376937866,1.5507320712521988,0.6658768940075838,0.6609999840147793,-0.02157778900869492,-0.23888494074344635,0.49675869950874474,0.01751484448289453,0.020064255542697754,3.451244592666626,5.194767951965332
25.21380877494812,9.61184310913086,1.5684635639190674,1.553807006782811,0.6607710046605959,0.6509999842382967,-0.02390512476269437,-0.23273366689682007,0.49425248203466843,0.016939659950709895,0.01698932001208564,3.3845407962799072,5.229142665863037
25.223700046539307,9.612196922302246,1.5749928951263428,1.5570673041147463,0.6563232443434971,0.6409999844618142,-0.02615993904791855,-0.225481316447258,0.48938080121091854,0.016315499721038407,0.013729022680150306,3.3253583908081055,5.26832389831543
25.233749628067017,9.612560272216797,1.581482172012329,1.5605094920021247,0.652708554359661,0.6309999846853316,-0.02832157813575381,-0.21616388857364655,0.48119562115680625,0.015646268227802906,0.010286834792771815,3.3014395236968994,5.991012096405029
25.24396800994873,9.612890243530273,1.5879182815551758,1.563962043011679,0.6473721446157447,0.620999984908849,-0.03036507108565692,-0.20434944331645966,0.4690333975989719,0.014940512704683329,0.0068342837832175984,3.2657692432403564,5.9904022216796875
25.254738569259644,9.613189697265625,1.594323754310608,1.5674723929174201,0.6443908400070653,0.6109999851323664,-0.032328986525200804,-0.19639134407043457,0.4594038044057319,0.01418687559263887,0.0033239338774764256,3.30466890335083,6.081068515777588
25.263811588287354,9.613479614257812,1.6006830930709839,1.571041717742407,0.6390647855411803,0.6009999853558838,-0.03372346633476466,-0.1394481211900711,0.39745075698488097,0.013405996974299228,-0.00024539094751041546,4.659505367279053,5.434866905212402
25.27405619621277,9.613527297973633,1.6069766283035278,1.573549710373816,0.6313721966342584,0.6059999852441251,-0.03268641371177647,0.1037052795290947,0.11830081792050295,0.01270128394364356,-0.0027533835789195216,5.445001125335693,5.14936637878418
25.28444528579712,9.61344051361084,1.6132240295410156,1.5753361957402243,0.6256355490876735,0.6109999851323664,-0.030931199495439335,0.17552141845226288,-0.047542316255487244,0.012078557605665452,-0.004539868945327763,2.665148973464966,4.839974880218506
25.29388666152954,9.61328411102295,1.6193935871124268,1.5766289666842308,0.6174653828826624,0.6159999850206077,-0.02854285819658871,0.23883414268493652,-0.171807812208103,0.011534328977361952,-0.005832639889334245,-0.28642189502716064,4.74108362197876
25.30416202545166,9.613097190856934,1.625403881072998,1.5776752664403182,0.6015033121634924,0.620999984908849,-0.025833282079094553,0.2709575295448303,-0.25150899385297537,0.011033525238774544,-0.006878939645421634,3.5219788551330566,4.673929691314697
25.314095973968506,9.612773895263672,1.6311557292938232,1.5787791336770023,0.576225949602089,0.6259999847970903,-0.023758878681125306,0.20744039118289948,-0.2158188447517544,0.010379078634260352,-0.00798280688210573,7.3901543617248535,4.733546257019043
25.324477195739746,9.612224578857422,1.6367613077163696,1.5798493382283147,0.5633397144291273,0.6309999846853316,-0.021772935078770664,0.19859431684017181,-0.20295080129452914,0.0095087125251343,-0.00905301143341819,4.269613265991211,4.64564847946167
25.334635257720947,9.611491203308105,1.6422957181930542,1.580645005346626,0.5582788719811407,0.6359999845735729,-0.019556383596126818,0.22165529429912567,-0.23104243540642483,0.00853664750670724,-0.009848678551729549,-0.7254930138587952,4.468138217926025
25.34372043609619,9.610708236694336,1.6476863622665405,1.5811904266137895,0.5447454711767602,0.6409999844618142,-0.017392566744730196,0.21638162434101105,-0.24130386591558778,0.007590062895895144,-0.010394099818892943,-5.871364116668701,4.286011219024658
25.35402536392212,9.609945297241211,1.6528682708740234,1.5816399612314687,0.5238071194373779,0.6459999843500555,-0.015339616892295073,0.20529504120349884,-0.23967726629500435,0.00669227066198097,-0.010843634436572103,-0.8698679208755493,4.09499454498291
25.36378502845764,9.60918140411377,1.6578420400619507,1.5819514944691755,0.5032867506222503,0.6509999842382967,-0.013376941827510355,0.19626741111278534,-0.23627503552884238,0.005834923217260979,-0.011155167674278932,5.750458717346191,3.3949410915374756
25.37396216392517,9.608344078063965,1.662700891494751,1.5819791082243213,0.49306057213824034,0.655999984126538,-0.011600628119271704,0.17763134837150574,-0.22156178493211623,0.004989313557613784,-0.011182781429424749,9.512848854064941,3.2568016052246094
25.384068489074707,9.607439041137695,1.6675550937652588,1.581543128414007,0.49381906977739853,0.6609999840147793,-0.009667213402911184,0.19334156811237335,-0.2395890475289893,0.004215062711022455,-0.010746801619110347,3.7173430919647217,3.240405559539795
25.39409613609314,9.60644245147705,1.6723653078079224,1.580849943751857,0.4913536661823339,0.6659999839030206,-0.007857995349081704,0.180921733379364,-0.23739111004943567,0.003426417198280518,-0.010053616956960497,-1.621890902519226,3.1132655143737793
25.40420436859131,9.605484008789062,1.6770141124725342,1.5801535421568438,0.47476767360892025,0.6709999837912619,-0.006139793823439078,0.17182020843029022,-0.23229932767112144,0.002676885145008967,-0.009357215361947224,1.806200385093689,2.980255603790283
25.414151668548584,9.604586601257324,1.681464672088623,1.5794977622767457,0.4541140050632698,0.6759999836795032,-0.004533600411312844,0.1606193333864212,-0.22380723847920292,0.001976203554095335,-0.008701435481849096,4.708535671234131,2.900305986404419
25.42375135421753,9.603666305541992,1.6858060359954834,1.5786519626212923,0.4439837815941148,0.6809999835677445,-0.003004440550548794,0.15291599929332733,-0.21760449522613173,0.0013096390329625507,-0.0078556358263957,6.214184761047363,2.8416881561279297
25.43414855003357,9.60263729095459,1.6901460886001587,1.5774259243773683,0.44644452423345304,0.6859999834559858,-0.0014869445136480928,0.15174958109855652,-0.21866276812556606,0.0006484262488761772,-0.006629597582471725,3.6971282958984375,2.7686262130737305
25.443909883499146,9.60152816772461,1.6944622993469238,1.575903616748949,0.446283796919913,0.6909999833442271,9.10657933551521e-06,0.14960509538650513,-0.2205986276769592,-4.012600582470327e-06,-0.005107289954052518,2.726733922958374,2.6407675743103027
25.453980207443237,9.600459098815918,1.6986135244369507,1.5743801987508947,0.4293629944324154,0.6959999832324684,0.0014142295527430683,0.14051230251789093,-0.21521031157068554,-0.0006160604692944105,-0.0035838719559981858,3.534693479537964,2.552161455154419
25.464364290237427,9.599407196044922,1.702622890472412,1.5727871706743353,0.4152754153472063,0.7009999831207097,0.0027296709676210363,0.13154412806034088,-0.20742447069812356,-0.0011900567243774418,-0.0019908438794387084,5.143833637237549,2.5023281574249268
25.474335432052612,9.5982666015625,1.706617832183838,1.5708683535587664,0.41660143039280795,0.705999983008951,0.004024064332566345,0.1294393539428711,-0.2058277384638795,-0.0017550064666416176,-7.202676386985907e-05,3.585348129272461,2.193485736846924
25.484246492385864,9.597530364990234,1.7108511924743652,1.5686108003209605,0.43104072626937145,0.7109999828971922,0.0050753393291705735,0.10512746125459671,-0.18125812083828954,-0.0018139775895456012,0.0021855264739361058,3.484867811203003,2.258465051651001
25.493868589401245,9.597028732299805,1.715168833732605,1.5663578884477984,0.43614739778751926,0.7159999827854335,0.005215772788710771,0.014043380506336689,-0.07687874309763468,-0.0016397405678638677,0.004438438347098116,3.5797839164733887,2.4429051876068115
25.50375509262085,9.596639633178711,1.719539761543274,1.5643607713569256,0.43996843473579017,0.7209999826736748,0.0053600238393577086,0.014425105415284634,-0.04474645438341872,-0.0014297135167389285,0.006435555437970919,3.7117726802825928,2.6251425743103027
25.513854265213013,9.596373558044434,1.7240090370178223,1.5624541782047108,0.44874507549670695,0.7259999825619161,0.0056758840903634936,0.03158600628376007,-0.05233972949797719,-0.0011238264055180025,0.008342148590185783,3.842057466506958,2.7913434505462646
25.523966789245605,9.596212387084961,1.7285858392715454,1.5605987110036703,0.4588954458609153,0.7309999824501574,0.006144030959477176,0.0468146875500679,-0.07018570966127849,-0.0007283812005951518,0.010197615791226246,3.9515602588653564,2.9598300457000732
25.534059286117554,9.596142768859863,1.7332737445831299,1.558834940532394,0.46966698027530324,0.7359999823383987,0.0067336321107475195,0.058960139751434326,-0.08820748426205421,-0.0002689008293970119,0.011961386262502538,4.047440052032471,3.1189937591552734
25.543978452682495,9.596148490905762,1.7380712032318115,1.5571714220424289,0.4804230591438249,0.74099998222664,0.007396637915635523,0.06630057841539383,-0.10146822997118628,0.00023583586765241193,0.013624904752467693,4.134512901306152,3.2707371711730957
25.554872751235962,9.596226692199707,1.7429847717285156,1.5556075782722263,0.49203502638573365,0.7459999821148813,0.008124122481487651,0.07274843752384186,-0.11257370569291589,0.000783141557771927,0.01518874852267027,4.214539051055908,3.4145233631134033
25.563779830932617,9.596364974975586,1.7480131387710571,1.5541434683532585,0.5035510326393452,0.7509999820031226,0.008882668267321066,0.07585454732179642,-0.11965511585583244,0.0013606016046647795,0.016652858441638108,4.289982318878174,3.5517659187316895
25.574183225631714,9.596556663513184,1.7531574964523315,1.5527762492779509,0.5152295559466623,0.7559999818913639,0.009653714509647327,0.07710463553667068,-0.12366493922225728,0.00196239419616262,0.018020077516945676,4.361206531524658,3.684950351715088
25.584628582000732,9.596794128417969,1.758418321609497,1.5515051070779695,0.5269801304813178,0.7609999817796052,0.010424641306811573,0.07709264755249023,-0.12548515658720621,0.002581135377239363,0.019291219716927044,4.429804801940918,3.8123066425323486
25.594924688339233,9.597075462341309,1.7637953758239746,1.5503259019242868,0.5387530970693789,0.7659999816678464,0.011183427834707181,0.07587873190641403,-0.1254078162250646,0.003216160916881705,0.020470424870609794,4.503143310546875,3.946446180343628
25.603942155838013,9.597395896911621,1.7692886590957642,1.5492335297069109,0.550506132864632,0.7709999815560877,0.011920836911022114,0.0737408772110939,-0.12378657229757134,0.0038642347639967767,0.021562797087985697,4.561734676361084,4.052157402038574
25.614338397979736,9.597752571105957,1.7748972177505493,1.5482230726018402,0.5622042786857591,0.775999981444329,0.01263029162385816,0.07094545662403107,-0.12098679851062752,0.004523972266404996,0.022573254193056336,4.625143527984619,4.166357517242432
25.623952627182007,9.598142623901367,1.7806205749511719,1.547292474101911,0.5738288070962481,0.7809999813325703,0.013307148433241269,0.06768567115068436,-0.11730885625265196,0.00519313051424497,0.023503852692985605,4.687776565551758,4.276870250701904
25.634350061416626,9.598563194274902,1.7864576578140259,1.5464370275913635,0.5853733097019399,0.7859999812208116,0.013948079317717202,0.06409308314323425,-0.11296980380253072,0.005870261346888839,0.024359299203533084,4.749448299407959,4.384151935577393
25.644064903259277,9.599014282226562,1.792407512664795,1.5456533753869903,0.5968054355166998,0.7909999811090529,0.014550955985890242,0.0602877177298069,-0.10815113650698675,0.0065563729455817565,0.025142951407906233,4.810284614562988,4.488888263702393
25.654685258865356,9.599492073059082,1.7984691858291626,1.5449388446793928,0.6081311426346283,0.7959999809972942,0.015115428342097746,0.05644713342189789,-0.10309396298378913,0.0072484532948760005,0.02585748211550376,4.8704071044921875,4.591211795806885
25.663893461227417,9.599994659423828,1.8046413660049438,1.5442912689302981,0.6193407294036528,0.8009999808855355,0.015641643693162496,0.05262160301208496,-0.09792339683392204,0.00794524580177658,0.026505057864598447,4.9521002769470215,4.676058769226074
25.674073934555054,9.600517272949219,1.8109219074249268,1.5436715685423563,0.6302903689499155,0.8059999807737768,0.01615296510293331,0.05113213509321213,-0.09514403492965706,0.008653702606240543,0.027124758252540238,5.122139930725098,4.628943920135498
25.683753967285156,9.601022720336914,1.8173199892044067,1.5430116548336688,0.6418697855680694,0.8109999806620181,0.016548009643719032,0.039504438638687134,-0.08209831066145007,0.009357049495017478,0.027784671961227803,4.973687171936035,4.619341850280762
25.697121381759644,9.601303100585938,1.8239045143127441,1.5422479846634911,0.6591561401637395,0.8159999805502594,0.01641839412969079,-0.012961548753082752,-0.021783475249845925,0.009866439916635272,0.028548342131405446,5.040581226348877,4.6998772621154785
25.711557149887085,9.601587295532227,1.830597996711731,1.541514809340045,0.6700475497115196,0.8209999804385006,0.01625984024300844,-0.015855418518185616,0.0007359009186837864,0.010370495513207345,0.029281517454851524,5.108430862426758,4.779225826263428
25.720332384109497,9.60188102722168,1.8373997211456299,1.5408019883075965,0.680889751073689,0.8259999803267419,0.016067365153291126,-0.019247394055128098,0.012520883740297339,0.010877979592722298,0.029994338487300043,5.1780242919921875,4.857467174530029
25.72894549369812,9.60218334197998,1.844308853149414,1.540104036397779,0.6916618780084186,0.8309999802149832,0.01584521914147895,-0.022214587777853012,0.02071364265436133,0.011389583534715086,0.03069229039711763,5.24400520324707,4.934480667114258
25.739266872406006,9.602493286132812,1.8513234853744507,1.53942694021875,0.7022292869803441,0.8359999801032245,0.015589591876231879,-0.02556278184056282,0.028307291755117214,0.011902558747523884,0.03136938657614663,5.312458515167236,5.008155345916748
25.74905824661255,9.602811813354492,1.8584414720535278,1.5387662124566048,0.7125796629851288,0.8409999799914658,0.015303590411583499,-0.028600113466382027,0.035470415273584015,0.012419204710342413,0.032030114338291726,5.384557723999023,5.074406147003174
25.758777618408203,9.603137016296387,1.8656574487686157,1.5381004418564288,0.7224087853155238,0.8459999798797071,0.015004641673847657,-0.029894879087805748,0.04072276765143257,0.01294403424213364,0.032695884938467756,5.436862945556641,5.12473726272583
25.76857614517212,9.603466987609863,1.8729662895202637,1.5374273028005894,0.7316954514046257,0.8509999797679484,0.014688320918403618,-0.03163200616836548,0.04592759715530044,0.013475837104918398,0.03336902399430718,5.505328178405762,5.1873908042907715
25.77860927581787,9.603808403015137,1.880350947380066,1.5367508376871224,0.7393270769452055,0.8559999796561897,0.014373479793464913,-0.03148426115512848,0.04915629030264022,0.01402007676344752,0.03404548910777416,5.555563926696777,5.232831954956055
25.788910627365112,9.604151725769043,1.8878037929534912,1.5360700739331024,0.7461419354305386,0.860999979544431,0.014036545749194078,-0.033693403005599976,0.05433769672899478,0.014567507912467192,0.034726252861794205,5.59757661819458,5.270386695861816
25.79903531074524,9.604501724243164,1.895317792892456,1.5353831521526575,0.7522954063059931,0.8659999794326723,0.013695686087380244,-0.034085992723703384,0.05822378313173039,0.015123456204459984,0.03541317464223903,5.6334710121154785,5.302104473114014
25.808886289596558,9.604857444763184,1.902881383895874,1.5346917695100537,0.7572716791558886,0.8709999793209136,0.013345668566609147,-0.03500169888138771,0.06231209525598391,0.01568645891697784,0.03610455728484285,5.661937713623047,5.32960844039917
25.818995475769043,9.605217933654785,1.9104872941970825,1.5339999182253203,0.7615111989486039,0.8759999792091548,0.012984209493116086,-0.036145903170108795,0.06674201093686184,0.016254365322172504,0.03679640856957622,5.681494235992432,5.355725288391113
25.828596115112305,9.605583190917969,1.9181302785873413,1.5333178875642108,0.7652511931442689,0.8659999794326723,0.012603864784576337,-0.03803451359272003,0.07210657629608248,0.016824090698641214,0.03747843923068572,5.694543838500977,5.380226135253906
25.838801383972168,9.605955123901367,1.9258055686950684,1.532657277284732,0.7684962731481708,0.8559999796561897,0.012196116609577113,-0.04077474772930145,0.07871077944712285,0.017394065127682268,0.03813904951016455,5.689858436584473,5.40106725692749
25.8493914604187,9.60631275177002,1.9334980249404907,1.5320349502885413,0.7701842098911791,0.8459999798797071,0.011683474748419341,-0.051264308393001556,0.09407518800215572,0.01793825310018704,0.03876137650635525,5.642739772796631,5.3928446769714355
25.859031915664673,9.606633186340332,1.941184639930725,1.531480887742165,0.7695400306180695,0.8359999801032245,0.01095571658496219,-0.07277561724185944,0.1241543595578913,0.01842477978989976,0.03931543905273149,5.571409225463867,5.378155708312988
25.869182348251343,9.606940269470215,1.9488701820373535,1.5310244890285503,0.7693380244483156,0.8259999803267419,0.010085761100106769,-0.08699561655521393,0.15127900754628718,0.01886867549607274,0.039771837766346296,5.481101036071777,5.358689785003662
25.879158973693848,9.6072359085083,1.9565423727035522,1.5306941483230032,0.7679244540294712,0.8159999805502594,0.00905400987803229,-0.10317511856555939,0.17990200039555207,0.019263337723616658,0.040102178471893346,5.368354797363281,5.333573341369629
25.88895010948181,9.60752010345459,1.9641882181167603,1.53051760406651,0.7651963413050027,0.8059999807737768,0.007843162834219125,-0.12108473479747772,0.21114079624791643,0.019600453177485377,0.04027872272838651,5.241148948669434,5.305281162261963
25.89942741394043,9.607795715332031,1.9717947244644165,1.530518979228763,0.7611909422409726,0.7959999809972942,0.006444748234698647,-0.13984154164791107,0.2444067307382844,0.019875652840847025,0.04027734756613355,5.109330177307129,5.274899959564209
25.90914750099182,9.608065605163574,1.9793521165847778,1.5307070576552817,0.7562379256114788,0.7859999812208116,0.00486122845191593,-0.15835192799568176,0.2783605114783505,0.020089164691874828,0.04008926913961486,4.975491523742676,5.243995189666748
25.919061422348022,9.608332633972168,1.986852765083313,1.531088171420667,0.7505434532241255,0.775999981444329,0.003104801078591253,-0.1756426841020584,0.31153990418959215,0.020241950364138006,0.03970815537422956,4.838454246520996,5.2140302658081055
25.92908501625061,9.608596801757812,1.994289517402649,1.5316655459842465,0.7441585948844148,0.7659999816678464,0.0011922081959222638,-0.1912592500448227,0.34297880612670306,0.020333040342556785,0.03913078081065002,4.698307037353516,5.186491966247559
25.938904762268066,9.608861923217773,2.001657009124756,1.5324497221952975,0.7372434941551286,0.7559999818913639,-0.0008599054224484345,-0.20521138608455658,0.37234329734020816,0.020363085443527495,0.03834660459959904,4.5562286376953125,5.162092208862305
25.949366331100464,9.609128952026367,2.0089502334594727,1.5334498382369746,0.72987421765303,0.7459999821148813,-0.0030345849287660293,-0.21746794879436493,0.399444254785652,0.020330294305562546,0.037346488557922004,4.414280891418457,5.141516208648682
25.958462476730347,9.609397888183594,2.0161657333374023,1.5346724525302586,0.7221743089230585,0.7359999823383987,-0.005314214103933091,-0.2279628962278366,0.42409859713975495,0.020232693652650013,0.03612387426463792,4.27517557144165,5.125591278076172
25.96879553794861,9.609670639038086,2.023301362991333,1.5361223907298682,0.7143115274141676,0.7259999825619161,-0.007679438783985652,-0.23652249574661255,0.44601033804657003,0.02007073559070527,0.03467393606502833,4.140559196472168,5.11526346206665
25.97861099243164,9.609949111938477,2.0303566455841064,1.5377982605006564,0.7064282528180461,0.7159999827854335,-0.010107766189495635,-0.24283277988433838,0.4646999551552399,0.019846735390409265,0.03299806629424018,4.011649131774902,5.110703945159912
25.9891836643219,9.610234260559082,2.037332057952881,1.5397013916564455,0.6986528277021963,0.705999983008951,-0.01257797395215564,-0.24702075123786926,0.4800957651585843,0.01956123789643982,0.031094935138451074,3.88918399810791,5.112255573272705
26.00235676765442,9.61052417755127,2.0442285537719727,1.5418292411103587,0.691013878616038,0.6959999832324684,-0.015075315143828488,-0.24973416328430176,0.4928150308223348,0.019213088005047396,0.028967085684537874,3.773923873901367,5.11969518661499
26.009111166000366,9.610823631286621,2.051050901412964,1.5441825652720784,0.6838585321721619,0.6859999834559858,-0.017568018595536507,-0.24927031993865967,0.5011672484418457,0.01880681726072453,0.026613761522818136,3.666869878768921,5.13338041305542
26.01929497718811,9.61113166809082,2.0578017234802246,1.5467559656248329,0.6770430491543333,0.6759999836795032,-0.020042999796880467,-0.247498020529747,0.5065759683245846,0.018343081768840364,0.024040361170063695,3.5616350173950195,5.1520562171936035
26.029002904891968,9.61144733428955,2.0644853115081787,1.5495528970497972,0.6706716925847654,0.6659999839030206,-0.022493349336487205,-0.24503515660762787,0.5100920348323885,0.017819883883635868,0.021243429745099407,3.4661154747009277,5.174930095672607
26.03908109664917,9.611769676208496,2.071105718612671,1.552563536898071,0.6647544024337497,0.655999984126538,-0.02490444566828753,-0.24110952019691467,0.5111874581881277,0.01723921012204599,0.01823278989682553,3.386671781539917,5.205826759338379
26.050307989120483,9.612098693847656,2.077669382095337,1.5557780613699752,0.6595024002596074,0.6459999843500555,-0.027252234238033832,-0.2347787767648697,0.508655246191763,0.016604004109833426,0.015018265424921351,3.318549156188965,5.2445268630981445
26.058842182159424,9.612436294555664,2.084183931350708,1.5591895076844282,0.6550555232927233,0.6359999845735729,-0.02951538245829882,-0.22631493210792542,0.5023671684543235,0.015918262106813685,0.011606819110468345,3.2860324382781982,5.976515769958496
26.069798231124878,9.612752914428711,2.0906426906585693,1.5626682599434283,0.64961626112198,0.6259999847970903,-0.031658095242327634,-0.21427124738693237,0.49077679997317825,0.015191307635012308,0.008128066851468272,3.2409751415252686,5.976283073425293
26.078949213027954,9.613033294677734,2.097060441970825,1.5661958812580363,0.6455756156409463,0.6159999850206077,-0.033706050215413,-0.2047952562570572,0.4799344372741826,0.014413423470584164,0.0046004455368602315,3.73721981048584,6.191006660461426
26.08951997756958,9.613380432128906,2.1033871173858643,1.569795514425302,0.6361428108767678,0.6059999852441251,-0.03451654690152277,-0.08104980736970901,0.3458960817400272,0.013680675789663255,0.0010008123695945947,4.08603048324585,5.504501819610596
26.0993549823761,9.61355972290039,2.109586000442505,1.5726650156614597,0.6202139222849091,0.6109999851323664,-0.033180180538570477,0.133636474609375,0.07398990977597741,0.012999116566694724,-0.0018686888665631065,5.385202407836914,5.204924583435059
26.10871148109436,9.613393783569336,2.1158039569854736,1.5745432763682718,0.6229012957610813,0.6159999850206077,-0.031484943100760034,0.1695237159729004,-0.052007398588238496,0.01226970132761096,-0.003746949573375291,4.663218975067139,4.940673351287842
26.119291067123413,9.61312484741211,2.121974229812622,1.5758245969381428,0.6178867721748661,0.620999984908849,-0.029205453597655265,0.22794902324676514,-0.15900390384977736,0.011616372725741897,-0.0050282701432462495,3.4445137977600098,4.711334228515625
26.128650426864624,9.612772941589355,2.1280500888824463,1.5768900384374847,0.6087089227914848,0.6259999847970903,-0.025991871834028627,0.3213581442832947,-0.2995121613248221,0.010944839410546692,-0.0060937116425880955,3.995614528656006,4.808460712432861
26.13880467414856,9.61235523223877,2.1339406967163086,1.5775961581369233,0.5905581336648807,0.6309999846853316,-0.023599940910164836,0.2391931116580963,-0.2630984146271305,0.010315298556555774,-0.006799831342026774,6.755624294281006,4.807644367218018
26.149083137512207,9.61169719696045,2.1396877765655518,1.5783026773791862,0.5784565247680292,0.6359999845735729,-0.021611486034160687,0.19884547591209412,-0.21668806945486285,0.009445312932481187,-0.0075063505842896125,10.002317428588867,4.7537760734558105
26.158703804016113,9.610786437988281,2.145345687866211,1.578990220773722,0.5730988132661677,0.6409999844618142,-0.019057533911374883,0.25539520382881165,-0.27090175704030683,0.008328297301401832,-0.00819389397882553,3.8545291423797607,4.633418560028076
26.169222116470337,9.609762191772461,2.1509292125701904,1.579292456937394,0.5678240200022943,0.6309999846853316,-0.016506248542510753,0.2551286220550537,-0.2953802746707137,0.007213383393930073,-0.008496130142497504,-1.9070320129394531,3.745483160018921
26.178778409957886,9.60873794555664,2.156365156173706,1.5793782113477304,0.5531808727906228,0.620999984908849,-0.014104969552371678,0.24012792110443115,-0.29481357729688584,0.006163411792924123,-0.008581884552833818,0.692341685295105,3.652212381362915
26.188703775405884,9.607759475708008,2.16162371635437,1.579431899310464,0.5348829670739498,0.6259999847970903,-0.011829683530755534,0.2275286167860031,-0.28883099828172343,0.005168836152293466,-0.008635572515567347,4.865894794464111,3.5504062175750732
26.199403047561646,9.606779098510742,2.166740655899048,1.5793295744329965,0.5210101597366523,0.6309999846853316,-0.009656358443715,0.21733243763446808,-0.2833334252895702,0.004219155287181309,-0.008533247638099928,8.286242485046387,3.474884510040283
26.208757877349854,9.605704307556152,2.1718273162841797,1.5788574480523856,0.5199460725193126,0.6359999845735729,-0.007519210898520071,0.21371479332447052,-0.28454768295100946,0.0032859973700798406,-0.008061121257489035,3.8652305603027344,3.38476824760437
26.21872639656067,9.604567527770996,2.1768627166748047,1.5781093494424292,0.5163115495765136,0.6409999844618142,-0.005430523523979232,0.20886874198913574,-0.28613917660299637,0.0023736405318164344,-0.007313022647532641,-1.4893481731414795,3.250257730484009
26.228705883026123,9.603496551513672,2.1817078590393066,1.577381080833634,0.4963429355892599,0.6459999843500555,-0.0034776709471119518,0.19528527557849884,-0.27823507527422553,0.0015211395774326064,-0.006584754038737373,1.910922646522522,3.1087987422943115
26.238436698913574,9.602494239807129,2.1863462924957275,1.5766728227515545,0.4746746580113091,0.6509999842382967,-0.001667821684973373,0.18098489940166473,-0.26629313957571765,0.0007313011668266256,-0.005876495956657957,4.718392372131348,3.024199962615967
26.24925947189331,9.601473808288574,2.190868377685547,1.5757700286506402,0.4637804913623288,0.655999984126538,4.869425406830746e-05,0.17165160179138184,-0.2579332874530694,-1.8296116255811512e-05,-0.00497370185574364,5.757767677307129,2.961230516433716
26.259037494659424,9.600350379943848,2.1953811645507812,1.574486912557811,0.4655003188925085,0.6609999840147793,0.0017420371845792918,0.1693343073129654,-0.2576801243861565,-0.0007567932716607828,-0.003690585762914367,3.8011929988861084,2.874051809310913
26.26895308494568,9.599160194396973,2.1998493671417236,1.572927235624511,0.4630804617300289,0.6509999842382967,0.0033972484713467106,0.16552112996578217,-0.2579769732121476,-0.0014790777681135125,-0.0021309088296144196,2.944395065307617,2.738112449645996
26.279085636138916,9.598017692565918,2.2041361331939697,1.571373729953663,0.44433291739793623,0.655999984126538,0.004945345004991915,0.15480965375900269,-0.2508712706237911,-0.0021555283720857688,-0.0005774031587664208,3.2462973594665527,2.4019079208374023
26.2888126373291,9.597113609313965,2.2083547115325928,1.56988136485966,0.431501841064979,0.6609999840147793,0.006098270065605406,0.11529252678155899,-0.20999001464325684,-0.002611902143762279,0.0009149619352366578,3.3507239818573,2.3576393127441406
26.299229621887207,9.59655475616455,2.2126688957214355,1.5682688495065988,0.4357726514003652,0.6659999839030206,0.006155609062827456,0.005733882542699575,-0.08182344836219113,-0.002687001456253668,0.002527477288297719,3.4911131858825684,2.524033784866333
26.308749198913574,9.596208572387695,2.217069149017334,1.56657264613335,0.44221717285552986,0.6709999837912619,0.006055732353575531,-0.009987683966755867,-0.02522537847837278,-0.0025243271812502854,0.004223680661546547,3.625617027282715,2.6948506832122803
26.3187153339386,9.595988273620605,2.2215657234191895,1.5649317288395606,0.4509690062633514,0.6759999836795032,0.0061374104314892266,0.00816781260073185,-0.026089736880413245,-0.0022523570779817703,0.005864597955336004,3.7560744285583496,2.8492770195007324
26.328704595565796,9.595874786376953,2.2261645793914795,1.563321928511668,0.46072817688480294,0.6809999835677445,0.006360238544846967,0.022282805293798447,-0.040258527372995956,-0.0018829150164911823,0.007474398283228601,3.8661911487579346,3.0116536617279053
26.33917474746704,9.59584903717041,2.2308669090270996,1.561794657359625,0.47083112362452784,0.6859999834559858,0.0066999000310232005,0.03396615386009216,-0.05618331175280715,-0.0014504984691470213,0.009001669435271475,3.961205244064331,3.165865182876587
26.349278688430786,9.595907211303711,2.2356789112091064,1.5603609901784623,0.48177062459519765,0.6909999833442271,0.0071353655236582,0.043546538800001144,-0.0707027568855624,-0.0009622445295001114,0.010435336616434254,4.046825885772705,3.3125345706939697
26.35887908935547,9.59603500366211,2.2405993938446045,1.5590235340586067,0.4926742796629072,0.6959999832324684,0.007626732432175405,0.04913672059774399,-0.08079560866447198,-0.00043324010109557776,0.011772792736289839,4.124924182891846,3.4514198303222656
26.368479251861572,9.596222877502441,2.2456300258636475,1.5577823311628602,0.5038016633002086,0.7009999831207097,0.00814986692289621,0.052313435822725296,-0.08715483339968019,0.00012696598781403168,0.013013995632036313,4.197911262512207,3.584423542022705
26.378556489944458,9.596465110778809,2.2507717609405518,1.556636599854824,0.5150470931585595,0.705999983008951,0.008685735284551117,0.05358682945370674,-0.09047681358093836,0.0007128869125008208,0.014159726940072614,4.267049789428711,3.7123630046844482
26.389016151428223,9.59675407409668,2.2560248374938965,1.555584239030123,0.5263532535233223,0.7109999828971922,0.009221813161804936,0.05360782891511917,-0.09162552254923778,0.0013175244185017476,0.01521208776477345,4.3332695960998535,3.835787296295166
26.39933681488037,9.597085952758789,2.2613892555236816,1.5546233382963102,0.5376802097382818,0.7159999827854335,0.00974846037757249,0.052664726972579956,-0.09113828735381534,0.0019376377962938562,0.016172988498586394,4.397121429443359,3.95515513420105
26.408944368362427,9.597456932067871,2.2668650150299072,1.5537515018487429,0.5489944139294466,0.7209999826736748,0.010258186398697825,0.05097253993153572,-0.08938289230481607,0.002570131957025268,0.01704482494615367,4.459012985229492,4.070854187011719
26.418668031692505,9.597864151000977,2.272451639175415,1.5529661797587107,0.5602697626675325,0.7259999825619161,0.010745200282847572,0.04870146885514259,-0.08663265208429916,0.0032129116935415425,0.017830147036185906,4.519336223602295,4.183217525482178
26.428576707839966,9.59830379486084,2.2781484127044678,1.552264845352655,0.5714890902543003,0.7309999824501574,0.011205216742916718,0.0460016243159771,-0.08311665365407943,0.003862921098795269,0.018531481442241482,4.606637477874756,4.272355079650879
26.43882918357849,9.59876823425293,2.2839534282684326,1.5515952520191028,0.5824418271380091,0.7359999823383987,0.011665191854746806,0.04599751904606819,-0.08221412768463587,0.004528202738358189,0.019201074775793803,4.695033550262451,4.355981349945068
26.448800802230835,9.599249839782715,2.2898647785186768,1.5509117065272076,0.5931666531265456,0.74099998222664,0.012146106296731924,0.04809139296412468,-0.08433147762981247,0.005214832753717147,0.019884620267688998,4.780754566192627,4.4372076988220215
26.458786249160767,9.599745750427246,2.295881748199463,1.5502145851090023,0.6038316841342865,0.7459999821148813,0.01264092159503897,0.04948154464364052,-0.08663308195710834,0.005919837012632101,0.020581741685894217,4.863992214202881,4.516196250915527
26.46943426132202,9.60025405883789,2.302003860473633,1.5495044334961088,0.6144151740321966,0.7509999820031226,0.013143691971244553,0.05027701333165169,-0.08836878884727307,0.006641144210096428,0.02129189329878778,4.820097923278809,4.356042385101318
26.47914457321167,9.600701332092285,2.308258056640625,1.5487319073014199,0.627122299948606,0.7559999818913639,0.013426891947443245,0.028319936245679855,-0.06544458004301171,0.00732012086283973,0.022064419493476702,4.87600564956665,4.483279228210449
26.488767623901367,9.600983619689941,2.3146743774414062,1.5479326501438613,0.6423593411507541,0.7609999817796052,0.013319911639656876,-0.010697884485125542,-0.01627811008313583,0.007842125104140507,0.02286367665103528,4.933075428009033,4.565680027008057
26.499220371246338,9.601276397705078,2.321197748184204,1.5471780070203605,0.653110108441178,0.7659999816678464,0.013159022311761732,-0.016088977456092834,0.005579262455987444,0.008361234911316018,0.0236183197745361,5.002597332000732,4.641907215118408
26.508490324020386,9.601578712463379,2.3278276920318604,1.546450122299677,0.6637683357913318,0.7709999815560877,0.012958413139237145,-0.02006085403263569,0.01784466497462077,0.008881852287698777,0.024346204495219625,5.0690531730651855,4.704970836639404
26.519057035446167,9.601888656616211,2.3345534801483154,1.5457193455972666,0.6733878222370253,0.775999981444329,0.012742862046325739,-0.021555200219154358,0.02468431362382865,0.00941096251105833,0.02507698119762991,5.125258922576904,4.755980014801025
26.5290105342865,9.602204322814941,2.341358184814453,1.544981191749098,0.6813074297901925,0.7809999813325703,0.012517838151348569,-0.02250240184366703,0.02936532155437534,0.009948003169682806,0.025815135045798465,5.1718926429748535,4.798031806945801
26.538925886154175,9.60252571105957,2.3482284545898438,1.544236181567038,0.6878809821864338,0.7859999812208116,0.012283971764646866,-0.02338656410574913,0.033373342041842204,0.010492817829783618,0.026560145227858545,5.210784435272217,4.8331708908081055
26.54950976371765,9.602851867675781,2.3551533222198486,1.5434858301846162,0.6933549214965391,0.7909999811090529,0.012041153692819008,-0.024281758815050125,0.037229343716464636,0.01104399820209423,0.0273104966102804,5.237334251403809,4.86604118347168
26.559001684188843,9.603184700012207,2.3621249198913574,1.5427416345471971,0.6980363592270015,0.7959999809972942,0.011781140898137074,-0.02600141428411007,0.04195646044568627,0.011600003685584781,0.02805469224769941,5.255159854888916,4.897324085235596
26.56880497932434,9.603523254394531,2.369137763977051,1.5420185715211432,0.7021963610726498,0.8009999808855355,0.011493026101471064,-0.02881142683327198,0.048154530634397424,0.012155389397861427,0.02877775527375337,5.266790866851807,4.927109241485596
26.579068422317505,9.603867530822754,2.376187801361084,1.5413274420662164,0.7059192242145288,0.8059999807737768,0.011168761000697375,-0.03242652863264084,0.05571563790507901,0.012706916735593765,0.029468884728680145,5.276169300079346,4.955734729766846
26.589153051376343,9.604218482971191,2.383272409439087,1.540672395641211,0.7094084673075671,0.8109999806620181,0.010805850034987463,-0.03629111498594284,0.06402719445885083,0.013254295579395503,0.030123931153685612,5.28472375869751,4.983356952667236
26.598857164382935,9.604575157165527,2.390390396118164,1.5400540740615016,0.7127539733650446,0.8159999805502594,0.010404118768709085,-0.04017309099435806,0.07266040502405309,0.013796380350399318,0.030742252733394926,5.293023109436035,5.010372161865234
26.60874581336975,9.604937553405762,2.3975412845611572,1.5394718069226088,0.7160589274751178,0.8209999804385006,0.009964498831926004,-0.04396197199821472,0.08136837067941786,0.014333372621891272,0.03132451987228779,5.30015230178833,5.036108016967773
26.618842601776123,9.605306625366211,2.4047226905822754,1.538926744651284,0.7191532695620342,0.8259999803267419,0.009486646377274057,-0.04778536781668663,0.09021293438819109,0.014865881642135648,0.031869582143612574,5.306099891662598,5.060883522033691
26.629079341888428,9.605680465698242,2.4119341373443604,1.538419037114072,0.7221489774165271,0.8309999802149832,0.008970923429049526,-0.051572155207395554,0.09913446531560817,0.015391955653788258,0.03237728968082454,5.3110737800598145,5.084761142730713
26.638893127441406,9.606059074401855,2.4191739559173584,1.5379491817388162,0.7250172690062783,0.8209999804385006,0.0084172894127653,-0.055363547056913376,0.10815834672745611,0.015911446017650377,0.03284714505608033,5.315284729003906,5.107788562774658
26.649221658706665,9.606444358825684,2.426441192626953,1.5375174975287556,0.7277747587585264,0.8109999806620181,0.007825987862761653,-0.05913003906607628,0.11726229233408098,0.016426164924880027,0.03327882926614101,5.3074164390563965,5.131584644317627
26.659096002578735,9.606820106506348,2.4337258338928223,1.5371325209196314,0.7294888631185421,0.8009999808855355,0.007143563458564855,-0.06824252754449844,0.13220983982175288,0.016917340898533695,0.033663805875265185,5.255918502807617,5.12157678604126
26.66882061958313,9.607158660888672,2.440999746322632,1.5368257913169145,0.7282982235455094,0.7909999811090529,0.006230133904111804,-0.09134292602539062,0.16414915579468736,0.017347861549882992,0.03397053547798201,5.190927982330322,5.110836982727051
26.67906093597412,9.6074857711792,2.448270797729492,1.5366175763441408,0.727946890871435,0.7809999813325703,0.00518632379592697,-0.10438093543052673,0.19087298157591087,0.01773740007246083,0.0341787504507558,5.109195232391357,5.095929145812988
26.689303874969482,9.607804298400879,2.4555296897888184,1.5365265965840873,0.7266503928045703,0.7709999815560877,0.004001955688031156,-0.11843673884868622,0.21737814616058537,0.01808320523903717,0.034269730210809264,4.9965500831604,5.0730462074279785
26.69942545890808,9.608113288879395,2.4627609252929688,1.536586683185445,0.7238197879511576,0.7609999817796052,0.0026493063559682255,-0.135265052318573,0.24705369260521995,0.018374180302551224,0.03420964360945167,4.8701324462890625,5.046830654144287
26.708793878555298,9.608412742614746,2.4699525833129883,1.53683103270167,0.7197975737366125,0.7509999820031226,0.0011135194451369766,-0.15357868373394012,0.279571532924099,0.01860037176758489,0.03396529409322646,4.743014335632324,5.01384162902832
26.7189724445343,9.6087064743042,2.4770941734313965,1.5372444885388803,0.7147581043413086,0.74099998222664,-0.0006045571465080126,-0.17180763185024261,0.313201075262452,0.018770137378716356,0.033551838256016264,4.610611438751221,4.987347602844238
26.728728532791138,9.608993530273438,2.484177589416504,1.5378524703694643,0.7089337682430118,0.7309999824501574,-0.002488289658697347,-0.18837329745292664,0.3456912520305462,0.01887489960353328,0.032943856425432294,4.47450065612793,4.962183952331543
26.738889455795288,9.60927963256836,2.491198778152466,1.5386617552391686,0.7027294729147427,0.7209999826736748,-0.004504522558095962,-0.2016233503818512,0.37453530327040147,0.01891834496350242,0.032134571555727964,4.335620880126953,4.940263271331787
26.74930429458618,9.609563827514648,2.4981515407562256,1.539682328711375,0.69592489732462,0.7109999828971922,-0.006645016918283726,-0.2140493243932724,0.4015648130203835,0.018896520969274633,0.031113998083521555,4.195600986480713,4.940893650054932
26.759043216705322,9.609847068786621,2.5050313472747803,1.5409229161122917,0.6887326948548165,0.7009999831207097,-0.008891250319959238,-0.2246234118938446,0.4261887141649834,0.018807759068428354,0.029873410682604847,4.058609962463379,4.910111427307129
26.76903510093689,9.610132217407227,2.511836528778076,1.5423896884742312,0.681362846771111,0.6909999833442271,-0.011222277696518212,-0.23310279846191406,0.44791103061041504,0.01865306283114876,0.028406638320665367,3.9267020225524902,4.904140949249268
26.779107332229614,9.610420227050781,2.518566370010376,1.5440850808148043,0.6740020577907339,0.6809999835677445,-0.013614233679212436,-0.2391955554485321,0.46620642599701734,0.018432647967575377,0.026711245980092228,3.8011889457702637,4.904421329498291
26.789069414138794,9.610712051391602,2.525221586227417,1.5460081111839101,0.6667641680453402,0.6709999837912619,-0.01604394454753138,-0.24297106266021729,0.48092599359520766,0.01814775453535944,0.02478821561098643,3.6825900077819824,4.911279201507568
26.798667192459106,9.61100959777832,2.531804323196411,1.5481578724705225,0.6597712109522419,0.6609999840147793,-0.01848919975446545,-0.2445254921913147,0.49206542988067525,0.01780055398054259,0.022638454324374058,3.57159686088562,4.924917221069336
26.808770895004272,9.611312866210938,2.5383176803588867,1.5505328637062488,0.6531305538463357,0.6509999842382967,-0.020929118128311282,-0.24399183690547943,0.4997049155935708,0.01739148912913535,0.020263463088647793,3.468337297439575,4.944281101226807
26.81920599937439,9.61162281036377,2.5447659492492676,1.5531298015271113,0.6469549471185354,0.6409999844618142,-0.023345845697721357,-0.24167285859584808,0.5041395373541762,0.016922492256879806,0.017666525267785227,3.37418270111084,4.969903469085693
26.828821420669556,9.611939430236816,2.5511538982391357,1.5559437855401614,0.6413284055865587,0.6309999846853316,-0.025723196736537217,-0.23773504793643951,0.5055913615510996,0.016395028793013466,0.014852541254735119,3.2896604537963867,5.002381801605225
26.839045524597168,9.612262725830078,2.5574874877929688,1.558969803120487,0.6363000401110018,0.620999984908849,-0.02804342613967065,-0.23202286660671234,0.5039184816173019,0.01581060022616043,0.011826523674409506,3.2379069328308105,5.712021350860596
26.849093437194824,9.612579345703125,2.563765048980713,1.5621416802138455,0.6310040036398513,0.6109999851323664,-0.03027689355905907,-0.22334665060043335,0.4978044381708653,0.015175707264653227,0.008654646581051084,3.1821484565734863,5.710239410400391
26.858529329299927,9.612858772277832,2.5699899196624756,1.5653548669853123,0.6257628727056678,0.6009999853558838,-0.03241779588176214,-0.21409042179584503,0.4894126087230573,0.014491202164778727,0.005441459809584215,3.1300156116485596,5.7148966789245605
26.869205713272095,9.613112449645996,2.576178550720215,1.5686706985720908,0.6223179861074833,0.5909999855794013,-0.034484329551053246,-0.20665326714515686,0.4819013346606853,0.013750137632627002,0.002125628222805709,3.4120960235595703,5.383368968963623
26.87840437889099,9.613470077514648,2.5821540355682373,1.571836286270123,0.5989236207415506,0.5959999854676425,-0.03312751676113147,0.13568130135536194,0.11379213452158982,0.01315808972831789,-0.001039959475226393,4.703110218048096,5.077095985412598
26.889155626296997,9.613364219665527,2.5881690979003906,1.5738218692630266,0.6027241600255472,0.6009999853558838,-0.031653879384310336,0.14736367762088776,-0.015087528777770753,0.012456558309864363,-0.003025542468130027,4.051625728607178,4.808689117431641
26.900936365127563,9.613152503967285,2.594136953353882,1.5751906451550381,0.5975518757349234,0.6059999852441251,-0.02954239703683564,0.21114835143089294,-0.12813617205012579,0.011834212701961278,-0.004394318360141591,3.553379535675049,4.570888519287109
26.909051656723022,9.612844467163086,2.6000313758850098,1.5762686020970875,0.5903473615621184,0.6109999851323664,-0.02663205608314876,0.2910338342189789,-0.2553876751053836,0.011202792765999448,-0.005472275302190965,5.694363594055176,4.6019392013549805
26.91966676712036,9.612410545349121,2.605762004852295,1.5770108143309265,0.5747231392431398,0.6159999850206077,-0.02423420771572694,0.23978492617607117,-0.2475408405884264,0.010546211088419355,-0.006214487536029933,9.291259765625,4.657784938812256
26.928534507751465,9.611753463745117,2.6113550662994385,1.5776202579062641,0.5631599626862165,0.620999984908849,-0.02223344198639376,0.2000766396522522,-0.21030959162396545,0.00970630029984143,-0.006823931111367587,12.017351150512695,4.597384452819824
26.93879985809326,9.610857009887695,2.6168549060821533,1.5781686271950344,0.5572847783445413,0.6259999847970903,-0.019803394488334992,0.24300478398799896,-0.2524705117677084,0.008645339802125562,-0.00737230040013781,3.8038763999938965,4.518124580383301
26.949178218841553,9.609831809997559,2.6222877502441406,1.578456432386487,0.5530496010468832,0.6309999846853316,-0.017257404421498812,0.2545989155769348,-0.28576562051840054,0.007533800793700252,-0.00766010559159036,-2.178435802459717,3.646404981613159
26.95845317840576,9.608795166015625,2.6275877952575684,1.5785214897231634,0.5400608981190975,0.6359999845735729,-0.01483992954384542,0.24174746870994568,-0.2901445207915044,0.0064776401882458146,-0.00772516292826686,0.21738886833190918,3.550380229949951
26.969050884246826,9.607806205749512,2.6327078342437744,1.5785541312924056,0.5214762981006219,0.6409999844618142,-0.012553876892803312,0.22860535979270935,-0.2850951857331221,0.00547888774479155,-0.00775780449750907,4.479703426361084,3.447204828262329
26.978811740875244,9.606821060180664,2.6376800537109375,1.5784535729819804,0.5069001736985893,0.6309999846853316,-0.01036601792255539,0.2187858372926712,-0.28032041151964493,0.004523908772998908,-0.007657246187083856,7.93839168548584,3.372523069381714
26.988696813583374,9.605742454528809,2.6426198482513428,1.5779946963604454,0.505627333432234,0.6359999845735729,-0.00821147285316931,0.21545453369617462,-0.2821217651904073,0.003582962308820825,-0.007198369565548868,3.753966808319092,3.282891035079956
26.999162673950195,9.604602813720703,2.6475071907043457,1.5772643395457502,0.5019586037952861,0.6409999844618142,-0.006102118319847322,0.21093544363975525,-0.28431501192477465,0.0026624234249457146,-0.0064680127508536245,-1.5791139602661133,3.148834466934204
27.008795738220215,9.603528022766113,2.652205467224121,1.5765547568780405,0.4821085938668477,0.6459999843500555,-0.004125420786399171,0.19766974449157715,-0.27701607633538994,0.001800503288492905,-0.005758430083143917,1.8705828189849854,3.007664918899536
27.019329071044922,9.602520942687988,2.6566967964172363,1.5758678228211853,0.4603959136136242,0.6509999842382967,-0.002290723285514063,0.1834697276353836,-0.2654582945939653,0.0009995004020559861,-0.005071496026288758,4.758743762969971,2.9231374263763428
27.028828144073486,9.601497650146484,2.661071538925171,1.574988088665325,0.4494938735512062,0.655999984126538,-0.0005502228672749383,0.17405006289482117,-0.25721894667803413,0.0002401252679984367,-0.004191761870428357,5.803886890411377,2.860494375228882
27.039199352264404,9.600371360778809,2.665435552597046,1.5737360906847175,0.4511392598614057,0.6609999840147793,0.0011708923352859953,0.17211152613162994,-0.2575162203095912,-0.0005105671178355919,-0.002939763889820979,3.6704940795898438,2.7721192836761475
27.048595190048218,9.599181175231934,2.6697516441345215,1.5722203936972878,0.44838589939405527,0.6509999842382967,0.0028567574268866906,0.16858649253845215,-0.2584153041237354,-0.0012460446943851622,-0.0014240669023912744,3.523344039916992,2.642181396484375
27.058727025985718,9.598047256469727,2.6739017963409424,1.5707050280619055,0.43074291823535876,0.655999984126538,0.004445804768246188,0.15890473127365112,-0.2527161582682096,-0.0019253539104138184,9.129873299107416e-05,3.1235859394073486,2.304572343826294
27.069239139556885,9.597281455993652,2.678074836730957,1.5693138478486823,0.4248354466590479,0.6609999840147793,0.0052067943650038915,0.07609894871711731,-0.16564326697944465,-0.0022738004853888327,0.0014824789462142274,3.293719530105591,2.3444838523864746
27.078834056854248,9.596795082092285,2.6822991371154785,1.5677630475011952,0.4259600273963975,0.6659999839030206,0.005270357403395909,0.006356311962008476,-0.06542566973699077,-0.0022949355150299056,0.003033279293701341,3.430356740951538,2.5352652072906494
27.089207410812378,9.596492767333984,2.6866226196289062,1.566175658195772,0.4341301820791517,0.6709999837912619,0.005213646317336227,-0.005671118386089802,-0.02127094818905259,-0.002121037018969929,0.004620668599124578,3.5636038780212402,2.688450336456299
27.098909616470337,9.596308708190918,2.6910436153411865,1.5646291407653998,0.44317659898923667,0.6759999836795032,0.005318019772422216,0.01043733861297369,-0.023836910688624237,-0.0018411477284043798,0.0061671860294967296,3.685678005218506,2.8496897220611572
27.108732223510742,9.596226692199707,2.695568561553955,1.563142217038821,0.4531802560110904,0.6809999835677445,0.005564672274366653,0.02466524764895439,-0.038791141126009995,-0.001477097294356966,0.00765410975607561,3.791478157043457,3.0109758377075195
27.118883848190308,9.596233367919922,2.700200319290161,1.561743312416691,0.46370451635359805,0.6859999834559858,0.005927823814138662,0.03631516918540001,-0.05507643986249135,-0.0010507648643898193,0.009053014378205495,3.8835952281951904,3.1638405323028564
27.129213571548462,9.59631633758545,2.704939842224121,1.5604416651069226,0.47448051787679263,0.6909999833442271,0.006369256954023969,0.044143322855234146,-0.06798781584344007,-0.000577319418693989,0.010354661687973943,3.9663679599761963,3.3088531494140625
27.139315128326416,9.596466064453125,2.7097887992858887,1.5592391471778884,0.48549179535044557,0.6959999832324684,0.006860447530937937,0.049119073897600174,-0.07706540290166643,-6.685884495638561e-05,0.011557179617008195,4.042215824127197,3.446719169616699
27.149085760116577,9.596673965454102,2.7147483825683594,1.5581356471526555,0.4966960725348294,0.7009999831207097,0.007377470638537897,0.05170231685042381,-0.08259738536493434,0.0004720678767924369,0.012660679642241046,4.114788055419922,3.57912015914917
27.158735513687134,9.596933364868164,2.7198197841644287,1.5571275525867905,0.508051768225179,0.705999983008951,0.007906602017615384,0.052913110703229904,-0.08570708866752497,0.0010338694412528326,0.013668774208106083,4.181366443634033,3.7064456939697266
27.16914176940918,9.597238540649414,2.7250025272369385,1.5562174623155092,0.5193593730692045,0.7109999828971922,0.008432063973829527,0.052546177059412,-0.08648106444980573,0.0016120450628864802,0.014578864479387386,4.246368408203125,3.829486608505249
27.17857050895691,9.597585678100586,2.7302968502044678,1.5554002985593958,0.5307204954108056,0.7159999827854335,0.008946690648229085,0.05146269127726555,-0.08582862168222559,0.002204304101454113,0.015396028235500792,4.30905818939209,3.948594808578491
27.18883442878723,9.597970008850098,2.7357025146484375,1.5546741824922832,0.5420567974643058,0.7209999826736748,0.009443509365599763,0.04968186095356941,-0.08402652906282104,0.0028064426173664003,0.016122144302613384,4.370741367340088,4.063599586486816
27.19906497001648,9.598389625549316,2.7412192821502686,1.5540355796612033,0.553345496663153,0.7259999825619161,0.009918016965902459,0.047450821846723557,-0.08140309382372772,0.0034176142690611755,0.016760747133693243,4.462785243988037,4.15196418762207
27.208693504333496,9.598831176757812,2.7468419075012207,1.5534211361887644,0.5640556059414665,0.7309999824501574,0.010393818108203171,0.04758007079362869,-0.08102251419080839,0.004043471667499077,0.01737519060613213,4.552589416503906,4.237238883972168
27.218698501586914,9.599292755126953,2.7525737285614014,1.552792049200406,0.5751388636997473,0.7359999823383987,0.010904820748247581,0.051100268959999084,-0.0849451409624876,0.004693746602089988,0.018004277594490636,4.639480113983154,4.327187538146973
27.229055643081665,9.599769592285156,2.7584125995635986,1.5521498171437724,0.58589357505386,0.74099998222664,0.011433263058702231,0.05284421890974045,-0.08831953207617439,0.005363221023717557,0.018646509651124132,4.724174499511719,4.4007673263549805
27.238852500915527,9.600259780883789,2.764357328414917,1.5514948131537722,0.5965835330688375,0.7459999821148813,0.011972706111846561,0.05394428223371506,-0.09086427500935214,0.006049875445395259,0.019301513641124316,4.6613450050354,4.27727746963501
27.248804092407227,9.600635528564453,2.770451307296753,1.5507757028825846,0.6106404009455568,0.7509999820031226,0.012171026954837443,0.0198320634663105,-0.05530523375737019,0.006641314507477958,0.020020623912311963,4.723339080810547,4.369564533233643
27.259002923965454,9.600895881652832,2.7766947746276855,1.5500564977841247,0.6249918747308064,0.7559999818913639,0.012069866497421346,-0.010116003453731537,-0.011978788614967761,0.0071173843136289605,0.02073982901077187,4.782066822052002,4.452508926391602
27.2694034576416,9.601164817810059,2.7830474376678467,1.5493825393037925,0.6359044659749784,0.7609999817796052,0.011912202179934269,-0.015766438096761703,0.008292555991953245,0.007588463103719079,0.021413787491104008,4.861752986907959,4.525814533233643
27.278780460357666,9.601441383361816,2.7895069122314453,1.5487141072086494,0.646633739168236,0.7659999816678464,0.011732968089636713,-0.01792338863015175,0.01803939696866159,0.008065510859339042,0.02208221958624712,4.935439586639404,4.595641136169434
27.288427352905273,9.601723670959473,2.7960686683654785,1.5480378706492022,0.6568790546037269,0.7709999815560877,0.011543120751238185,-0.018984762951731682,0.023520689706669134,0.008550618434369994,0.022758456145694383,5.002171993255615,4.656768798828125
27.299139738082886,9.60201358795166,2.802722692489624,1.5473538491150614,0.6661011459208173,0.775999981444329,0.011343779279184814,-0.019934097304940224,0.027647823525606706,0.009045687132910984,0.023442477679835205,5.061349391937256,4.710794448852539
27.30861210823059,9.60230827331543,2.8094584941864014,1.5466613933654094,0.6743188383985884,0.7809999813325703,0.011135882588681086,-0.020789755508303642,0.03130894304986746,0.009548050440832512,0.024134933429487138,5.113179683685303,4.757914066314697
27.318453073501587,9.602609634399414,2.81626558303833,1.5459618544201128,0.6814739242139162,0.7859999812208116,0.010919549798357143,-0.021633287891745567,0.034857149118238624,0.010059210301159638,0.024834472374783756,5.158531665802002,4.798941612243652
27.3284592628479,9.60291576385498,2.8231356143951416,1.5452559153352046,0.6877578107633884,0.7909999811090529,0.010694875389303743,-0.022467417642474174,0.03839805093788059,0.01057705430342537,0.025540411459691992,5.197818756103516,4.834742069244385
27.339136838912964,9.603227615356445,2.8300600051879883,1.544545089959957,0.6932386474589991,0.7959999809972942,0.01046153286065131,-0.023334233090281487,0.04200807967629798,0.011102081915717932,0.026251236834939462,5.226500511169434,4.86860990524292
27.348971605300903,9.603544235229492,2.8370327949523926,1.5438395517505217,0.6980709050001201,0.8009999808855355,0.01021227468054942,-0.02492581121623516,0.046445641190173456,0.011630288347475926,0.026956775044374878,5.246229648590088,4.900906562805176
27.358683824539185,9.603866577148438,2.844048500061035,1.54315361987432,0.7023908607496787,0.8059999807737768,0.00993633835814596,-0.027593687176704407,0.05232383576521886,0.012158333148741818,0.027642706920576465,5.260566711425781,4.9318389892578125
27.369241952896118,9.604194641113281,2.8511033058166504,1.5424966022162663,0.7063281207823088,0.8109999806620181,0.009626918303848788,-0.030941961333155632,0.05942033863955211,0.012683425305985097,0.028299724578630277,5.272312641143799,4.961628437042236
27.379263877868652,9.60452938079834,2.8581950664520264,1.541873154211523,0.7100215189625045,0.8159999805502594,0.009281069831672326,-0.034584883600473404,0.06726760790920008,0.013205122840078687,0.028923172583373624,5.282639980316162,4.990390777587891
27.389383554458618,9.604869842529297,2.8653218746185303,1.5412847539668626,0.7135514795278287,0.8209999804385006,0.008897963130675724,-0.03831060975790024,0.07550265961581515,0.013722029303638195,0.02951157282803396,5.291937828063965,5.018186569213867
27.4000084400177,9.605215072631836,2.8724825382232666,1.5407320608708281,0.7169517418583138,0.8264999804086983,0.00847758829437334,-0.042037542909383774,0.08392639801425339,0.014232993775960878,0.030064265924068412,5.300291061401367,5.045037269592285
27.409852981567383,9.60556697845459,2.8796756267547607,1.5402157233643952,0.7202215293642243,0.8309999802149832,0.008019855382915804,-0.04577328637242317,0.09249761311108147,0.014739729642398558,0.030580603430501396,5.308652400970459,5.073549270629883
27.419379234313965,9.605923652648926,2.8869001865386963,1.53973573401637,0.723383956798196,0.8359999801032245,0.007525176646334029,-0.04946780577301979,0.10113980473370238,0.015240332253224409,0.031060592778526575,5.314298629760742,5.096045017242432
27.42890977859497,9.60628604888916,2.8941550254821777,1.5392927465847894,0.7264192233039154,0.8259999803267419,0.00699337413483455,-0.05318029969930649,0.1098961371209116,0.015735559703088597,0.03150358021010713,5.320488452911377,5.120310306549072
27.438512086868286,9.606653213500977,2.9014391899108887,1.5388867592181363,0.7293566648429922,0.8159999805502594,0.006425031048109344,-0.05683429539203644,0.11869669220692891,0.01622445930791372,0.03190956757676022,5.310675144195557,5.139900207519531
27.44917368888855,9.60700798034668,2.908738851547241,1.538527615669855,0.7308840374217651,0.8059999807737768,0.0057495002154415225,-0.06755310297012329,0.13517894974882752,0.016686913750071142,0.03226871112504148,5.259456634521484,5.134615421295166
27.45884943008423,9.607329368591309,2.9160315990448,1.5382480680332578,0.7301048759619794,0.7959999809972942,0.004865574878858695,-0.08839244395494461,0.16507878797575437,0.017092122247515107,0.032548258761638804,5.18412971496582,5.122910022735596
27.46918797492981,9.607640266418457,2.923320770263672,1.5380778307190934,0.7296511095783468,0.7859999812208116,0.003840930895116196,-0.10246443003416061,0.19217299519952585,0.017454064077453424,0.03271849607580313,5.092586994171143,5.107787132263184
27.479246616363525,9.607941627502441,2.930593967437744,1.5380439469633542,0.7280005906143756,0.775999981444329,0.002658873781620335,-0.1182057186961174,0.22048413784516946,0.017765584842125648,0.03275237983154233,4.98013162612915,5.084680557250977
27.488734483718872,9.608233451843262,2.937837600708008,1.538163028378043,0.7249666943184567,0.7659999816678464,0.001305427362785767,-0.13534463942050934,0.2509583492401515,0.018021703848379644,0.032633298416853584,4.855823040008545,5.058956146240234
27.499509811401367,9.60851764678955,2.945040464401245,1.5384583234712563,0.7208524554616297,0.7559999818913639,-0.00022427231024666248,-0.15296997129917145,0.2829136320178165,0.018217357007427992,0.03233800332364023,4.72745943069458,5.034128189086914
27.508684873580933,9.608795166015625,2.9521939754486084,1.5389416731260464,0.7158976211356217,0.7459999821148813,-0.0019193826265498273,-0.16951106488704681,0.3144538205418814,0.018349946022224728,0.03185465366885021,4.596543312072754,5.011703968048096
27.518704891204834,9.609068870544434,2.959291696548462,1.5396219799335615,0.7103204087474284,0.7359999823383987,-0.0037618188486823866,-0.1842435598373413,0.34419163814421594,0.01841965985273042,0.031174346861335023,4.463307857513428,4.992271900177002
27.528791189193726,9.609338760375977,2.9663283824920654,1.5405078612220882,0.7042301501981411,0.7259999825619161,-0.005733111769633447,-0.19712936878204346,0.37160987443255156,0.018423910793037734,0.0302884655728084,4.328768253326416,4.976397514343262
27.53928256034851,9.609607696533203,2.973299503326416,1.5416078476649184,0.6977256560690369,0.7159999827854335,-0.007815037610003751,-0.2081925868988037,0.3965212635557386,0.018362996943654508,0.029188479129978125,4.1945013999938965,4.9650750160217285
27.549546241760254,9.609874725341797,2.9802005290985107,1.542929050747666,0.6908458578581861,0.705999983008951,-0.009994329432081993,-0.2179291993379593,0.41934466037021545,0.01823382613244995,0.027867276047230494,4.063187122344971,4.959294319152832
27.558730602264404,9.610145568847656,2.987032413482666,1.544477996409234,0.6840455385221361,0.6959999832324684,-0.012238298527944612,-0.22439683973789215,0.4380705344589112,0.018040156519404604,0.026318330385662444,3.936997413635254,4.959346771240234
27.568817377090454,9.610420227050781,2.9937937259674072,1.5462549970851085,0.6771696093188915,0.6859999834559858,-0.014531702970888051,-0.22934043407440186,0.453885938072766,0.017781886952217718,0.024541329709788066,3.81656813621521,4.965678691864014
27.578623056411743,9.610698699951172,3.00048565864563,1.5482606015076348,0.6704542011911091,0.6759999836795032,-0.016853024144978888,-0.232132226228714,0.4664249605958252,0.017458845303432113,0.022535725287261776,3.7037577629089355,4.978548049926758
27.588874578475952,9.610982894897461,3.007110357284546,1.550493607142496,0.6640153559453486,0.6659999839030206,-0.01918130515963966,-0.23282800614833832,0.47557970665781024,0.017073292362320913,0.020302719652400603,3.5990567207336426,4.9972357749938965
27.59922480583191,9.611273765563965,3.013671636581421,1.5529498616910251,0.6579831613313452,0.655999984126538,-0.021496568421303444,-0.2315264344215393,0.4813693826926751,0.01662742089798286,0.017846465103871445,3.5026817321777344,5.021900653839111
27.608761072158813,9.611570358276367,3.020174264907837,1.5556252621071611,0.6524610141745316,0.6459999843500555,-0.023782672983161265,-0.22861024737358093,0.48415855098670035,0.016121503095172685,0.015171064687735436,3.4155631065368652,5.052994251251221
27.61873960494995,9.611873626708984,3.026623010635376,1.5585147669653245,0.6474792304826154,0.6359999845735729,-0.02602206865526438,-0.22393961250782013,0.48386624790861643,0.01555800203304969,0.01228155982957202,3.337839365005493,5.090292930603027
27.628743410110474,9.612183570861816,3.0330238342285156,1.5616128742643562,0.6430948213802012,0.6259999847970903,-0.02819869197571006,-0.21766243875026703,0.48058351266913923,0.01493856789645065,0.009183452530540315,3.295164108276367,5.795920372009277
27.638784408569336,9.612468719482422,3.0393667221069336,1.5647783131746313,0.6374395504111773,0.6159999850206077,-0.030275708462660023,-0.20770157873630524,0.4721744454996894,0.014274112670955574,0.006018013620265217,3.2460672855377197,5.79911994934082
27.649113178253174,9.612722396850586,3.045670747756958,1.5680188082280235,0.6336353206305136,0.6059999852441251,-0.03227548890655913,-0.1999780535697937,0.4642444011995367,0.013555651349275166,0.0027775185668730273,3.9150946140289307,6.170707702636719
27.65889620780945,9.613091468811035,3.05183482170105,1.5713182272611899,0.6188379946097345,0.6109999851323664,-0.032100225637382115,0.017526274546980858,0.2302158388475413,0.012934898678254925,-0.0005219004662933013,4.5331902503967285,5.224201679229736
27.668780088424683,9.613039016723633,3.0579922199249268,1.5734768461101245,0.6170896815432272,0.6159999850206077,-0.030738441710425432,0.13617847859859467,0.02946656158136976,0.012234861892066462,-0.0026805193152279476,3.6113078594207764,4.927131175994873
27.678529024124146,9.612893104553223,3.064089298248291,1.5750175349722806,0.6104249560638471,0.620999984908849,-0.02866826385088863,0.20701776444911957,-0.1125327653342186,0.011626745860805698,-0.004221208177384028,3.5227553844451904,4.665389537811279
27.688611030578613,9.612676620483398,3.070072889328003,1.5762717092570273,0.5990041738295729,0.6259999847970903,-0.025819714635305666,0.28485482931137085,-0.24620856518818682,0.011034013952293975,-0.005475382462130751,5.840916633605957,4.714557647705078
27.699738264083862,9.61231803894043,3.0758755207061768,1.577250328863956,0.5814843765670582,0.6309999846853316,-0.02374885886177823,0.20708559453487396,-0.2116804361762088,0.010381851761479766,-0.00645400206905955,9.638961791992188,4.779496192932129
27.708754301071167,9.611724853515625,3.081549644470215,1.5781765553975877,0.5705271684243591,0.6359999845735729,-0.02176151278463361,0.19873453676700592,-0.19959073992619925,0.009510805033993819,-0.007380228602691163,4.018870830535889,4.702048301696777
27.71906852722168,9.610932350158691,3.0871376991271973,1.5789859458018287,0.5644135548119487,0.6409999844618142,-0.019394291023446728,0.23672233521938324,-0.2440834431491046,0.008475491920350464,-0.008189619006932158,-0.22410570085048676,4.573831081390381
27.729004621505737,9.610105514526367,3.09256649017334,1.5795879338824974,0.549147231933614,0.6459999843500555,-0.017091775443071656,0.2302514910697937,-0.25849646002318905,0.007468066376157267,-0.00879160708760085,-7.280074119567871,4.332896709442139
27.739267349243164,9.609297752380371,3.0977845191955566,1.5800960979810508,0.5280280349584735,0.6509999842382967,-0.014917068694677548,0.21747073531150818,-0.25678811360051446,0.006507861239233748,-0.009299771186154215,-2.4965085983276367,3.531533718109131
27.749332189559937,9.608494758605957,3.1028501987457275,1.5804440950424918,0.5129481106921715,0.655999984126538,-0.012823179990750722,0.20938892662525177,-0.2548190102921192,0.005600473031909914,-0.009647768247595279,5.279321193695068,3.448026657104492
27.75864052772522,9.607682228088379,3.1077616214752197,1.5806295135615636,0.49782370120292296,0.6609999840147793,-0.010838440080731314,0.1984739452600479,-0.2493520096205675,0.004732319597458456,-0.009833186766667001,9.382508277893066,3.3694090843200684
27.769143104553223,9.606770515441895,3.1126348972320557,1.5804454749185117,0.4957951323516366,0.6659999839030206,-0.008877262447793167,0.19611771404743195,-0.25152580949735054,0.0038758159243084123,-0.009649148123615172,3.650257110595703,3.2945964336395264
27.779024600982666,9.605777740478516,3.117471218109131,1.5799605331736042,0.4937536166526836,0.655999984126538,-0.0069379424261919,0.19393204152584076,-0.255897110238152,0.0030285170464718902,-0.009164206378707629,-1.7392621040344238,3.1641597747802734
27.789103984832764,9.60482120513916,3.122145414352417,1.5794578683260332,0.4771645852012459,0.6609999840147793,-0.005091446249767883,0.18464961647987366,-0.2531504199105629,0.002222775170137581,-0.00866154153113663,1.6923764944076538,3.025601387023926
27.79912781715393,9.603922843933105,3.126617431640625,1.5789756711051783,0.45620751306400587,0.6659999839030206,-0.0033645123695620043,0.1726933717727661,-0.24509621495946327,0.0014690680005209344,-0.008179344310281778,4.810136795043945,2.9410483837127686
27.808879137039185,9.602999687194824,3.1309754848480225,1.578301379450606,0.4455798059317574,0.6709999837912619,-0.0017145652119512913,0.1649947166442871,-0.23955627878622818,0.0007481925344627882,-0.007505052655709444,6.8147382736206055,2.877438545227051
27.818970918655396,9.601969718933105,3.1353228092193604,1.5772558453499486,0.4470790819898151,0.6759999836795032,-7.06402202747805e-05,0.16439251601696014,-0.24195300421830745,3.187684285599346e-05,-0.006459518555052002,3.6100149154663086,2.800644636154175
27.82872748374939,9.600859642028809,3.139638900756836,1.5759196747997175,0.4461825255558488,0.6659999839030206,0.0015567879203155284,0.16274282336235046,-0.24537857539409513,-0.0006773556485857313,-0.005123348004820948,-0.6473255157470703,2.6701626777648926
27.83897638320923,9.599793434143066,3.1437816619873047,1.574598118651081,0.4282667032613634,0.6709999837912619,0.003090187130564781,0.1533399075269699,-0.24069042093490428,-0.0013471006663081653,-0.0038017918561843445,3.2681422233581543,2.532768964767456
27.84922504425049,9.598793983459473,3.1477160453796387,1.5733257975008745,0.4064714915071724,0.6759999836795032,0.0045078274515527135,0.14176402986049652,-0.23095668877762157,-0.0019648569431147678,-0.002529470705977976,4.5718092918396,2.4720261096954346
27.859012365341187,9.597747802734375,3.1515731811523438,1.5718201747174025,0.40037367724069006,0.6809999835677445,0.005868949894312081,0.13611222803592682,-0.22557919226365364,-0.0025593515887134544,-0.0010238479225059827,3.1006062030792236,2.1594769954681396
27.869272708892822,9.596749305725098,3.1554694175720215,1.5701015369360094,0.4022506772484307,0.6859999834559858,0.007100754523395285,0.12318048626184464,-0.21321899088630447,-0.003042257334005427,0.0006947898588871569,2.995027780532837,2.1228604316711426
27.87894296646118,9.596096992492676,3.1593918800354004,1.5685469189957635,0.3983885937471298,0.6909999833442271,0.007390136952673021,0.028938228264451027,-0.11052722944659996,-0.003228185736665168,0.002249407799133074,2.9365859031677246,2.131535291671753
27.88995051383972,9.59571361541748,3.1632423400878906,1.5670624098666057,0.3876943340741924,0.6959999832324684,0.007250126595274413,-0.014001069590449333,-0.03317183457782322,-0.0031662121069686577,0.003733916928290837,3.000929355621338,2.2931766510009766
27.901283979415894,9.595470428466797,3.1671082973480225,1.5657792641492365,0.38791843270919973,0.7009999831207097,0.007089119136338889,-0.016100717708468437,-0.006269815365050422,-0.0030244590536998572,0.005017062645660043,3.137155055999756,2.4710307121276855
27.909504890441895,9.595340728759766,3.1710665225982666,1.5645943230489787,0.3964655978449413,0.705999983008951,0.007085379356670837,-0.00037395479739643633,-0.013620742449863117,-0.0027986820443928195,0.006202003745917839,3.2835326194763184,2.6275367736816406
27.919960498809814,9.595316886901855,3.1751341819763184,1.5634182482617514,0.4072103582780861,0.7109999828971922,0.007242441439104529,0.015706215053796768,-0.03195482940726272,-0.00246970961981674,0.007378078533145206,3.403508424758911,2.790966272354126
27.932926654815674,9.595382690429688,3.179314374923706,1.562306350654787,0.41844846638790817,0.7159999827854335,0.007542389469398503,0.02999480813741684,-0.052070292075633906,-0.002070347325913602,0.0084899761401096,3.4884448051452637,2.9151651859283447
27.94201111793518,9.595524787902832,3.1836085319519043,1.561270166378948,0.42996860451522284,0.7209999826736748,0.007940296178172596,0.03979065641760826,-0.06827390055356958,-0.001617407196059517,0.009526160415948448,3.6053736209869385,3.0913853645324707
27.952251195907593,9.595731735229492,3.188019275665283,1.560310506783887,0.4418222727475605,0.7259999825619161,0.00840481863734536,0.046452224254608154,-0.08021148824755736,-0.001122576413951748,0.010485820011009617,3.6926987171173096,3.2310268878936768
27.963492155075073,9.595996856689453,3.192547082901001,1.5594327031450046,0.45375619021867963,0.7309999824501574,0.008909066090951847,0.0504247322678566,-0.08818323599891773,-0.0005941295854441364,0.011363623649891963,3.7724103927612305,3.364854574203491
27.97439432144165,9.596312522888184,3.1971919536590576,1.558641255759696,0.4657145871620595,0.7359999823383987,0.009432282781000327,0.0523216687142849,-0.09287919481764319,-4.1045593597743846e-05,0.012155071035200526,3.8511269092559814,3.4939041137695312
27.983645915985107,9.596672058105469,3.2019550800323486,1.5579281105904275,0.4778087085316727,0.74099998222664,0.009965616425907122,0.053333383053541183,-0.09573103770115012,0.0005324164246598428,0.012868216204469096,3.9240448474884033,3.6184639930725098
27.99428915977478,9.59707260131836,3.206835985183716,1.5572976173424131,0.4898233439896578,0.7459999821148813,0.01049473593599989,0.05291200056672096,-0.0965608292329808,0.0011220911717515492,0.013498709452483437,4.021774768829346,3.7201054096221924
28.003600358963013,9.597504615783691,3.2118332386016846,1.55670028081105,0.5016670115555284,0.7509999820031226,0.011040822089902287,0.054608605802059174,-0.0990626424331701,0.0017332895370678614,0.014096045983846617,4.121463775634766,3.8141090869903564
28.01385521888733,9.5979585647583,3.216945171356201,1.5560868078649108,0.5132861114918283,0.7559999818913639,0.011624118569895783,0.058329615741968155,-0.1042629554839643,0.0023712613041269037,0.014709518929985732,4.217739105224609,3.905085563659668
28.02383065223694,9.598430633544922,3.2221715450286865,1.5554577549621593,0.5248640359164325,0.7609999817796052,0.012234900780768023,0.061078209429979324,-0.10930110827928721,0.0030320246602073553,0.015338571832737236,4.311323165893555,3.9936916828155518
28.03419303894043,9.598918914794922,3.227513074874878,1.5548131689544216,0.536455238711429,0.7659999816678464,0.012865279656391627,0.06303783506155014,-0.11349196998611523,0.003713657995730202,0.01598315784047499,4.2551069259643555,3.8661701679229736
28.044275999069214,9.59926986694336,3.233017683029175,1.5540903491570706,0.5517057806297458,0.7709999815560877,0.013076074885264286,0.021079571917653084,-0.07022458011218047,0.004281427114655401,0.016705977637825997,4.321166038513184,3.956327438354492
28.053748846054077,9.599507331848145,3.238680839538574,1.5533555599192808,0.5669112559661397,0.775999981444329,0.01303270693319123,-0.004336758982390165,-0.029495453922281444,0.004739296657936265,0.0174407668756158,4.387747764587402,4.044984817504883
28.06378197669983,9.599753379821777,3.2444608211517334,1.5526590192506216,0.5786239286813827,0.7809999813325703,0.012941163690758024,-0.009154357016086578,-0.011049105294338762,0.005194273765786406,0.018137307544275005,4.461283206939697,4.131130695343018
28.0736825466156,9.600008964538574,3.2503578662872314,1.5519866759780372,0.5903694921258735,0.7859999812208116,0.01281229363121203,-0.01288698986172676,-0.0003406529451357339,0.005651527044008731,0.01880965081685937,4.546996593475342,4.209943771362305
28.083832502365112,9.600271224975586,3.2563698291778564,1.5513146521818066,0.6018561238979757,0.7909999811090529,0.01266523149442395,-0.014706152491271496,0.006092011184885418,0.006115357667031418,0.019481674613089917,4.6312384605407715,4.287178039550781
28.093361377716064,9.600542068481445,3.26249361038208,1.550630944680515,0.6130698810710415,0.7959999809972942,0.012509736506788034,-0.015549495816230774,0.01025919102603666,0.006591273118889518,0.020165382114381458,4.714077472686768,4.363043785095215
28.103786945343018,9.600818634033203,3.2687273025512695,1.5499350746134462,0.6240863758168966,0.8009999808855355,0.012345907363526509,-0.01638294756412506,0.013775199974149555,0.007076555765177517,0.020861252181450407,4.795669078826904,4.43768310546875
28.114680528640747,9.601103782653809,3.27506947517395,1.5492270664371874,0.6349386716902836,0.8059999807737768,0.012173493180392087,-0.01724143885076046,0.017164683995909626,0.0075740590362158855,0.02156926035770912,4.8762078285217285,4.511272430419922
28.123694896697998,9.601394653320312,3.2815182209014893,1.548507276898809,0.6456452096810846,0.8109999806620181,0.01199223802216165,-0.01812542974948883,0.02058279312934544,0.00808081464094812,0.022289049896087487,4.9557271003723145,4.583840370178223
28.1343731880188,9.601694107055664,3.2880725860595703,1.547775564741963,0.6562100619406301,0.8159999805502594,0.011801888586162247,-0.019035017117857933,0.02408006725211076,0.008599725688752002,0.02302076205293346,5.034195423126221,4.655353546142578
28.144216060638428,9.60200023651123,3.2947309017181396,1.5470324580394876,0.6666284176869407,0.8209999804385006,0.01160218848588236,-0.019970029592514038,0.02766968864403246,0.009128726158468936,0.023763868755408923,5.111649513244629,4.725844383239746
28.153659343719482,9.602313995361328,3.3014914989471436,1.546277981473003,0.6769051252436074,0.8259999803267419,0.011392883536910392,-0.020930549129843712,0.03135739905971375,0.009668762020792698,0.024518345321893564,5.188109397888184,4.795329570770264
28.164046049118042,9.602635383605957,3.3083534240722656,1.5455123288139738,0.687043900589635,0.8309999802149832,0.011173715811792996,-0.021916765719652176,0.03514565627071671,0.010219774847655572,0.025283997980922734,5.2631731033325195,4.864008903503418
28.174486875534058,9.602964401245117,3.3153152465820312,1.5447361937641984,0.6970455739461722,0.8359999801032245,0.01094393347269326,-0.0229781586676836,0.03908857934178035,0.01078155627277333,0.026060133030698207,5.335029125213623,4.930916786193848
28.184680223464966,9.603301048278809,3.3223743438720703,1.5439525992494851,0.7068200491891391,0.8409999799914658,0.010701225498789583,-0.02427086979150772,0.04337020177255522,0.011353199416955562,0.026843727545411422,5.403011798858643,4.992377281188965
